tamanho,geracao,melhor,media,pior
4,0,22.741853701853692,1.7576082063698402,0
4,1,23.67767195767195,4.715889935696536,0
4,2,24.323597883597873,9.060743120170455,0
4,3,24.854179894179886,14.071685650387822,0
4,4,24.969523809523803,17.74402077819853,0
4,5,25.177142857142847,19.835533094294433,0
4,6,25.177142857142847,20.429843768993365,0
4,7,25.384761904761895,20.771848348202187,0
4,8,25.592380952380942,20.846875307931764,0
4,9,25.79999999999999,21.482779527711525,0
4,10,25.79999999999999,21.446185440416567,0
4,11,25.79999999999999,21.350943790271007,0
4,12,25.79999999999999,21.546848725214023,0
4,13,25.79999999999999,22.247962498770494,0
4,14,25.79999999999999,21.913658217250497,0.3755555555555556
4,15,25.79999999999999,22.07984076995823,0
4,16,25.79999999999999,21.80854915927616,0.4636363636363636
4,17,25.79999999999999,22.031804622056743,0
4,18,25.79999999999999,21.860701595874616,0
4,19,25.79999999999999,22.13011002390139,0
4,20,25.79999999999999,21.9429901588692,0
4,21,25.79999999999999,21.9824906960881,0
4,22,25.79999999999999,21.75319869718307,0
4,23,25.79999999999999,22.363420283499753,0
4,24,25.79999999999999,21.88214899048877,0
4,25,25.79999999999999,22.095133921555682,0
4,26,25.79999999999999,22.251407073069302,0
4,27,25.79999999999999,22.583697903397915,0
4,28,25.79999999999999,22.222755183749005,0
4,29,25.79999999999999,22.106004790286065,0
4,30,25.79999999999999,22.169990318866326,0.86
4,31,25.79999999999999,21.789894863763173,0
4,32,25.79999999999999,22.381155767895336,0.32456140350877194
4,33,25.79999999999999,22.14344159045161,0.7023809523809524
4,34,25.79999999999999,22.191649285645617,0
4,35,25.79999999999999,21.744746702548944,0
4,36,25.79999999999999,22.322342994824915,0
4,37,25.79999999999999,22.136364214853497,0.86
4,38,25.79999999999999,22.460653081574343,0
4,39,25.79999999999999,21.872625051641787,0
4,40,25.79999999999999,21.714982986960727,0
4,41,25.79999999999999,22.245078836938514,0
4,42,25.79999999999999,22.23500862506078,0
4,43,25.79999999999999,22.092521882127496,0.04912280701754386
4,44,25.79999999999999,21.879949461690114,0
4,45,25.79999999999999,21.68111851497793,0
4,46,25.79999999999999,21.916021106778025,0
4,47,25.79999999999999,21.933397151819864,0
4,48,25.79999999999999,22.122148262713385,0.03181818181818182
4,49,25.79999999999999,22.372807202417082,0.2786666666666667
4,50,25.79999999999999,22.08481661932189,0
4,51,25.79999999999999,22.029674687592344,0
4,52,25.79999999999999,22.003036647509113,0
4,53,25.79999999999999,21.40503416497014,0
4,54,25.79999999999999,22.192731533444206,0
4,55,25.79999999999999,22.055724576083232,0
4,56,25.79999999999999,22.07558708704037,0
4,57,25.79999999999999,22.407358012988528,0
4,58,25.79999999999999,22.166251654722235,0
4,59,25.79999999999999,22.113703597169437,0
4,60,25.79999999999999,22.213570958968983,0
4,61,25.79999999999999,22.08720411714785,0.04761904761904762
4,62,25.79999999999999,22.230711664130887,0
4,63,25.79999999999999,22.238664720836656,0
4,64,25.79999999999999,21.907382640230296,0
4,65,25.79999999999999,22.02914114213654,0
4,66,25.79999999999999,22.222079014769218,0
4,67,25.79999999999999,22.205508121227655,0.6523809523809524
4,68,25.79999999999999,21.809752861229658,0
4,69,25.79999999999999,22.02107857543462,0
4,70,25.79999999999999,22.17102185589117,0
4,71,25.79999999999999,21.732784194955805,0
4,72,25.79999999999999,21.90483687939759,0.050980392156862744
4,73,25.79999999999999,22.04428160230248,0
4,74,25.79999999999999,22.037516888488952,0.04444444444444444
4,75,25.79999999999999,22.541648961537938,0
4,76,25.79999999999999,22.371207651295364,0
4,77,25.79999999999999,22.274122692082834,0
4,78,25.79999999999999,22.372765751573077,0
4,79,25.79999999999999,22.23251109557706,0
4,80,25.79999999999999,21.973879197485232,0
4,81,25.79999999999999,22.07178311154313,0
4,82,25.79999999999999,21.637309403666915,0
4,83,25.79999999999999,22.108403100580382,0
4,84,25.79999999999999,21.756608613288865,0
4,85,25.79999999999999,21.924603317665003,0
4,86,25.79999999999999,22.187042149264357,0
4,87,25.79999999999999,22.00497262268941,0
4,88,25.79999999999999,22.06585174344058,0
4,89,25.79999999999999,21.70374302217962,0
4,90,25.79999999999999,21.701396013142325,0
4,91,25.79999999999999,22.051011724034463,0
4,92,25.79999999999999,22.19987608097275,0
4,93,25.79999999999999,21.98528411583567,0.03125
4,94,25.79999999999999,21.648698823664347,0
4,95,25.79999999999999,22.144288308814033,0
4,96,25.79999999999999,21.86461612279637,0
4,97,25.79999999999999,22.422626646600015,0.0463768115942029
4,98,25.79999999999999,21.721666658698332,0
4,99,25.79999999999999,22.041949979966653,0.3755555555555556
4,100,25.79999999999999,22.033923679682356,0
4,101,25.79999999999999,21.949650747979987,0
4,102,25.79999999999999,21.98566664323533,0
4,103,25.79999999999999,21.913386629195664,0
4,104,25.79999999999999,22.06062037834947,0
4,105,25.79999999999999,21.84023410472738,0
4,106,25.79999999999999,22.131046151184176,0.86
4,107,25.79999999999999,22.209115581524745,0.537037037037037
4,108,25.79999999999999,22.1896969412979,0
4,109,25.79999999999999,22.067948296540056,0
4,110,25.79999999999999,22.038529072457564,0
4,111,25.79999999999999,21.899473322618398,0
4,112,25.79999999999999,22.144242801286158,0
4,113,25.79999999999999,22.117575725004517,0
4,114,25.79999999999999,22.094766870461903,0.030555555555555555
4,115,25.79999999999999,22.58093519553539,0
4,116,25.79999999999999,21.818469115171222,0
4,117,25.79999999999999,22.117888375969297,0
4,118,25.79999999999999,22.12103836876864,0
4,119,25.79999999999999,22.22651352172308,0
4,120,25.79999999999999,21.935381989650253,0
4,121,25.79999999999999,22.028765286760784,0
4,122,25.79999999999999,21.97414846621769,0
4,123,25.79999999999999,21.519142675114114,0
4,124,25.79999999999999,21.891234346332034,0
4,125,25.79999999999999,22.296653721436844,0.41282051282051285
4,126,25.79999999999999,22.338203501785923,0
4,127,25.79999999999999,22.13365572241273,0
4,128,25.79999999999999,22.22667291191055,0
4,129,25.79999999999999,21.913601375871565,0
4,130,25.79999999999999,22.116490016010736,0
4,131,25.79999999999999,22.32738200192467,0
4,132,25.79999999999999,21.915648257356274,0
4,133,25.79999999999999,22.559461208666733,0
4,134,25.79999999999999,22.52032679838377,0
4,135,25.79999999999999,21.865918187153266,0
4,136,25.79999999999999,21.795123871076765,0
4,137,25.79999999999999,21.72946455462958,0
4,138,25.79999999999999,21.848598843311443,0
4,139,25.79999999999999,22.343139137232882,0.4636363636363636
4,140,25.79999999999999,22.137973788722963,0
4,141,25.79999999999999,21.98864798298931,0
4,142,25.79999999999999,21.691303591210282,0
4,143,25.79999999999999,22.150485713337044,0
4,144,25.79999999999999,22.217546775822736,0
4,145,25.79999999999999,22.214008068179798,0
4,146,25.79999999999999,22.36178024797033,0.04761904761904762
4,147,25.79999999999999,21.71978600697019,0
4,148,25.79999999999999,22.114964554277744,0
4,149,25.79999999999999,22.617761609905777,0
4,150,25.79999999999999,22.16662372645317,0
4,151,25.79999999999999,22.26719226144437,0
4,152,25.79999999999999,22.098706040584066,0
4,153,25.79999999999999,22.010556540023824,0
4,154,25.79999999999999,21.961226564155865,0
4,155,25.79999999999999,22.171211152021694,0
4,156,25.79999999999999,21.742773260266745,0
4,157,25.79999999999999,22.029923496955014,0
4,158,25.79999999999999,22.009965176509063,0.86
4,159,25.79999999999999,22.122097672084106,0.05
4,160,25.79999999999999,21.77556320379588,0
4,161,25.79999999999999,22.34015348683499,0
4,162,25.79999999999999,21.746934531722538,0
4,163,25.79999999999999,21.615213130329266,0
4,164,25.79999999999999,22.028812673499292,0
4,165,25.79999999999999,21.944848550751757,0
4,166,25.79999999999999,21.88915435677109,0
4,167,25.79999999999999,22.552404500400108,0
4,168,25.79999999999999,21.61968100905674,0
4,169,25.79999999999999,21.875628357732023,0
4,170,25.79999999999999,22.06334356696017,0
4,171,25.79999999999999,22.07308972548823,0
4,172,25.79999999999999,21.609041498903434,0
4,173,25.79999999999999,22.022405866474447,0
4,174,25.79999999999999,22.321350619468884,0
4,175,25.79999999999999,21.498689446463594,0
4,176,25.79999999999999,22.032903911716723,0
4,177,25.79999999999999,21.912050874719803,0
4,178,25.79999999999999,21.884558070475823,0.537037037037037
4,179,25.79999999999999,22.429604963591036,0
4,180,25.79999999999999,21.977092496935008,0
4,181,25.79999999999999,21.979459971312924,0
4,182,25.79999999999999,22.039265100073827,0
4,183,25.79999999999999,21.995578426880492,0
4,184,25.79999999999999,22.057177853836155,0
4,185,25.79999999999999,22.131701895665127,0
4,186,25.79999999999999,21.834991187268376,0
4,187,25.79999999999999,22.110049203172885,0
4,188,25.79999999999999,22.0733418996694,0
4,189,25.79999999999999,22.420782242430754,0
4,190,25.79999999999999,21.921511808202304,0
4,191,25.79999999999999,21.776862086286947,0
4,192,25.79999999999999,21.889135923726396,0
4,193,25.79999999999999,22.04089176019295,0
4,194,25.79999999999999,21.956279523262683,0.04367816091954023
4,195,25.79999999999999,21.940973548665344,0.6523809523809524
4,196,25.79999999999999,22.33179755995587,0
4,197,25.79999999999999,21.947798358443197,0
4,198,25.79999999999999,22.01186305188666,0.4636363636363636
4,199,25.79999999999999,22.290591940942566,0
4,200,25.79999999999999,21.87337364437917,0
4,201,25.79999999999999,21.971695240202145,0
4,202,25.79999999999999,22.303493616130265,0
4,203,25.79999999999999,22.059393541396695,0
4,204,25.79999999999999,21.59700939416531,0
4,205,25.79999999999999,21.864949263152095,0
4,206,25.79999999999999,22.02644322789831,0
4,207,25.79999999999999,21.847255545850963,0
4,208,25.79999999999999,21.918551863611867,0
4,209,25.79999999999999,22.10458114297618,0
4,210,25.79999999999999,22.129005397390948,0
4,211,25.79999999999999,21.864628835291963,0
4,212,25.79999999999999,21.912775571005465,0
4,213,25.79999999999999,21.86493804231296,0
4,214,25.79999999999999,22.569409528634804,0
4,215,25.79999999999999,22.18827982690855,0
4,216,25.79999999999999,22.516141684203298,0
4,217,25.79999999999999,22.087455578518902,0
4,218,25.79999999999999,22.16598447012726,0
4,219,25.79999999999999,21.724550230942153,0
4,220,25.79999999999999,21.94769862403575,0
4,221,25.79999999999999,21.88217363166174,0
4,222,25.79999999999999,22.019218970979253,0
4,223,25.79999999999999,21.96222658168652,0
4,224,25.79999999999999,22.17949600633455,0
4,225,25.79999999999999,22.117504663281462,0
4,226,25.79999999999999,21.815220122136605,0
4,227,25.79999999999999,21.708017980494557,0
4,228,25.79999999999999,21.836912566318915,0
4,229,25.79999999999999,21.907063614599473,0
4,230,25.79999999999999,22.295164463716723,0
4,231,25.79999999999999,21.888056660507694,0
4,232,25.79999999999999,21.989885858033528,0.04487179487179487
4,233,25.79999999999999,21.81470545502815,0.04761904761904762
4,234,25.79999999999999,21.85897487074966,0
4,235,25.79999999999999,22.0799382982629,0
4,236,25.79999999999999,21.978735167848093,0
4,237,25.79999999999999,22.248359513571366,0
4,238,25.79999999999999,22.013412946509266,0
4,239,25.79999999999999,21.90527002699499,0.6523809523809524
4,240,25.79999999999999,22.201656484301953,0.052083333333333336
4,241,25.79999999999999,21.824082096262284,0
4,242,25.79999999999999,21.66303406903314,0
4,243,25.79999999999999,21.708430480603788,0
4,244,25.79999999999999,21.85608165510168,0.03111111111111111
4,245,25.79999999999999,22.054744864122124,0
4,246,25.79999999999999,22.052095500489635,0
4,247,25.79999999999999,22.027638338959324,0
4,248,25.79999999999999,22.013888207418518,0.4636363636363636
4,249,25.79999999999999,22.230053313341468,0
4,250,25.79999999999999,21.557489337755726,0
4,251,25.79999999999999,22.001570320932554,0
4,252,25.79999999999999,21.878782051385137,0
4,253,25.79999999999999,22.03449608259261,0
4,254,25.79999999999999,21.682671034632584,0
4,255,25.79999999999999,22.092297375430245,0
4,256,25.79999999999999,21.849217796238655,0
4,257,25.79999999999999,22.196139396539145,0.04533333333333334
4,258,25.79999999999999,21.405183608569395,0
4,259,25.79999999999999,21.631514856079125,0.046969696969696974
4,260,25.79999999999999,22.20622247378391,0
4,261,25.79999999999999,22.16224404191283,0
4,262,25.79999999999999,22.157850983971745,0
4,263,25.79999999999999,22.056358233182547,0.41282051282051285
4,264,25.79999999999999,21.834068185638177,0
4,265,25.79999999999999,21.575191217313627,0
4,266,25.79999999999999,21.878641156494318,0.0463768115942029
4,267,25.79999999999999,21.71000233775122,0
4,268,25.79999999999999,21.85678101446241,0
4,269,25.79999999999999,22.347280761170808,0.0463768115942029
4,270,25.79999999999999,21.92976939469161,0
4,271,25.79999999999999,22.058093604711036,0
4,272,25.79999999999999,21.807570757655352,0
4,273,25.79999999999999,21.860806324851115,0.537037037037037
4,274,25.79999999999999,21.678565151169867,0
4,275,25.79999999999999,22.048433293006266,0
4,276,25.79999999999999,21.955777020120344,0
4,277,25.79999999999999,22.167452268031884,0
4,278,25.79999999999999,21.90317416175464,0
4,279,25.79999999999999,21.837691318310608,0
4,280,25.79999999999999,21.722991474689035,0
4,281,25.79999999999999,22.026197763212405,0.04833333333333333
4,282,25.79999999999999,22.06975793778666,0
4,283,25.79999999999999,22.22002618997489,0
4,284,25.79999999999999,22.235735536868752,0.046969696969696974
4,285,25.79999999999999,21.972311476667667,0
4,286,25.79999999999999,21.79810517098757,0
4,287,25.79999999999999,22.172569270334304,0
4,288,25.79999999999999,21.7994732977079,0
4,289,25.79999999999999,22.046730842689026,0.86
4,290,25.79999999999999,22.293201124139006,0
4,291,25.79999999999999,22.37868805665152,0
4,292,25.79999999999999,22.096520721228945,0
4,293,25.79999999999999,21.96816035425132,0
4,294,25.79999999999999,21.995416503440616,0.3063492063492063
4,295,25.79999999999999,21.926347436576012,0
4,296,25.79999999999999,21.67401841461936,0
4,297,25.79999999999999,21.468369673807192,0
4,298,25.79999999999999,22.088753596162082,0
4,299,25.79999999999999,21.962162077243246,0
4,300,25.79999999999999,22.025345987977577,0
4,301,25.79999999999999,22.03281049887765,0
4,302,25.79999999999999,22.279966219527505,0
4,303,25.79999999999999,22.387720548880075,0
4,304,25.79999999999999,21.999878887366588,0.6523809523809524
4,305,25.79999999999999,22.39003552927615,0
4,306,25.79999999999999,21.814979453797367,0
4,307,25.79999999999999,22.26640694019621,0
4,308,25.79999999999999,22.500378187780754,0
4,309,25.79999999999999,22.23373762064235,0
4,310,25.79999999999999,21.92809822490018,0
4,311,25.79999999999999,22.3997082809355,0.5112554112554112
4,312,25.79999999999999,22.13816159534404,0
4,313,25.79999999999999,22.136141610347234,0
4,314,25.79999999999999,21.952755170637612,0.04761904761904762
4,315,25.79999999999999,22.04551293611424,0
4,316,25.79999999999999,21.906167984396106,0
4,317,25.79999999999999,22.562816819488464,0.34705882352941175
4,318,25.79999999999999,22.11341165982413,0
4,319,25.79999999999999,21.718370852696395,0
4,320,25.79999999999999,22.317790242770823,0
4,321,25.79999999999999,21.971664848906826,0
4,322,25.79999999999999,22.15989625121314,0
4,323,25.79999999999999,22.430209235465817,0
4,324,25.79999999999999,22.039831854800788,0
4,325,25.79999999999999,22.15156700252205,0
4,326,25.79999999999999,22.02150308851184,0
4,327,25.79999999999999,22.218418326697122,0
4,328,25.79999999999999,22.18313445566315,0
4,329,25.79999999999999,22.383481135552774,0
4,330,25.79999999999999,21.987230961907414,0
4,331,25.79999999999999,21.757382168546076,0
4,332,25.79999999999999,21.951770271609096,0
4,333,25.79999999999999,22.106976016537505,0
4,334,25.79999999999999,22.202409280542735,0
4,335,25.79999999999999,22.209600489730622,0
4,336,25.79999999999999,21.996899562517132,0
4,337,25.79999999999999,22.112631962728376,0
4,338,25.79999999999999,22.56551401488546,0.976395534290271
4,339,25.79999999999999,22.27580136383283,0
4,340,25.79999999999999,22.100310809811663,0
4,341,25.79999999999999,22.124719744001165,0
4,342,25.79999999999999,22.129990718702675,0.86
4,343,25.79999999999999,21.738030249983165,0
4,344,25.79999999999999,21.661453955196666,0
4,345,25.79999999999999,22.018464530218075,0
4,346,25.79999999999999,22.017187679624328,0
4,347,25.79999999999999,21.55986169942758,0
4,348,25.79999999999999,21.956600387867102,0.34705882352941175
4,349,25.79999999999999,22.117754948088567,0
4,350,25.79999999999999,22.383475243848277,0
4,351,25.79999999999999,21.946631961345602,0
4,352,25.79999999999999,22.356520359811107,0
4,353,25.79999999999999,22.09469726989257,0
4,354,25.79999999999999,22.275465650779665,0.6523809523809524
4,355,25.79999999999999,21.711570074432167,0
4,356,25.79999999999999,21.962746802043977,0
4,357,25.79999999999999,22.089271779114117,0
4,358,25.79999999999999,21.841284916979824,0
4,359,25.79999999999999,21.993526442599226,0
4,360,25.79999999999999,22.036037921450813,0
4,361,25.79999999999999,22.06588004712864,0
4,362,25.79999999999999,22.309720741981767,0.537037037037037
4,363,25.79999999999999,22.66133534661416,0.6523809523809524
4,364,25.79999999999999,22.3192999314007,0
4,365,25.79999999999999,22.38363317102157,0.4636363636363636
4,366,25.79999999999999,22.008092453075072,0
4,367,25.79999999999999,22.314367855264404,0
4,368,25.79999999999999,22.34377083356871,0
4,369,25.79999999999999,21.608902050308966,0
4,370,25.79999999999999,21.854270194411924,0
4,371,25.79999999999999,21.660125313424338,0
4,372,25.79999999999999,21.91266682175585,0
4,373,25.79999999999999,22.005463868278248,0
4,374,25.79999999999999,22.20788256137091,0
4,375,25.79999999999999,22.071457324771426,0
4,376,25.79999999999999,21.980716463811767,0
4,377,25.79999999999999,21.86298776008254,0
4,378,25.79999999999999,22.270762017594773,0
4,379,25.79999999999999,22.316839681500646,0.6523809523809524
4,380,25.79999999999999,22.087019768629556,0
4,381,25.79999999999999,22.18738403995023,0
4,382,25.79999999999999,22.309169944778887,0
4,383,25.79999999999999,22.074779619202847,0
4,384,25.79999999999999,22.006611676644635,0
4,385,25.79999999999999,22.151317260834226,0
4,386,25.79999999999999,22.070851188563047,0
4,387,25.79999999999999,22.159250366705486,0.537037037037037
4,388,25.79999999999999,22.119067919595242,0
4,389,25.79999999999999,21.984464298518805,0
4,390,25.79999999999999,21.944886584512332,0
4,391,25.79999999999999,22.09470651622474,0
4,392,25.79999999999999,21.66136999980754,0.41282051282051285
4,393,25.79999999999999,22.298416754369043,0.537037037037037
4,394,25.79999999999999,22.13564151366533,0
4,395,25.79999999999999,21.95107171215745,0
4,396,25.79999999999999,22.014949060843275,0
4,397,25.79999999999999,22.037867002985934,0.046969696969696974
4,398,25.79999999999999,21.97561097895645,0
4,399,25.79999999999999,22.17433847834065,0
4,400,25.79999999999999,21.961502349978577,0
4,401,25.79999999999999,22.275589427899078,0
4,402,25.79999999999999,21.795998540713626,0
4,403,25.79999999999999,22.167152513511514,0
4,404,25.79999999999999,22.00361482724686,0
4,405,25.79999999999999,22.263998642986973,0
4,406,25.79999999999999,22.062511794213112,0.3755555555555556
4,407,25.79999999999999,22.41801815216545,0
4,408,25.79999999999999,22.436604163176014,0
4,409,25.79999999999999,22.301737503894483,0
4,410,25.79999999999999,22.311163376697127,0
4,411,25.79999999999999,22.16935909402756,0
4,412,25.79999999999999,22.20784998893006,0.3755555555555556
4,413,25.79999999999999,22.531240858957567,0
4,414,25.79999999999999,22.058245039078184,0
4,415,25.79999999999999,22.23895531976246,0
4,416,25.79999999999999,22.13808519337234,0
4,417,25.79999999999999,22.291532353428007,0
4,418,25.79999999999999,22.15924383887779,0
4,419,25.79999999999999,22.31144203240992,0
4,420,25.79999999999999,22.197765058518858,0
4,421,25.79999999999999,21.943849233152758,0
4,422,25.79999999999999,22.043958303531213,0
4,423,25.79999999999999,22.013828988869157,0
4,424,25.79999999999999,21.934485192437688,0
4,425,25.79999999999999,21.941149182520203,0
4,426,25.79999999999999,22.099798401102206,0
4,427,25.79999999999999,21.759119853966684,0
4,428,25.79999999999999,22.31571928465869,0.4636363636363636
4,429,25.79999999999999,21.958084432096086,0
4,430,25.79999999999999,21.30710052723378,0
4,431,25.79999999999999,21.90932451270714,0
4,432,25.79999999999999,22.086132062909435,0.03166666666666666
4,433,25.79999999999999,21.83921895647237,0
4,434,25.79999999999999,22.164936390036512,0
4,435,25.79999999999999,21.47481653859786,0
4,436,25.79999999999999,22.346204382533994,0.32456140350877194
4,437,25.79999999999999,22.30905678028987,0
4,438,25.79999999999999,22.172131956303705,0
4,439,25.79999999999999,21.984699089587377,0
4,440,25.79999999999999,22.073877818307416,0
4,441,25.79999999999999,21.77879037798134,0
4,442,25.79999999999999,21.51446309161958,0
4,443,25.79999999999999,22.042692691585483,0
4,444,25.79999999999999,22.204250173902654,0
4,445,25.79999999999999,21.828992989423334,0
4,446,25.79999999999999,21.910561924526757,0
4,447,25.79999999999999,22.265629811299625,0
4,448,25.79999999999999,22.01029736273778,0
4,449,25.79999999999999,21.986708739714846,0
4,450,25.79999999999999,22.298225512233426,0
4,451,25.79999999999999,22.44941624553399,0
4,452,25.79999999999999,22.303177571128995,0
4,453,25.79999999999999,22.151730797371407,0
4,454,25.79999999999999,22.09287423305783,0
4,455,25.79999999999999,21.947070697581555,0
4,456,25.79999999999999,22.050925524606548,0
4,457,25.79999999999999,22.213020800056984,0
4,458,25.79999999999999,22.37307027725876,0
4,459,25.79999999999999,21.987070981872744,0.04583333333333333
4,460,25.79999999999999,22.39537248461231,0
4,461,25.79999999999999,22.29903981403311,0
4,462,25.79999999999999,21.95578862497977,0
4,463,25.79999999999999,22.060053919606748,0.04533333333333334
4,464,25.79999999999999,22.249250216843972,0
4,465,25.79999999999999,22.039519975286133,0
4,466,25.79999999999999,21.900693444526777,0
4,467,25.79999999999999,22.11818744435786,0
4,468,25.79999999999999,22.077349755514557,0
4,469,25.79999999999999,22.040196151165222,0
4,470,25.79999999999999,22.082458294553582,0
4,471,25.79999999999999,22.219522155971596,0
4,472,25.79999999999999,21.971148799164233,0
4,473,25.79999999999999,22.007289657641216,0
4,474,25.79999999999999,21.806335146463628,0
4,475,25.79999999999999,22.644049737904552,0.046969696969696974
4,476,25.79999999999999,22.22718540513866,0
4,477,25.79999999999999,21.847818811633836,0
4,478,25.79999999999999,22.09390943229017,0.04444444444444444
4,479,25.79999999999999,22.228778995949575,0
4,480,25.79999999999999,22.28965320470423,0
4,481,25.79999999999999,21.956054646565835,0.09471014492753624
4,482,25.79999999999999,21.843165284620273,0
4,483,25.79999999999999,22.304057909831446,0
4,484,25.79999999999999,21.79460176566066,0
4,485,25.79999999999999,22.07779751059327,0
4,486,25.79999999999999,22.21610782075852,0
4,487,25.79999999999999,22.230741492476092,0
4,488,25.79999999999999,22.275672352043884,0
4,489,25.79999999999999,21.87219194009922,0
4,490,25.79999999999999,21.823326179043647,0
4,491,25.79999999999999,22.07262247304376,0
4,492,25.79999999999999,21.934111595174503,0
4,493,25.79999999999999,21.964515181634614,0.291304347826087
4,494,25.79999999999999,22.00669946818733,0
4,495,25.79999999999999,21.994816261727273,0
4,496,25.79999999999999,22.087789274439817,0
4,497,25.79999999999999,22.01998335776137,0
4,498,25.79999999999999,22.080868883823822,0.04833333333333333
4,499,25.79999999999999,22.291972554099242,0
4,500,25.79999999999999,22.023724969637048,0.04583333333333333
4,501,25.79999999999999,22.037507295511123,0
4,502,25.79999999999999,21.797708858929703,0
4,503,25.79999999999999,21.979520757598575,0
4,504,25.79999999999999,22.234179588467757,0
4,505,25.79999999999999,22.257688223698537,1.0965740142210731
4,506,25.79999999999999,21.844398912070567,0
4,507,25.79999999999999,22.119436652445575,0
4,508,25.79999999999999,22.089620664405953,0
4,509,25.79999999999999,21.97349184291704,0
4,510,25.79999999999999,22.763978271082387,0
4,511,25.79999999999999,21.951216031041977,0
4,512,25.79999999999999,22.04914246589313,0
4,513,25.79999999999999,22.04090652394489,0.32456140350877194
4,514,25.79999999999999,22.280608241650032,0
4,515,25.79999999999999,22.39928468824908,0
4,516,25.79999999999999,21.939470185575473,0
4,517,25.79999999999999,22.097376849444604,0
4,518,25.79999999999999,21.811621148445294,0
4,519,25.79999999999999,22.432885384676705,0
4,520,25.79999999999999,22.420930763135516,0
4,521,25.79999999999999,21.715281964811155,0
4,522,25.79999999999999,21.715648867325193,0
4,523,25.79999999999999,22.064148737451895,0
4,524,25.79999999999999,21.951448720902853,0
4,525,25.79999999999999,21.854071371081602,0
4,526,25.79999999999999,22.14774891352204,0.04533333333333334
4,527,25.79999999999999,21.917890606015543,0
4,528,25.79999999999999,21.85960951684983,0
4,529,25.79999999999999,22.355792854524605,0
4,530,25.79999999999999,22.194418468980412,0
4,531,25.79999999999999,22.541312807691295,0.052083333333333336
4,532,25.79999999999999,22.249074059687405,0.04761904761904762
4,533,25.79999999999999,21.910841252399464,0
4,534,25.79999999999999,22.02953882812928,0
4,535,25.79999999999999,22.10878639437066,0
4,536,25.79999999999999,22.10655112671682,0
4,537,25.79999999999999,22.144544778268987,0
4,538,25.79999999999999,22.366599597357556,0
4,539,25.79999999999999,22.318548986725553,0
4,540,25.79999999999999,22.593483168754428,0.537037037037037
4,541,25.79999999999999,21.973820410709642,0
4,542,25.79999999999999,22.33338862248142,0.03137254901960784
4,543,25.79999999999999,22.421801366535146,0
4,544,25.79999999999999,22.205810228291423,0.04912280701754386
4,545,25.79999999999999,21.950573334300408,0.32456140350877194
4,546,25.79999999999999,21.987994981801045,0
4,547,25.79999999999999,22.412906162054906,0
4,548,25.79999999999999,22.525267514584634,0
4,549,25.79999999999999,22.20689871685494,0
4,550,25.79999999999999,21.96141930450164,0
4,551,25.79999999999999,22.13232436268964,0
4,552,25.79999999999999,22.100099724646604,0
4,553,25.79999999999999,22.256488140338213,0.4636363636363636
4,554,25.79999999999999,22.194138606454555,0
4,555,25.79999999999999,22.151917493874077,0
4,556,25.79999999999999,22.5116376734985,0
4,557,25.79999999999999,22.500217315985996,0.04833333333333333
4,558,25.79999999999999,22.12168715287582,0.3755555555555556
4,559,25.79999999999999,22.251994255812992,0
4,560,25.79999999999999,22.235188192538207,0
4,561,25.79999999999999,22.530797522448008,0
4,562,25.79999999999999,21.85679122393818,0
4,563,25.79999999999999,21.73618931144377,0
4,564,25.79999999999999,22.27391132047289,0
4,565,25.79999999999999,22.289260511320133,0
4,566,25.79999999999999,22.115012411121594,0.41282051282051285
4,567,25.79999999999999,21.86129932615645,0
4,568,25.79999999999999,22.21581553175798,0.04833333333333333
4,569,25.79999999999999,21.87860782224733,0
4,570,25.79999999999999,22.082490272089505,0
4,571,25.79999999999999,22.218224583557948,0
4,572,25.79999999999999,22.03297402115968,0
4,573,25.79999999999999,21.407135219375636,0
4,574,25.79999999999999,22.161712784313877,0
4,575,25.79999999999999,22.455485991161392,0
4,576,25.79999999999999,22.004292615463,0
4,577,25.79999999999999,22.348929230629462,0
4,578,25.79999999999999,22.04268436180573,0
4,579,25.79999999999999,22.016771712423004,0.6523809523809524
4,580,25.79999999999999,22.0140153884242,0
4,581,25.79999999999999,21.912180397357478,0
4,582,25.79999999999999,22.12691954939059,0
4,583,25.79999999999999,22.05477948155385,0
4,584,25.79999999999999,22.340113792911406,0
4,585,25.79999999999999,22.065231004264863,0
4,586,25.79999999999999,22.082039728052003,0
4,587,25.79999999999999,22.040209795169098,0
4,588,25.79999999999999,22.421688860229764,0
4,589,25.79999999999999,22.15905200049448,0
4,590,25.79999999999999,22.11949512872729,0.34705882352941175
4,591,25.79999999999999,22.648399401146,0.04833333333333333
4,592,25.79999999999999,22.52587847683206,0.03111111111111111
4,593,25.79999999999999,22.287693707111092,0.10595238095238096
4,594,25.79999999999999,21.977009765894593,0
4,595,25.79999999999999,22.04950720675926,0
4,596,25.79999999999999,22.324768397769844,0
4,597,25.79999999999999,21.916250627441972,0
4,598,25.79999999999999,21.994526811919492,0
4,599,25.79999999999999,22.12010883945717,0
4,600,25.79999999999999,21.821295392904542,0
4,601,25.79999999999999,22.11231065582213,0
4,602,25.79999999999999,21.931854929778883,0
4,603,25.79999999999999,22.113596697518922,0
4,604,25.79999999999999,22.321754970416812,0
4,605,25.79999999999999,22.247006560575254,0
4,606,25.79999999999999,21.872534427039366,0
4,607,25.79999999999999,21.86468704776435,0
4,608,25.79999999999999,21.418548785851943,0
4,609,25.79999999999999,21.61636074826968,0
4,610,25.79999999999999,22.13107236889484,0
4,611,25.79999999999999,22.404892877002037,0
4,612,25.79999999999999,22.31315934997431,0
4,613,25.79999999999999,22.08593660235196,0
4,614,25.79999999999999,21.901698279255665,0
4,615,25.79999999999999,22.17890094322634,0
4,616,25.79999999999999,22.387576829212193,0
4,617,25.79999999999999,22.367237681721456,0
4,618,25.79999999999999,22.136944119407126,0
4,619,25.79999999999999,21.79497041616035,0
4,620,25.79999999999999,22.055202840574307,0
4,621,25.79999999999999,22.417252474265773,0.86
4,622,25.79999999999999,22.4598522787649,0
4,623,25.79999999999999,22.48600783602618,0
4,624,25.79999999999999,21.87542607859059,0
4,625,25.79999999999999,22.103550247186657,0.046969696969696974
4,626,25.79999999999999,21.867462618640527,0
4,627,25.79999999999999,21.837677169682607,0
4,628,25.79999999999999,21.828427712168438,0
4,629,25.79999999999999,22.206445229274678,0.86
4,630,25.79999999999999,22.20139125812489,0
4,631,25.79999999999999,21.99640109474652,0
4,632,25.79999999999999,22.22655465107285,0
4,633,25.79999999999999,22.27135756036388,0
4,634,25.79999999999999,22.377878136658406,0
4,635,25.79999999999999,22.372199367799247,0
4,636,25.79999999999999,22.678500075538082,0
4,637,25.79999999999999,21.801343151122133,0
4,638,25.79999999999999,21.913817227832883,0
4,639,25.79999999999999,22.060263482999687,0
4,640,25.79999999999999,21.910645004696264,0
4,641,25.79999999999999,22.030528566004556,0.4636363636363636
4,642,25.79999999999999,22.287398969852966,0
4,643,25.79999999999999,22.39682369408159,0
4,644,25.79999999999999,22.362330279164894,0
4,645,25.79999999999999,22.287451683715954,0
4,646,25.79999999999999,22.2676410653976,0
4,647,25.79999999999999,22.105104501117488,0
4,648,25.79999999999999,22.530612093289356,0.86
4,649,25.79999999999999,21.9393100884635,0.4636363636363636
4,650,25.79999999999999,22.05306386937032,0.41282051282051285
4,651,25.79999999999999,21.99879898085802,0
4,652,25.79999999999999,21.837272297046926,0
4,653,25.79999999999999,22.180672151188237,0.32456140350877194
4,654,25.79999999999999,22.34211800135008,0
4,655,25.79999999999999,22.32378004272129,0.6523809523809524
4,656,25.79999999999999,21.91191538689544,0
4,657,25.79999999999999,22.18319797766121,0
4,658,25.79999999999999,21.742918998597595,0
4,659,25.79999999999999,22.211090583826028,0
4,660,25.79999999999999,22.276728497490943,0.537037037037037
4,661,25.79999999999999,22.214076833665317,0
4,662,25.79999999999999,21.557634031619873,0
4,663,25.79999999999999,22.06132026877004,0.86
4,664,25.79999999999999,22.14337754538803,0.2786666666666667
4,665,25.79999999999999,21.653098966172188,0
4,666,25.79999999999999,22.21180772455416,0
4,667,25.79999999999999,22.17471645878116,0
4,668,25.79999999999999,21.717501352785295,0
4,669,25.79999999999999,22.304730743273904,0.04761904761904762
4,670,25.79999999999999,22.09407014468567,0
4,671,25.79999999999999,21.9614619296306,0
4,672,25.79999999999999,21.847427498833397,0
4,673,25.79999999999999,22.143409188262996,0.41282051282051285
4,674,25.79999999999999,21.517756359212235,0
4,675,25.79999999999999,21.905594396270697,0
4,676,25.79999999999999,21.667715886515023,0
4,677,25.79999999999999,21.671299852047113,0
4,678,25.79999999999999,22.239228531678258,0
4,679,25.79999999999999,22.03152554090865,0.030555555555555555
4,680,25.79999999999999,22.021740290292392,0
4,681,25.79999999999999,22.30330605898426,0
4,682,25.79999999999999,22.416779253590754,0
4,683,25.79999999999999,22.313393411773223,0
4,684,25.79999999999999,22.30222793868669,0
4,685,25.79999999999999,22.187678691249364,0
4,686,25.79999999999999,22.277974628085087,0
4,687,25.79999999999999,22.139519051924644,0
4,688,25.79999999999999,22.1729945672418,0.4636363636363636
4,689,25.79999999999999,22.265817680593276,0.41282051282051285
4,690,25.79999999999999,21.805460468552287,0
4,691,25.79999999999999,22.25814590492448,0
4,692,25.79999999999999,22.43669512896541,0
4,693,25.79999999999999,22.149867890453404,0.3755555555555556
4,694,25.79999999999999,21.8558239432282,0
4,695,25.79999999999999,21.920829326147857,0
4,696,25.79999999999999,22.263548764718255,0
4,697,25.79999999999999,22.05897004778871,0.046969696969696974
4,698,25.79999999999999,22.459079481446636,0.3728947368421052
4,699,25.79999999999999,22.386610656561835,0
4,700,25.79999999999999,22.176352181569584,0.0631111111111111
4,701,25.79999999999999,21.898487436448608,0
4,702,25.79999999999999,21.54356217479889,0
4,703,25.79999999999999,22.117064826811248,0
4,704,25.79999999999999,22.20187034494325,0
4,705,25.79999999999999,22.208904932763048,0
4,706,25.79999999999999,22.316004657818084,0.031746031746031744
4,707,25.79999999999999,21.911347815499944,0
4,708,25.79999999999999,22.29859461807238,0.4636363636363636
4,709,25.79999999999999,21.59941316342281,0
4,710,25.79999999999999,22.2951978351702,0
4,711,25.79999999999999,22.594835634287545,0
4,712,25.79999999999999,21.74878861427414,0
4,713,25.79999999999999,22.45776747941849,0
4,714,25.79999999999999,22.12278544087166,0
4,715,25.79999999999999,21.87183713261855,0
4,716,25.79999999999999,21.995254620808055,0
4,717,25.79999999999999,22.016844701909402,0
4,718,25.79999999999999,21.81571943776389,0
4,719,25.79999999999999,22.128429893251067,0
4,720,25.79999999999999,22.18290299115534,0
4,721,25.79999999999999,22.02205669864357,0
4,722,25.79999999999999,21.889879052722986,0
4,723,25.79999999999999,22.307767977247156,0
4,724,25.79999999999999,22.05770981514757,0
4,725,25.79999999999999,21.804935710580466,0
4,726,25.79999999999999,22.2472572908844,0
4,727,25.79999999999999,21.965563930992243,0
4,728,25.79999999999999,21.787864239219733,0
4,729,25.79999999999999,21.846006784106233,0
4,730,25.79999999999999,22.4641549380891,0
4,731,25.79999999999999,21.890958120237183,0
4,732,25.79999999999999,21.731353206546334,0
4,733,25.79999999999999,22.558396142946844,0
4,734,25.79999999999999,22.110865233334447,0
4,735,25.79999999999999,22.110905608325837,0
4,736,25.79999999999999,21.732388067864807,0.32456140350877194
4,737,25.79999999999999,21.86083308765681,0.2786666666666667
4,738,25.79999999999999,21.962213583069452,0
4,739,25.79999999999999,22.030483231621034,0
4,740,25.79999999999999,22.036227391047067,0
4,741,25.79999999999999,22.371101040411848,0
4,742,25.79999999999999,22.236182891525388,0
4,743,25.79999999999999,22.08814731125522,0
4,744,25.79999999999999,21.918092999946257,0
4,745,25.79999999999999,21.920484800099754,0
4,746,25.79999999999999,21.91549136573129,0.05
4,747,25.79999999999999,22.2600628944761,0
4,748,25.79999999999999,22.095587425788626,0
4,749,25.79999999999999,22.238870986185,0
4,750,25.79999999999999,21.99833318291958,0.41282051282051285
4,751,25.79999999999999,22.399215110151097,0
4,752,25.79999999999999,22.18402507389086,0.04444444444444444
4,753,25.79999999999999,22.143129989883274,0
4,754,25.79999999999999,22.341489248711373,0.86
4,755,25.79999999999999,22.145663132279328,0
4,756,25.79999999999999,21.955077872390582,0.04761904761904762
4,757,25.79999999999999,22.17457050076043,0
4,758,25.79999999999999,21.887228834897947,0
4,759,25.79999999999999,22.092874603824374,0
4,760,25.79999999999999,22.14547783839204,0
4,761,25.79999999999999,21.828111144806186,0
4,762,25.79999999999999,21.972654819814213,0
4,763,25.79999999999999,22.066697459439236,0
4,764,25.79999999999999,21.895059072213567,0
4,765,25.79999999999999,22.280102985224882,0
4,766,25.79999999999999,22.15905817638196,0
4,767,25.79999999999999,22.245961182873643,0
4,768,25.79999999999999,22.215084221058635,0
4,769,25.79999999999999,22.07520532641844,0
4,770,25.79999999999999,22.104244748112038,0
4,771,25.79999999999999,22.18657313740233,0.050980392156862744
4,772,25.79999999999999,21.95762912568784,0
4,773,25.79999999999999,22.102138663672502,0.046969696969696974
4,774,25.79999999999999,22.15120077504176,0
4,775,25.79999999999999,21.941332830235016,0
4,776,25.79999999999999,21.83938010745275,0
4,777,25.79999999999999,22.460164217620903,0
4,778,25.79999999999999,22.161124929426233,0
4,779,25.79999999999999,21.769985114817267,0
4,780,25.79999999999999,22.0028865313825,0
4,781,25.79999999999999,22.477783303354574,0
4,782,25.79999999999999,22.084609879818277,0
4,783,25.79999999999999,21.816037304906658,0
4,784,25.79999999999999,22.267471531027727,0
4,785,25.79999999999999,21.9208288965983,0
4,786,25.79999999999999,21.907663545517792,0
4,787,25.79999999999999,21.612083883056627,0
4,788,25.79999999999999,22.13131085507256,0.86
4,789,25.79999999999999,21.944972215732,0
4,790,25.79999999999999,21.858715514487667,1.0652014652014652
4,791,25.79999999999999,22.064756385093638,0.03181818181818182
4,792,25.79999999999999,22.03474725376084,0.3755555555555556
4,793,25.79999999999999,21.981971326029413,0
4,794,25.79999999999999,22.09290658191005,0
4,795,25.79999999999999,22.17369400070619,0
4,796,25.79999999999999,22.27203947451862,0
4,797,25.79999999999999,21.874613779821324,0.04583333333333333
4,798,25.79999999999999,22.308237211957273,0
4,799,25.79999999999999,22.17750686405142,0
4,800,25.79999999999999,22.025511651664704,0
4,801,25.79999999999999,22.481109504405616,0.6842650103519669
4,802,25.79999999999999,21.920365476990828,0
4,803,25.79999999999999,22.14336661198686,0.537037037037037
4,804,25.79999999999999,22.529002659144542,0
4,805,25.79999999999999,22.30125614154131,0
4,806,25.79999999999999,21.810360494017168,0
4,807,25.79999999999999,22.441702383458125,0
4,808,25.79999999999999,22.033762064006954,0
4,809,25.79999999999999,22.201057845481806,0
4,810,25.79999999999999,22.216023181124786,0.6523809523809524
4,811,25.79999999999999,21.941548544927784,0
4,812,25.79999999999999,21.939782915847342,0
4,813,25.79999999999999,21.77124601449869,0
4,814,25.79999999999999,21.843853206731012,0
4,815,25.79999999999999,22.070024393241955,0
4,816,25.79999999999999,21.916273205807634,0
4,817,25.79999999999999,21.886916974358346,0
4,818,25.79999999999999,21.91699912895014,0
4,819,25.79999999999999,22.17221797090288,0
4,820,25.79999999999999,22.163703768885235,0.04583333333333333
4,821,25.79999999999999,21.403243146514512,0
4,822,25.79999999999999,22.269929081678992,0
4,823,25.79999999999999,21.885065908063844,0
4,824,25.79999999999999,22.237469404894107,0
4,825,25.79999999999999,21.96509554650911,0.7023809523809524
4,826,25.79999999999999,22.19049571540716,0.04833333333333333
4,827,25.79999999999999,21.7377274324969,0.9109803921568627
4,828,25.79999999999999,22.137374045274097,0
4,829,25.79999999999999,21.899700306606395,0.86
4,830,25.79999999999999,21.90105376432108,0
4,831,25.79999999999999,22.13609823359437,0
4,832,25.79999999999999,22.41005414542481,0
4,833,25.79999999999999,22.23816010207402,0
4,834,25.79999999999999,22.41825595708871,0.537037037037037
4,835,25.79999999999999,22.326404772868273,0
4,836,25.79999999999999,22.187839127454048,0
4,837,25.79999999999999,22.53670719391825,0
4,838,25.79999999999999,21.89903548887229,0
4,839,25.79999999999999,22.00874129140253,0
4,840,25.79999999999999,22.267149695884704,0
4,841,25.79999999999999,22.540183575015945,0.537037037037037
4,842,25.79999999999999,22.24475939426219,0
4,843,25.79999999999999,22.041891505621045,0
4,844,25.79999999999999,22.07685127556711,0
4,845,25.79999999999999,22.180963828096186,0
4,846,25.79999999999999,22.12965661777894,0
4,847,25.79999999999999,21.905130267543655,0
4,848,25.79999999999999,21.77245583712737,0
4,849,25.79999999999999,22.070841033371703,0
4,850,25.79999999999999,22.093510905616554,0
4,851,25.79999999999999,21.750803612047765,0
4,852,25.79999999999999,22.390187173701186,0.4636363636363636
4,853,25.79999999999999,21.993662805647496,0
4,854,25.79999999999999,21.847712879545348,0
4,855,25.79999999999999,21.958678585842936,0
4,856,25.79999999999999,22.19939604592131,0
4,857,25.79999999999999,22.12311439297053,0
4,858,25.79999999999999,22.346049089565025,0
4,859,25.79999999999999,22.379366486520276,0.0463768115942029
4,860,25.79999999999999,22.107617811434505,0.04583333333333333
4,861,25.79999999999999,22.19376608275512,0
4,862,25.79999999999999,21.76670140915454,0
4,863,25.79999999999999,21.688389016476204,0
4,864,25.79999999999999,22.5246974821979,0
4,865,25.79999999999999,22.442830332397207,0.537037037037037
4,866,25.79999999999999,22.2430327793445,0
4,867,25.79999999999999,21.79745027480169,0
4,868,25.79999999999999,22.398413685322062,0
4,869,25.79999999999999,21.92415976726542,0
4,870,25.79999999999999,22.215748270706094,0
4,871,25.79999999999999,22.714020698848977,0.2786666666666667
4,872,25.79999999999999,22.122497537440257,0
4,873,25.79999999999999,22.1799291265059,0.05
4,874,25.79999999999999,22.43257031537134,0
4,875,25.79999999999999,22.079948634354473,0
4,876,25.79999999999999,22.53467544553103,0.537037037037037
4,877,25.79999999999999,22.210005072988004,0
4,878,25.79999999999999,22.49578360852086,0
4,879,25.79999999999999,21.959821339899698,0
4,880,25.79999999999999,22.034178803784506,0
4,881,25.79999999999999,22.13553271768956,0
4,882,25.79999999999999,22.439778577798947,0
4,883,25.79999999999999,21.976652791835686,0
4,884,25.79999999999999,22.19604482592819,0
4,885,25.79999999999999,21.962688729044707,0
4,886,25.79999999999999,22.136381909104202,0.4636363636363636
4,887,25.79999999999999,22.452765775074212,0.03137254901960784
4,888,25.79999999999999,22.020772997578288,0.4636363636363636
4,889,25.79999999999999,22.15773445793665,0
4,890,25.79999999999999,22.282672514922787,0
4,891,25.79999999999999,21.84307000283533,0
4,892,25.79999999999999,22.108396701780237,0
4,893,25.79999999999999,22.4481882412357,0
4,894,25.79999999999999,22.16746730432758,0
4,895,25.79999999999999,21.92846100655469,0
4,896,25.79999999999999,22.335218766224262,0.537037037037037
4,897,25.79999999999999,21.991950497895875,0
4,898,25.79999999999999,22.25108133195789,0
4,899,25.79999999999999,22.331216914547483,0
4,900,25.79999999999999,22.00904278090636,0
4,901,25.79999999999999,21.79518102825413,0
4,902,25.79999999999999,22.102725340772814,0
4,903,25.79999999999999,22.132527034725207,0.09905303030303031
4,904,25.79999999999999,22.262096680091684,0
4,905,25.79999999999999,22.163676157330045,0
4,906,25.79999999999999,22.334335492558115,0
4,907,25.79999999999999,21.987492545773637,0
4,908,25.79999999999999,22.19100289483477,0
4,909,25.79999999999999,21.943997195432306,0
4,910,25.79999999999999,21.997782050366013,0
4,911,25.79999999999999,22.200916027022743,0.03188405797101449
4,912,25.79999999999999,22.232781871811813,0
4,913,25.79999999999999,22.124295428663842,0
4,914,25.79999999999999,21.88657628633148,0
4,915,25.79999999999999,22.20454454606439,0
4,916,25.79999999999999,21.76405046808293,0
4,917,25.79999999999999,22.315759264812534,0
4,918,25.79999999999999,22.08333217752304,0.046969696969696974
4,919,25.79999999999999,21.91915236660683,0
4,920,25.79999999999999,22.252260376754496,0
4,921,25.79999999999999,22.146408240246156,0
4,922,25.79999999999999,22.478498179870687,0
4,923,25.79999999999999,22.207278032510988,0.04833333333333333
4,924,25.79999999999999,21.960403339240976,0
4,925,25.79999999999999,21.905157557417915,0
4,926,25.79999999999999,22.8197586416947,0.04533333333333334
4,927,25.79999999999999,22.530552557031506,0
4,928,25.79999999999999,22.135803560132484,0
4,929,25.79999999999999,22.14799708200183,0.4636363636363636
4,930,25.79999999999999,22.278498091846224,0
4,931,25.79999999999999,22.384391892605027,0
4,932,25.79999999999999,21.896605403282834,0
4,933,25.79999999999999,22.14327971729266,0.04833333333333333
4,934,25.79999999999999,22.578748621650345,0
4,935,25.79999999999999,22.25936639875939,0
4,936,25.79999999999999,21.702331799123424,0.86
4,937,25.79999999999999,22.542093968064947,0.4636363636363636
4,938,25.79999999999999,21.957374432802794,0
4,939,25.79999999999999,22.029779950414408,0
4,940,25.79999999999999,22.241648465082914,0
4,941,25.79999999999999,21.75327462423288,0
4,942,25.79999999999999,22.199688495170314,0
4,943,25.79999999999999,22.306917259865873,0.05333333333333334
4,944,25.79999999999999,22.33648838089852,0
4,945,25.79999999999999,22.20171653821181,0
4,946,25.79999999999999,22.341556508174637,0
4,947,25.79999999999999,22.102783808573218,0.34705882352941175
4,948,25.79999999999999,22.219605145839264,0
4,949,25.79999999999999,21.88320496358207,0
4,950,25.79999999999999,22.212190810329183,0.537037037037037
4,951,25.79999999999999,21.995444712766417,0
4,952,25.79999999999999,21.95596298944113,0
4,953,25.79999999999999,22.207991923537232,0
4,954,25.79999999999999,22.10272083537023,0.052083333333333336
4,955,25.79999999999999,22.05163179209252,0
4,956,25.79999999999999,22.118962888103734,0
4,957,25.79999999999999,22.23325066557019,0.537037037037037
4,958,25.79999999999999,22.439092529584457,0
4,959,25.79999999999999,22.46833466897165,0
4,960,25.79999999999999,22.21811567151841,0
4,961,25.79999999999999,21.83342142394305,0
4,962,25.79999999999999,22.100938013238913,0
4,963,25.79999999999999,22.04793574221107,0
4,964,25.79999999999999,22.230832821747672,0
4,965,25.79999999999999,22.12829342870507,0
4,966,25.79999999999999,22.40117289073588,0
4,967,25.79999999999999,21.77262823625977,0
4,968,25.79999999999999,21.792330338998212,0
4,969,25.79999999999999,22.220152018733014,0.4636363636363636
4,970,25.79999999999999,22.019084206281526,0
4,971,25.79999999999999,21.602299230561183,0
4,972,25.79999999999999,22.293758904966335,0
4,973,25.79999999999999,21.634791074067827,0
4,974,25.79999999999999,21.890753140454922,0
4,975,25.79999999999999,22.37685418539606,0
4,976,25.79999999999999,22.51742588814495,0
4,977,25.79999999999999,21.733291927442085,0
4,978,25.79999999999999,22.350512249641188,0
4,979,25.79999999999999,22.021108354943227,0
4,980,25.79999999999999,21.787701001502036,0
4,981,25.79999999999999,22.219507128219682,0
4,982,25.79999999999999,21.821794478506483,0
4,983,25.79999999999999,22.115012141401237,0
4,984,25.79999999999999,21.861412889689127,0
4,985,25.79999999999999,21.89015361271687,0
4,986,25.79999999999999,22.067496277595804,0
4,987,25.79999999999999,21.80862386661344,0
4,988,25.79999999999999,22.4299907241063,0
4,989,25.79999999999999,22.27837125093082,0
4,990,25.79999999999999,22.235708709563102,0
4,991,25.79999999999999,22.509556557633836,0
4,992,25.79999999999999,22.09164426088321,0
4,993,25.79999999999999,21.908325201918736,0
4,994,25.79999999999999,21.90633492147312,0
4,995,25.79999999999999,22.118519752425264,0
4,996,25.79999999999999,22.002784858684105,0
4,997,25.79999999999999,21.886773954808515,0
4,998,25.79999999999999,21.67132369782384,0
4,999,25.79999999999999,21.85645380550581,0
4,1000,25.79999999999999,21.698198121535675,0
5,0,0.07328947368421053,0.0014657894736842107,0
5,1,0.15598178137651822,0.0037687584345479086,0
5,2,0.15598178137651822,0.00540284364758049,0
5,3,0.30955754257087215,0.012227947846781068,0
5,4,0.763403696417026,0.028487379648785182,0
5,5,0.8474287468189907,0.07078571253920325,0
5,6,1.1898219799358685,0.1428340962934447,0
5,7,1.431989506305237,0.1825459146013552,0
5,8,1.4330263230775795,0.2138880630301244,0
5,9,1.8014699703635444,0.31254423125479985,0
5,10,2.209752651977001,0.38593692706578614,0
5,11,2.2688408867528316,0.5562938252879474,0
5,12,2.690476234435697,0.5950038872233224,0
5,13,2.761428210797798,0.6652579239291262,0
5,14,3.1277695060740203,0.9123351228256295,0
5,15,3.6075034469675424,0.9552095603997256,0
5,16,3.704037474250695,1.1424489682488725,0
5,17,4.071606444251711,1.2923806204746684,0
5,18,4.535939806791372,1.523931776701624,0
5,19,4.680772888515981,1.7437396781901495,0
5,20,4.841162575560609,2.023438603122722,0
5,21,4.857369047384177,2.1027011810576846,0
5,22,4.879242209547575,2.078060077512631,0
5,23,5.3050803939353415,2.304937119107245,0
5,24,5.368731664038793,2.379198425232846,0
5,25,5.394040579525554,2.4457346621135647,0
5,26,5.46434959820725,2.3699421062499195,0
5,27,5.50411793088397,2.538031262295337,0
5,28,5.507124646390685,2.5316668229861246,0
5,29,5.5670407098593815,2.73477288844601,0
5,30,5.58298029296935,2.783493459075248,0
5,31,5.596668654416331,2.9042378544355993,0
5,32,5.611653532780367,2.775118008904009,0
5,33,5.6515511570069625,2.811412507064681,0
5,34,5.679311444553728,2.739605228570414,0
5,35,5.9805831629660675,2.850795777206928,0
5,36,5.99099717877482,2.77554225868885,0
5,37,6.008692157207245,3.006653079047509,0
5,38,6.018895269345667,3.170900909553034,0
5,39,6.026978324592237,3.190346598265916,0
5,40,6.0402987022212695,3.0176804298394084,0
5,41,6.053811621721233,3.1132807336084256,0
5,42,6.133716054520402,3.2749034142348403,0
5,43,6.153517919322268,3.36325409383929,0
5,44,6.1801770838047725,3.3148410517115954,0
5,45,6.240653746804655,3.2600495603513684,0
5,46,6.245397336548245,3.333892382493725,0
5,47,6.260442195071364,3.2693302685363608,0
5,48,6.287701519853909,3.2479276633689578,0
5,49,6.348781286320671,3.3883058503906303,0
5,50,6.361454529743913,3.4360583865620096,0
5,51,6.3760661156888325,3.514805623317548,0
5,52,6.40074684431693,3.518953200542412,0
5,53,6.433968851068348,3.461526253265071,0
5,54,6.458210632275645,3.607724894185385,0
5,55,6.465739769804784,3.4566188119949577,0
5,56,6.4718003758653895,3.645238435084087,0
5,57,6.7357557187681,3.7513746631623968,0
5,58,6.7357557187681,3.568832752539718,0
5,59,6.784761525668646,3.593258085622879,0
5,60,6.784761525668646,3.6533016978181236,0
5,61,6.813782872213212,3.712915093427148,0
5,62,7.044956792961504,3.5261445401226763,0
5,63,7.371674813503055,3.721995826061342,0
5,64,7.389446944753448,3.7022351709230574,0
5,65,7.389446944753448,3.6791571490782506,0
5,66,7.402908801737044,3.766329684514043,0
5,67,7.440173759002001,3.7985945237710443,0
5,68,7.4406352974635395,3.8792151404715316,0
5,69,7.441135297463538,4.07502802121702,0
5,70,7.441135297463538,3.881986983520428,0
5,71,7.460483858259468,4.017826210498662,0
5,72,7.460483858259468,4.0105303564504915,0
5,73,7.475528716782588,4.117488774694518,0
5,74,7.476892353146224,4.15153897447048,0
5,75,7.479539411969753,4.219281244401049,0
5,76,7.480416604952209,4.2570110625575195,0
5,77,7.481396997109072,4.158156326665474,0
5,78,7.487457603169678,4.139892216190931,0
5,79,7.492083271618876,4.096922356111001,0
5,80,7.6658927954284,4.212920414019734,0
5,81,7.7126017246141085,4.301408746357165,0
5,82,7.975230947243332,4.2992970315798384,0
5,83,7.978307870320254,4.123308771088234,0
5,84,7.978307870320254,4.051912563046495,0
5,85,7.978307870320254,3.961629898786207,0
5,86,8.066388678401061,4.162290781590243,0
5,87,8.37527756728995,4.429922329762703,0
5,88,8.379473371485755,4.283667804957156,0
5,89,8.379473371485755,4.296173029057659,0
5,90,8.452874044886428,4.599766508149176,0
5,91,8.452874044886428,4.576835180993901,0
5,92,8.490139002151386,4.62151373202113,0
5,93,8.496199608211992,4.798561263297,0
5,94,8.496199608211992,4.767008525697193,0
5,95,8.720837289371412,4.688506425896164,0
5,96,8.754094345054096,4.8617147999018515,0
5,97,8.754094345054096,5.01301276402935,0
5,98,9.224464715424466,4.999593263670719,0
5,99,9.224464715424466,5.055384704605981,0
5,100,9.224464715424466,5.125426192860987,0
5,101,9.224464715424466,4.928658111757205,0
5,102,9.224464715424466,5.156361124391428,0
5,103,9.224464715424466,5.208444351089851,0
5,104,9.224464715424466,5.13732892983702,0
5,105,9.226817656600938,5.124846885477866,0
5,106,9.226817656600938,5.299277809033131,0
5,107,9.264082613865895,5.291037748009358,0
5,108,9.264082613865895,5.133602276987476,0
5,109,9.264082613865895,5.1989488898552345,0
5,110,9.264082613865895,5.2336943850994215,0
5,111,9.264082613865895,5.292758669678473,0
5,112,9.6671129168962,5.162846777310317,0
5,113,9.6671129168962,5.3169627515859155,0
5,114,9.6671129168962,5.404636433117244,0
5,115,9.6671129168962,5.645679182755022,0
5,116,9.6671129168962,5.476841443663348,0
5,117,9.740513590296873,5.659995498764629,0
5,118,9.750037399820682,5.655451187383248,0
5,119,9.750037399820682,5.6764421672272025,0
5,120,9.750037399820682,5.718816395494644,0
5,121,9.750037399820682,5.636521873364441,0
5,122,9.750037399820682,5.5061398873245215,0
5,123,9.750037399820682,5.584340731017874,0
5,124,9.750037399820682,5.54402651971881,0
5,125,9.750037399820682,5.705933572257578,0
5,126,9.750037399820682,5.663912426709487,0
5,127,9.838296509132421,5.700273950284768,0
5,128,9.838296509132421,5.787292962900802,0
5,129,10.102251852035131,5.744539524192544,0
5,130,10.102251852035131,5.875582108364697,0
5,131,10.153067702850985,5.647377668840215,0
5,132,10.153067702850985,5.939804452644539,0
5,133,10.153067702850985,5.886677570437535,0
5,134,10.153067702850985,5.84611871266848,0
5,135,10.175565122871625,5.768876742316032,0
5,136,10.175565122871625,5.6819795625769,0
5,137,10.175565122871625,5.71356797863089,0
5,138,10.175565122871625,5.86348657416076,0
5,139,10.175565122871625,5.798063544732456,0
5,140,10.175565122871625,5.763477092140646,0
5,141,10.204061854897768,5.8769304226492,0
5,142,10.204061854897768,5.818125698736485,0
5,143,10.241326812162725,5.8253187095230174,0
5,144,10.292142662978575,6.194110858783571,0
5,145,10.292142662978575,6.047862735571454,0
5,146,10.292142662978575,5.999817074778199,0
5,147,10.36554333637925,6.28063644467346,0
5,148,10.36554333637925,6.086368970608097,0
5,149,10.36554333637925,5.964140598041711,0
5,150,10.36554333637925,6.1550625678332676,0
5,151,10.36554333637925,5.756330248741005,0
5,152,10.36554333637925,6.12534583613789,0
5,153,10.36554333637925,5.841653074889251,0
5,154,10.36554333637925,6.158942739232219,0
5,155,10.36554333637925,6.292741847725783,0
5,156,10.578018969907514,6.086136065133409,0
5,157,10.578018969907514,6.273991942621044,0
5,158,10.578018969907514,6.197925991691403,0
5,159,10.578018969907514,6.334985962518133,0
5,160,10.578018969907514,6.347579706733669,0
5,161,10.578018969907514,6.285831241444711,0
5,162,10.578018969907514,6.435970038598927,0
5,163,10.578018969907514,6.51184727020535,0
5,164,10.578018969907514,6.313904102524955,0
5,165,10.578018969907514,6.635564584049876,0
5,166,10.578018969907514,6.349727707259373,0
5,167,10.578018969907514,6.475975069967163,0
5,168,10.578018969907514,6.508306148845291,0
5,169,10.578018969907514,6.604695645138661,0
5,170,10.578018969907514,6.362927965533354,0
5,171,10.578018969907514,6.44377033907056,0
5,172,10.578018969907514,6.404926761256082,0
5,173,10.578018969907514,6.546068489237831,0
5,174,10.578018969907514,6.504078068978759,0
5,175,10.578018969907514,6.617461118525028,0
5,176,10.578018969907514,6.169011103583592,0
5,177,10.578018969907514,6.6234267409702,0
5,178,10.578018969907514,6.52152240493315,0
5,179,10.578018969907514,6.544405885686816,0
5,180,10.578018969907514,6.258737541769993,0
5,181,10.578018969907514,6.5060011741777055,0
5,182,10.578018969907514,6.497761696539305,0
5,183,10.578018969907514,6.213372712893828,0
5,184,10.578018969907514,6.345086360794965,0
5,185,10.578018969907514,6.701649411531178,0
5,186,10.578018969907514,6.5117374392968825,0
5,187,10.578018969907514,6.206908943432818,0
5,188,10.578018969907514,6.032479736410667,0
5,189,10.578018969907514,6.27136644102437,0
5,190,10.578018969907514,6.219219012824733,0
5,191,10.578018969907514,6.270738737524353,0
5,192,10.578018969907514,6.072453136055116,0
5,193,10.578018969907514,6.205291299659297,0
5,194,10.578018969907514,6.346912490487066,0
5,195,10.817701509590055,6.283542355306057,0
5,196,10.817701509590055,6.333834822741751,0
5,197,10.817701509590055,6.683123907800282,0
5,198,10.817701509590055,6.459406445076293,0
5,199,10.817701509590055,6.200774263669886,0
5,200,10.817701509590055,6.539691515043179,0
5,201,10.817701509590055,6.580543529870596,0
5,202,10.817701509590055,6.7834211466328815,0
5,203,10.817701509590055,6.829061675727387,0
5,204,10.817701509590055,6.315723282204275,0
5,205,10.83591370674962,6.3332058848023705,0
5,206,10.83591370674962,6.730686332234443,0
5,207,10.83591370674962,6.372753834202358,0
5,208,10.83591370674962,6.5205835291874665,0
5,209,10.83591370674962,6.414306873479674,0
5,210,10.85841112677026,6.715105578822266,0
5,211,10.85841112677026,6.654345436125896,0
5,212,10.85841112677026,6.756876906733627,0
5,213,10.85841112677026,6.868771952043659,0
5,214,10.85841112677026,6.734724192384243,0
5,215,10.85841112677026,6.67013261369432,0
5,216,10.85841112677026,6.618638618334663,0
5,217,10.85841112677026,6.616360562473866,0
5,218,10.85841112677026,6.705928475646135,0
5,219,10.85841112677026,6.717323532188305,0
5,220,10.886907858796404,6.511567110435993,0
5,221,10.886907858796404,6.58531182618023,0
5,222,10.886907858796404,6.319368568761891,0
5,223,10.886907858796404,6.453362451183021,0
5,224,10.886907858796404,6.707690142590902,0
5,225,10.886907858796404,6.840277470245334,0
5,226,10.886907858796404,6.490875712697658,0
5,227,10.886907858796404,6.690899557926838,0
5,228,10.886907858796404,6.595228947080651,0
5,229,10.886907858796404,6.681040117275831,0
5,230,10.886907858796404,6.847456644135483,0
5,231,10.886907858796404,6.41905687694024,0
5,232,10.886907858796404,6.430520776940288,0
5,233,10.886907858796404,6.46063653757083,0
5,234,10.886907858796404,6.334327972153671,0
5,235,10.886907858796404,6.266765667949881,0
5,236,10.886907858796404,6.48878284390685,0
5,237,11.167300015659148,6.258338446023427,0
5,238,11.167300015659148,6.243986503913958,0
5,239,11.167300015659148,6.673131134597068,0
5,240,11.167300015659148,6.477729384085076,0
5,241,11.167300015659148,6.414308945917581,0
5,242,11.167300015659148,6.389540305621197,0
5,243,11.167300015659148,6.43468786515551,0
5,244,11.195796747685291,6.501628559163789,0
5,245,11.195796747685291,6.394064192445733,0
5,246,11.195796747685291,6.739385028731107,0
5,247,11.195796747685291,6.6118733746209,0
5,248,11.233061704950249,6.453723809607231,0
5,249,11.233061704950249,6.4558551170573955,0
5,250,11.233061704950249,6.527512574176822,0
5,251,11.592548884437427,6.255078752499306,0
5,252,11.592548884437427,6.195237642428912,0
5,253,11.592548884437427,6.57092079722599,0
5,254,11.592548884437427,6.7997368869808135,0
5,255,11.592548884437427,6.7947936011576395,0
5,256,11.592548884437427,6.741999200029293,0
5,257,11.592548884437427,6.895037446372654,0
5,258,11.592548884437427,6.8803499247120925,0
5,259,11.592548884437427,6.577223557211397,0
5,260,11.592548884437427,6.714548238692121,0
5,261,11.643364735253279,6.7365529433499365,0
5,262,11.643364735253279,6.80934302815949,0
5,263,11.643364735253279,7.202381005079942,0
5,264,11.643364735253279,7.06789625123874,0
5,265,11.643364735253279,6.799861349440039,0
5,266,11.643364735253279,7.045991131942769,0
5,267,11.643364735253279,6.884536959046883,0
5,268,11.643364735253279,6.779296921021578,0
5,269,11.643364735253279,6.88478290284655,0
5,270,11.643364735253279,6.989028365708301,0
5,271,11.643364735253279,6.985893151703039,0
5,272,11.731445543334086,7.113285210597572,0
5,273,11.753942963354726,6.9500269415672955,0
5,274,11.753942963354726,7.1941207048692855,0
5,275,11.753942963354726,7.262407111642214,0
5,276,11.753942963354726,7.141519316499678,0
5,277,11.804758814170578,7.097467298450272,0
5,278,11.804758814170578,6.8249148452746,0
5,279,11.804758814170578,6.910617867003101,0
5,280,11.804758814170578,6.88015018527081,0
5,281,11.804758814170578,7.0612117009399045,0
5,282,11.804758814170578,7.024017369848922,0
5,283,11.804758814170578,7.246650934261741,0
5,284,11.804758814170578,7.1046747785801285,0
5,285,11.804758814170578,7.076825526712843,0
5,286,12.00599338207181,7.16021181372224,0
5,287,12.00599338207181,7.079648581931121,0
5,288,12.00599338207181,7.020863689924067,0
5,289,12.113647703059465,6.851197085577512,0
5,290,12.113647703059465,6.904709900052604,0
5,291,12.113647703059465,7.020241620476835,0
5,292,12.113647703059465,7.242593849253026,0
5,293,12.113647703059465,7.0934736599885415,0
5,294,12.113647703059465,7.488818551257659,0
5,295,12.113647703059465,7.462689205650138,0
5,296,12.113647703059465,7.4011436390080085,0
5,297,12.187048376460138,7.3004167900648325,0
5,298,12.187048376460138,7.408305193674447,0
5,299,12.187048376460138,7.3841693356220865,0
5,300,12.187048376460138,7.140734976176927,0
5,301,12.187048376460138,7.047241046300062,0
5,302,12.187048376460138,7.156963689244887,0
5,303,12.187048376460138,7.415497523166176,0
5,304,12.187048376460138,7.354460753130537,0
5,305,12.187048376460138,7.360051880197251,0
5,306,12.224313333725096,7.169261677172746,0
5,307,12.224313333725096,7.080632552669345,0
5,308,12.224313333725096,6.760173945900076,0
5,309,12.224313333725096,6.731915470818753,0
5,310,12.224313333725096,7.175354563156473,0
5,311,12.224313333725096,7.207428881024604,0
5,312,12.224313333725096,7.347066084868293,0
5,313,12.224313333725096,7.367754678289066,0
5,314,12.224313333725096,7.155854951946883,0
5,315,12.224313333725096,7.231969780151979,0
5,316,12.224313333725096,6.908184375044939,0
5,317,12.224313333725096,7.182503889617572,0
5,318,12.224313333725096,7.621969725369236,0
5,319,12.224313333725096,7.399600978462718,0
5,320,12.224313333725096,7.137501953328508,0
5,321,12.224313333725096,7.269483451842545,0
5,322,12.224313333725096,7.304574114602385,0
5,323,12.224313333725096,7.257793399137378,0
5,324,12.224313333725096,7.145202209610425,0
5,325,12.224313333725096,7.348858599175475,0
5,326,12.224313333725096,7.15248451449072,0
5,327,12.224313333725096,7.250266091515026,0
5,328,12.224313333725096,7.171761128822898,0
5,329,12.224313333725096,7.212591541571711,0
5,330,12.224313333725096,7.27555757468141,0
5,331,12.224313333725096,7.378295552602742,0
5,332,12.224313333725096,7.206605117136352,0
5,333,12.224313333725096,7.037279010415381,0
5,334,12.224313333725096,7.485556986864595,0
5,335,12.224313333725096,7.498763674246498,0
5,336,12.224313333725096,7.4837419727463335,0
5,337,12.224313333725096,7.257805509416911,0
5,338,12.224313333725096,7.332918756568477,0
5,339,12.224313333725096,7.109556867922666,0
5,340,12.224313333725096,7.400678986730146,0
5,341,12.224313333725096,7.224151732898133,0
5,342,12.224313333725096,7.354830439114289,0
5,343,12.224313333725096,7.455541181462319,0
5,344,12.224313333725096,7.169238401459257,0
5,345,12.224313333725096,7.188456357832947,0
5,346,12.224313333725096,6.944548946425915,0
5,347,12.224313333725096,6.990114967903334,0
5,348,12.224313333725096,7.291305077713213,0
5,349,12.224313333725096,6.938989734287339,0
5,350,12.224313333725096,7.186554518423217,0
5,351,12.224313333725096,7.098428264800277,0
5,352,12.224313333725096,7.274667385773371,0
5,353,12.224313333725096,7.280669844360905,0
5,354,12.224313333725096,7.563753181114223,0
5,355,12.224313333725096,7.168150821888308,0
5,356,12.224313333725096,6.7915842802599995,0
5,357,12.224313333725096,7.064231542023061,0
5,358,12.224313333725096,7.415226306758886,0
5,359,12.224313333725096,7.32423677272209,0
5,360,12.224313333725096,7.076241197559906,0
5,361,12.224313333725096,6.830686572837156,0
5,362,12.224313333725096,7.159315962268608,0
5,363,12.224313333725096,7.160317166939406,0
5,364,12.27512918454095,6.975008746444814,0
5,365,12.27512918454095,7.36035009404061,0
5,366,12.27512918454095,7.23581017460937,0
5,367,12.27512918454095,7.387817181486196,0
5,368,12.303625916567093,7.2895214659536975,0
5,369,12.303625916567093,7.0253147552545805,0
5,370,12.303625916567093,7.3065186485499884,0
5,371,12.303625916567093,6.8048739723386555,0
5,372,12.34089087383205,7.228822397493119,0
5,373,12.34089087383205,7.1278494423708585,0
5,374,12.34089087383205,7.237401644358737,0
5,375,12.34089087383205,7.342773663637378,0
5,376,12.34089087383205,7.231259130152951,0
5,377,12.34089087383205,7.165994477095344,0
5,378,12.34089087383205,7.3181205316520135,0
5,379,12.34089087383205,7.241464065495874,0
5,380,12.34089087383205,7.536462387924619,0
5,381,12.34089087383205,7.24578689574495,0
5,382,12.34089087383205,7.513219688825967,0
5,383,12.34089087383205,7.537677704389979,0
5,384,12.34089087383205,7.314607072704441,0
5,385,12.34089087383205,7.126856683126702,0
5,386,12.34089087383205,7.434690097042743,0
5,387,12.34089087383205,7.209515533873353,0
5,388,12.34089087383205,7.195426401562001,0
5,389,12.34089087383205,7.362818346747376,0
5,390,12.34089087383205,7.477630620185692,0
5,391,12.34089087383205,7.248743774204002,0
5,392,12.34089087383205,7.4492979094396095,0
5,393,12.34089087383205,7.473666295779654,0
5,394,12.640255953197132,7.353812569066192,0
5,395,12.640255953197132,7.472447214661213,0
5,396,12.677520910462086,7.311274662803231,0
5,397,12.677520910462086,7.555762483696387,0
5,398,12.750921583862759,7.687959677989956,0
5,399,12.750921583862759,7.238255361927733,0
5,400,13.031313740725505,7.161492516580127,0
5,401,13.059810472751648,7.766562191390617,0
5,402,13.059810472751648,7.5637568415272245,0
5,403,13.059810472751648,7.943166664138969,0
5,404,13.059810472751648,7.70047184447647,0
5,405,13.059810472751648,7.955367182336266,0
5,406,13.059810472751648,7.826288771662059,0
5,407,13.059810472751648,7.9618853973994215,0
5,408,13.1106263235675,7.796542268947567,0
5,409,13.1106263235675,7.865708346339823,0
5,410,13.1106263235675,7.900038692421177,0
5,411,13.184026996968173,7.891201107215995,0
5,412,13.184026996968173,7.664831057080239,0
5,413,13.184026996968173,8.004471438764565,0
5,414,13.184026996968173,7.761354405413703,0
5,415,13.184026996968173,7.808499687901651,0
5,416,13.184026996968173,7.943293315073621,0
5,417,13.184026996968173,8.014229951463786,0
5,418,13.184026996968173,7.806574077066699,0
5,419,13.184026996968173,7.807031676444834,0
5,420,13.184026996968173,7.587623791023391,0
5,421,13.184026996968173,7.508164667539949,0
5,422,13.184026996968173,7.8603028135171025,0
5,423,13.184026996968173,7.708220615438711,0
5,424,13.184026996968173,7.554919460134645,0
5,425,13.184026996968173,7.850054695980146,0
5,426,13.184026996968173,7.737695434266751,0
5,427,13.184026996968173,7.695230691679244,0
5,428,13.184026996968173,7.962625546120917,0
5,429,13.184026996968173,7.919198329632184,0
5,430,13.184026996968173,7.894002365299846,0
5,431,13.184026996968173,7.342388192397921,0
5,432,13.184026996968173,7.913884231795824,0
5,433,13.184026996968173,7.6666061914527575,0
5,434,13.184026996968173,8.067911659240021,0
5,435,13.184026996968173,7.708665016916262,0
5,436,13.184026996968173,7.881749559608993,0
5,437,13.184026996968173,7.8921997900660745,0
5,438,13.184026996968173,7.752469992864781,0
5,439,13.184026996968173,7.535634958686188,0
5,440,13.184026996968173,7.767600121338729,0
5,441,13.184026996968173,7.637846905808721,0
5,442,13.184026996968173,8.109329917633023,0
5,443,13.184026996968173,7.9431868183816166,0
5,444,13.184026996968173,7.744826357392987,0
5,445,13.184026996968173,7.762031629674685,0
5,446,13.221291954233129,8.042330722647552,0
5,447,13.221291954233129,7.724730008777485,0
5,448,13.221291954233129,7.827876744971538,0
5,449,13.221291954233129,7.972739470096888,0
5,450,13.221291954233129,7.748968762861407,0
5,451,13.221291954233129,7.688895821785239,0
5,452,13.221291954233129,8.015669378988378,0
5,453,13.221291954233129,8.128367131981973,0
5,454,13.221291954233129,7.709930443819107,0
5,455,13.221291954233129,7.512166335109526,0
5,456,13.221291954233129,7.869656828535873,0
5,457,13.221291954233129,7.846276983966317,0
5,458,13.221291954233129,8.034113065326858,0
5,459,13.221291954233129,7.753211724309499,0
5,460,13.221291954233129,7.928586004201561,0
5,461,13.221291954233129,8.114807799753422,0
5,462,13.221291954233129,8.100909666514639,0
5,463,13.221291954233129,7.8563633031787425,0
5,464,13.221291954233129,7.730058105672984,0
5,465,13.221291954233129,7.587819165385125,0
5,466,13.221291954233129,7.841309796623597,0
5,467,13.221291954233129,7.811770554382256,0
5,468,13.221291954233129,7.89301327785823,0
5,469,13.221291954233129,7.761030710441079,0
5,470,13.27210780504898,8.154992708452786,0
5,471,13.27210780504898,7.678333718574569,0
5,472,13.27210780504898,7.81644808866252,0
5,473,13.27210780504898,7.744278957069887,0
5,474,13.27210780504898,8.090091997774737,0
5,475,13.27210780504898,7.795108748611365,0
5,476,13.27210780504898,8.12874075689357,0
5,477,13.27210780504898,7.8486760737154535,0
5,478,13.27210780504898,7.9794267315811895,0
5,479,13.27210780504898,7.725918136845937,0
5,480,13.27210780504898,7.6777025864172375,0
5,481,13.27210780504898,7.87831679584057,0
5,482,13.27210780504898,7.846182494361616,0
5,483,13.27210780504898,7.731433301020121,0
5,484,13.27210780504898,7.939803204156147,0
5,485,13.58099669393787,7.976864751480778,0
5,486,13.58099669393787,8.06321052105778,0
5,487,13.58099669393787,7.813606376627105,0
5,488,13.58099669393787,7.837807162451572,0
5,489,13.58099669393787,8.113922196605568,0
5,490,13.58099669393787,8.2662571340024,0
5,491,13.58099669393787,8.044739895008961,0
5,492,13.58099669393787,8.053437635059616,0
5,493,13.58099669393787,8.331785759372915,0
5,494,13.58099669393787,8.138441703046333,0
5,495,13.58099669393787,8.103139346432545,0
5,496,13.58099669393787,7.997396535991866,0
5,497,13.58099669393787,8.23864588413279,0
5,498,13.58099669393787,7.7677532508271385,0
5,499,13.58099669393787,8.116212165411799,0
5,500,13.58099669393787,8.089477079924357,0
5,501,13.58099669393787,8.15189104837854,0
5,502,13.58099669393787,8.495048579688858,0
5,503,13.58099669393787,8.188760841674444,0
5,504,13.58099669393787,7.82633689597256,0
5,505,13.58099669393787,8.449348344665681,0
5,506,13.58099669393787,8.192833429434193,0
5,507,13.58099669393787,8.42070519602239,0
5,508,13.58099669393787,8.054870839638332,0
5,509,13.58099669393787,8.317851932039254,0
5,510,13.58099669393787,8.25507626901562,0
5,511,13.618261651202827,8.215329425294222,0
5,512,13.618261651202827,8.065054726640094,0
5,513,13.618261651202827,8.108067037882348,0
5,514,13.618261651202827,8.0933564387246,0
5,515,13.618261651202827,8.17710363757533,0
5,516,13.618261651202827,7.887177217403266,0
5,517,13.618261651202827,7.941650703868171,0
5,518,13.618261651202827,8.068528452514107,0
5,519,13.618261651202827,8.06339034932944,0
5,520,13.618261651202827,8.234782712061381,0
5,521,13.618261651202827,8.00593389841646,0
5,522,13.618261651202827,7.943624206549625,0
5,523,13.669077502018677,8.287336371571097,0
5,524,13.669077502018677,8.00157744633596,0
5,525,13.669077502018677,8.092678758973111,0
5,526,13.669077502018677,8.112484335432931,0
5,527,13.669077502018677,8.28159589771123,0
5,528,13.669077502018677,8.020049689598599,0
5,529,13.669077502018677,7.7679582361747315,0
5,530,13.669077502018677,7.684424537235387,0
5,531,13.669077502018677,7.935815978896817,0
5,532,13.669077502018677,8.045866460509869,0
5,533,13.669077502018677,7.853912111052588,0
5,534,13.669077502018677,7.987515996545121,0
5,535,13.669077502018677,7.583484786354453,0
5,536,13.669077502018677,7.957390654758959,0
5,537,13.669077502018677,7.697148710365843,0
5,538,13.669077502018677,7.994762057041683,0
5,539,13.669077502018677,7.933910566383195,0
5,540,13.669077502018677,8.155660415626421,0
5,541,13.669077502018677,7.9565226283617125,0
5,542,13.669077502018677,7.945249894307526,0
5,543,13.669077502018677,7.825733947938007,0
5,544,13.669077502018677,8.118898642850096,0
5,545,13.669077502018677,7.772859946022976,0
5,546,13.669077502018677,7.884790001341989,0
5,547,13.669077502018677,8.08796900433599,0
5,548,13.669077502018677,8.239074064110463,0
5,549,13.669077502018677,8.323394685843537,0
5,550,13.669077502018677,8.175541928473777,0
5,551,13.669077502018677,8.386097754420115,0
5,552,13.669077502018677,7.9710429348541965,0
5,553,13.669077502018677,8.14351469154689,0
5,554,13.669077502018677,8.0751740692045,0
5,555,13.669077502018677,7.821920918441819,0
5,556,13.669077502018677,8.149671692244329,0
5,557,13.669077502018677,8.269892471347243,0
5,558,13.669077502018677,8.352397755736533,0
5,559,13.669077502018677,8.55008086464851,0
5,560,13.926972238860781,8.190250884595452,0
5,561,13.926972238860781,8.399482276665392,0
5,562,13.926972238860781,8.34082273987655,0
5,563,13.926972238860781,8.175280563524929,0
5,564,13.926972238860781,8.217695513922045,0
5,565,13.949469658881421,8.049920068106939,0
5,566,13.949469658881421,8.333549227402187,0
5,567,13.949469658881421,8.08213061611976,0
5,568,13.949469658881421,8.374304711155077,0
5,569,13.977966390907566,8.253109637493198,0
5,570,13.977966390907566,8.139546680976602,0
5,571,13.977966390907566,8.202195689943174,0
5,572,13.977966390907566,8.189656163310564,0
5,573,13.977966390907566,8.089381503864429,0
5,574,14.015231348172524,8.144701455433015,0
5,575,14.015231348172524,8.210550275999132,0
5,576,14.015231348172524,8.073658151582567,0
5,577,14.015231348172524,8.014579505926376,0
5,578,14.015231348172524,8.044334610369734,0
5,579,14.015231348172524,8.11001409737777,0
5,580,14.015231348172524,8.0160804873504,0
5,581,14.015231348172524,7.948794758825101,0
5,582,14.015231348172524,8.360235582507583,0
5,583,14.015231348172524,8.177668901259763,0
5,584,14.015231348172524,8.609925894935344,0
5,585,14.015231348172524,8.354898856840155,0
5,586,14.015231348172524,8.317761724790108,0
5,587,14.015231348172524,8.259269541992971,0
5,588,14.015231348172524,8.303870471650066,0
5,589,14.015231348172524,8.318846462542972,0
5,590,14.015231348172524,8.129270994317427,0
5,591,14.015231348172524,8.015184397042434,0
5,592,14.015231348172524,8.232856256985237,0
5,593,14.015231348172524,8.020764955610657,0
5,594,14.015231348172524,8.394875224649269,0
5,595,14.015231348172524,8.280321155041522,0
5,596,14.066047198988374,8.41085536399469,0
5,597,14.066047198988374,8.459210581159638,0
5,598,14.066047198988374,8.045250180972891,0
5,599,14.066047198988374,8.288335256486642,0
5,600,14.066047198988374,8.427466890610187,0
5,601,14.066047198988374,8.442381264538652,0
5,602,14.066047198988374,8.344963889083717,0
5,603,14.066047198988374,8.248244581411864,0
5,604,14.066047198988374,7.900426983886922,0
5,605,14.066047198988374,8.098967376132562,0
5,606,14.066047198988374,8.097503895117983,0
5,607,14.066047198988374,8.027880776595762,0
5,608,14.066047198988374,8.495401945259172,0
5,609,14.066047198988374,8.262070419081262,0
5,610,14.066047198988374,8.619781853259711,0
5,611,14.066047198988374,8.27397599769406,0
5,612,14.066047198988374,8.356344465606263,0
5,613,14.066047198988374,8.191392374384158,0
5,614,14.066047198988374,8.173973653125552,0
5,615,14.066047198988374,8.537732606087506,0
5,616,14.066047198988374,8.38982506329057,0
5,617,14.066047198988374,8.162058116003536,0
5,618,14.066047198988374,8.47810108839409,0
5,619,14.066047198988374,8.654587611906635,0
5,620,14.066047198988374,8.268841463610366,0
5,621,14.066047198988374,8.304278967544015,0
5,622,14.066047198988374,8.508919300518112,0
5,623,14.066047198988374,8.333485241883421,0
5,624,14.066047198988374,8.287959662614343,0
5,625,14.066047198988374,8.530596761051815,0
5,626,14.066047198988374,8.339972888136794,0
5,627,14.066047198988374,8.158613513149353,0
5,628,14.066047198988374,8.305487870889774,0
5,629,14.066047198988374,8.565449880062399,0
5,630,14.066047198988374,7.985560453451156,0
5,631,14.066047198988374,8.256894483292344,0
5,632,14.066047198988374,8.264508761772685,0
5,633,14.066047198988374,8.237831352554487,0
5,634,14.066047198988374,8.299984440265426,0
5,635,14.066047198988374,8.097680637558986,0
5,636,14.066047198988374,7.794001710500999,0
5,637,14.066047198988374,8.060172246144969,0
5,638,14.066047198988374,8.007421412546476,0
5,639,14.066047198988374,8.497103061242909,0
5,640,14.066047198988374,8.180673331511805,0
5,641,14.066047198988374,8.229452124890457,0
5,642,14.066047198988374,8.29629019436082,0
5,643,14.066047198988374,8.317008648470342,0
5,644,14.066047198988374,8.340296966526802,0
5,645,14.066047198988374,8.313279085734255,0
5,646,14.066047198988374,8.265645371153655,0
5,647,14.066047198988374,7.989502101473433,0
5,648,14.066047198988374,7.968611639122221,0
5,649,14.066047198988374,8.091774290163452,0
5,650,14.066047198988374,8.247090712460208,0
5,651,14.066047198988374,8.677526761423005,0
5,652,14.066047198988374,8.196638244120612,0
5,653,14.066047198988374,8.41177306703385,0
5,654,14.066047198988374,8.350861379203806,0
5,655,14.066047198988374,7.939653295408738,0
5,656,14.066047198988374,8.33999541917279,0
5,657,14.066047198988374,8.068786235703167,0
5,658,14.066047198988374,8.142864565781919,0
5,659,14.066047198988374,8.217837041750167,0
5,660,14.066047198988374,8.239638266035962,0
5,661,14.066047198988374,8.023542334416952,0
5,662,14.066047198988374,8.285982740807984,0
5,663,14.066047198988374,8.225497572744123,0
5,664,14.066047198988374,8.278671856910128,0
5,665,14.066047198988374,8.370886495631465,0
5,666,14.066047198988374,8.1987661038555,0
5,667,14.066047198988374,7.895457982574824,0
5,668,14.066047198988374,8.35308507571985,0
5,669,14.066047198988374,8.143264209117435,0
5,670,14.066047198988374,8.528232116549564,0
5,671,14.066047198988374,8.127564131301675,0
5,672,14.066047198988374,8.345912989447696,0
5,673,14.066047198988374,7.937990526195265,0
5,674,14.066047198988374,8.240485405802053,0
5,675,14.066047198988374,8.322515052471196,0
5,676,14.066047198988374,8.215060926506666,0
5,677,14.066047198988374,8.296000262335017,0
5,678,14.066047198988374,8.565319623900685,0
5,679,14.066047198988374,8.432027206131691,0
5,680,14.066047198988374,8.381663193171596,0
5,681,14.066047198988374,8.506199037594918,0
5,682,14.066047198988374,8.511559702985275,0
5,683,14.066047198988374,8.682458170959872,0
5,684,14.066047198988374,8.33497045502066,0
5,685,14.066047198988374,8.222660271641193,0
5,686,14.066047198988374,8.468162282418973,0
5,687,14.066047198988374,8.339256273191115,0
5,688,14.066047198988374,8.179809714144929,0
5,689,14.066047198988374,8.44624908290933,0
5,690,14.066047198988374,8.444668764439909,0
5,691,14.066047198988374,8.32150873823135,0
5,692,14.066047198988374,8.04624812625054,0
5,693,14.066047198988374,8.575861598512903,0
5,694,14.066047198988374,8.384384153385414,0
5,695,14.066047198988374,8.391089538579553,0
5,696,14.066047198988374,8.674116212050874,0
5,697,14.066047198988374,8.460278344533478,0
5,698,14.066047198988374,8.289869826823315,0
5,699,14.066047198988374,8.529530939526216,0
5,700,14.066047198988374,8.304968021915265,0
5,701,14.066047198988374,8.608488433834752,0
5,702,14.066047198988374,8.052839199828819,0
5,703,14.066047198988374,8.190506933428761,0
5,704,14.066047198988374,8.549504484039636,0
5,705,14.066047198988374,8.32454402445574,0
5,706,14.066047198988374,8.242948816623892,0
5,707,14.066047198988374,8.347309368654505,0
5,708,14.066047198988374,8.270707968577142,0
5,709,14.066047198988374,8.557930741131921,0
5,710,14.116863049804227,8.281265048032102,0
5,711,14.116863049804227,8.090180731191209,0
5,712,14.116863049804227,8.609963343324415,0
5,713,14.116863049804227,8.470868932249468,0
5,714,14.116863049804227,8.150544675843468,0
5,715,14.116863049804227,8.153330079604707,0
5,716,14.116863049804227,8.400306952455095,0
5,717,14.116863049804227,8.072979816326493,0
5,718,14.116863049804227,8.223362098434354,0
5,719,14.116863049804227,8.36935353580768,0
5,720,14.116863049804227,8.345002403108436,0
5,721,14.116863049804227,8.081395597572314,0
5,722,14.116863049804227,8.378744363742292,0
5,723,14.116863049804227,8.321554102762503,0
5,724,14.116863049804227,8.688306143899998,0
5,725,14.116863049804227,8.291691174045102,0
5,726,14.116863049804227,8.651899163883952,0
5,727,14.116863049804227,8.599929358070202,0
5,728,14.116863049804227,8.651867611577211,0
5,729,14.116863049804227,8.55021395207894,0
5,730,14.116863049804227,8.261863682260664,0
5,731,14.116863049804227,8.198886422733425,0
5,732,14.116863049804227,8.245482085917303,0
5,733,14.116863049804227,8.251561259104568,0
5,734,14.116863049804227,8.476727245332848,0
5,735,14.116863049804227,8.433044916147079,0
5,736,14.116863049804227,8.547353325847284,0
5,737,14.278344531285708,8.490847847017966,0
5,738,14.278344531285708,8.2337253686862,0
5,739,14.278344531285708,8.314451372525598,0
5,740,14.278344531285708,8.188900422543023,0
5,741,14.278344531285708,8.35660457764814,0
5,742,14.278344531285708,8.556867462054727,0
5,743,14.278344531285708,8.849773239225936,0
5,744,14.278344531285708,8.989507705592242,0
5,745,14.278344531285708,8.60751620220125,0
5,746,14.278344531285708,8.623139913165707,0
5,747,14.278344531285708,8.391955173912317,0
5,748,14.278344531285708,8.735512582948338,0
5,749,14.278344531285708,8.73890033442029,0
5,750,14.278344531285708,8.687701200299992,0
5,751,14.278344531285708,9.254976122858624,0
5,752,14.278344531285708,9.268973852071582,0
5,753,14.278344531285708,8.921446333059132,0
5,754,14.278344531285708,8.808603901546757,0
5,755,14.278344531285708,8.80566506246143,0
5,756,14.278344531285708,8.636051674865842,0
5,757,14.278344531285708,8.463095705460555,0
5,758,14.278344531285708,8.782680714154553,0
5,759,14.278344531285708,8.589245086429571,0
5,760,14.278344531285708,8.49035383129873,0
5,761,14.278344531285708,8.77010295403595,0
5,762,14.278344531285708,8.519018683492117,0
5,763,14.278344531285708,8.691717857995991,0
5,764,14.278344531285708,8.817798155242505,0
5,765,14.278344531285708,8.723059981556359,0
5,766,14.278344531285708,8.675391921829581,0
5,767,14.278344531285708,8.635379595587477,0
5,768,14.278344531285708,8.659621036710242,0
5,769,14.278344531285708,8.69912650441684,0
5,770,14.278344531285708,8.652245877066752,0
5,771,14.278344531285708,8.894024130806004,0
5,772,14.278344531285708,8.84300631060441,0
5,773,14.278344531285708,8.640163380321864,0
5,774,14.278344531285708,8.690917362357851,0
5,775,14.278344531285708,8.819650568736112,0
5,776,14.278344531285708,8.778932416401519,0
5,777,14.329160382101557,8.744050034570902,0
5,778,14.329160382101557,8.637767594367586,0
5,779,14.329160382101557,8.815762022058667,0
5,780,14.329160382101557,8.957981414897326,0
5,781,14.329160382101557,8.68333493013038,0
5,782,14.329160382101557,8.774805789548708,0
5,783,14.329160382101557,8.661901576662741,0
5,784,14.329160382101557,8.666951611657264,0
5,785,14.40256105550223,8.692048771659397,0
5,786,14.40256105550223,8.469903767688738,0
5,787,14.40256105550223,8.604697706903794,0
5,788,14.40256105550223,8.898026804129673,0
5,789,14.40256105550223,8.801159748754744,0
5,790,14.40256105550223,8.690139647704834,0
5,791,14.40256105550223,8.646734385604821,0
5,792,14.40256105550223,8.723951998628728,0
5,793,14.40256105550223,8.243858718640281,0
5,794,14.40256105550223,8.513934910106434,0
5,795,14.40256105550223,8.741419080900963,0
5,796,14.40256105550223,8.952294447592044,0
5,797,14.40256105550223,9.104279001012992,0
5,798,14.40256105550223,8.595589805248022,0
5,799,14.40256105550223,8.808571465289194,0
5,800,14.40256105550223,8.971389162593757,0
5,801,14.40256105550223,8.690213497634613,0
5,802,14.40256105550223,8.678649240394074,0
5,803,14.475961728902904,8.841728958174189,0
5,804,14.475961728902904,8.863563178679364,0
5,805,14.475961728902904,8.813054026018374,0
5,806,14.475961728902904,8.870593365493857,0
5,807,14.475961728902904,9.024647763038967,0
5,808,14.475961728902904,9.16841309823159,0
5,809,14.475961728902904,8.92308719631643,0
5,810,14.475961728902904,9.06400400804438,0
5,811,14.475961728902904,9.030723808147119,0
5,812,14.475961728902904,8.783931027428814,0
5,813,14.475961728902904,8.7732469502011,0
5,814,14.475961728902904,8.714993753144247,0
5,815,14.475961728902904,8.75202276229549,0
5,816,14.475961728902904,8.885675622716624,0
5,817,14.475961728902904,8.802201550269896,0
5,818,14.475961728902904,8.759317886391136,0
5,819,14.475961728902904,8.953322191208231,0
5,820,14.475961728902904,8.981685465718702,0
5,821,14.475961728902904,8.883382990875251,0
5,822,14.475961728902904,9.013123920231626,0
5,823,14.475961728902904,8.710319161433807,0
5,824,14.475961728902904,8.914231511234114,0
5,825,14.475961728902904,8.704091494702256,0
5,826,14.475961728902904,8.929232725578421,0
5,827,14.475961728902904,8.834692226402582,0
5,828,14.475961728902904,9.007468095861068,0
5,829,14.475961728902904,8.47563158234001,0
5,830,14.475961728902904,8.324709562413892,0
5,831,14.475961728902904,8.474008473182513,0
5,832,14.475961728902904,8.423325736374546,0
5,833,14.475961728902904,8.435317442777801,0
5,834,14.475961728902904,8.907794472056612,0
5,835,14.475961728902904,8.820279995144421,0
5,836,14.475961728902904,8.809392704990676,0
5,837,14.475961728902904,9.028763175011795,0
5,838,14.475961728902904,8.507090711605139,0
5,839,14.475961728902904,8.789490647559566,0
5,840,14.475961728902904,8.783555140608904,0
5,841,14.475961728902904,8.92801875489165,0
5,842,14.475961728902904,8.549308482525236,0
5,843,14.475961728902904,8.704582755887289,0
5,844,14.475961728902904,8.862167036992462,0
5,845,14.475961728902904,8.598224922129779,0
5,846,14.549362402303577,8.953724936768278,0
5,847,14.549362402303577,8.586373522053407,0
5,848,14.549362402303577,8.90400290151242,0
5,849,14.549362402303577,8.75307513489538,0
5,850,14.549362402303577,8.767630794939294,0
5,851,14.549362402303577,8.738587251591927,0
5,852,14.549362402303577,8.601119003106858,0
5,853,14.549362402303577,8.78529773515295,0
5,854,14.549362402303577,8.888737664408023,0
5,855,14.549362402303577,8.927226045518237,0
5,856,14.549362402303577,8.973162087170008,0
5,857,14.549362402303577,8.991040888466786,0
5,858,14.549362402303577,8.983109433319346,0
5,859,14.549362402303577,8.688327958261418,0
5,860,14.549362402303577,8.981135781056707,0
5,861,14.549362402303577,8.738470704692963,0
5,862,14.549362402303577,8.824858074657676,0
5,863,14.549362402303577,8.860173640515983,0
5,864,14.549362402303577,8.982707192895436,0
5,865,14.549362402303577,8.972249371140082,0
5,866,14.549362402303577,9.127366880139812,0
5,867,14.549362402303577,8.681592712252373,0
5,868,14.549362402303577,8.882707382818593,0
5,869,14.549362402303577,8.822640549816425,0
5,870,14.549362402303577,9.028344734338761,0
5,871,14.549362402303577,8.785801783499402,0
5,872,14.549362402303577,8.816550240789978,0
5,873,14.549362402303577,8.681344491043221,0
5,874,14.549362402303577,9.02265972243378,0
5,875,14.549362402303577,8.776812375419814,0
5,876,14.549362402303577,9.186831424907393,0
5,877,14.549362402303577,8.83952503490935,0
5,878,14.549362402303577,8.94111327819515,0
5,879,14.549362402303577,8.618406089754185,0
5,880,14.549362402303577,8.897003672651584,0
5,881,14.549362402303577,8.630994352620302,0
5,882,14.549362402303577,8.716258810298996,0
5,883,14.549362402303577,8.87628809489755,0
5,884,14.549362402303577,8.926239687055215,0
5,885,14.549362402303577,8.80434252449447,0
5,886,14.549362402303577,9.119804916165585,0
5,887,14.549362402303577,8.763648686768166,0
5,888,14.549362402303577,8.942221628904242,0
5,889,14.549362402303577,9.033532548024365,0
5,890,14.549362402303577,8.83640587721348,0
5,891,14.549362402303577,8.941326436088566,0
5,892,14.549362402303577,8.895695726063915,0
5,893,14.549362402303577,8.995190492517962,0
5,894,14.549362402303577,9.137226287959496,0
5,895,14.549362402303577,9.01331426961342,0
5,896,14.549362402303577,8.830355044065668,0
5,897,14.549362402303577,8.786780580543626,0
5,898,14.549362402303577,8.44270124937722,0
5,899,14.549362402303577,8.715714106510388,0
5,900,14.549362402303577,9.09501350942268,0
5,901,14.549362402303577,8.718213224873068,0
5,902,14.549362402303577,8.903991193833802,0
5,903,14.549362402303577,8.423129537862264,0
5,904,14.549362402303577,8.931342478887526,0
5,905,14.549362402303577,8.739679454701784,0
5,906,14.549362402303577,8.531504798455433,0
5,907,14.549362402303577,8.955407425582093,0
5,908,14.549362402303577,9.107693478662934,0
5,909,14.549362402303577,8.983286534567183,0
5,910,14.549362402303577,8.989957771479482,0
5,911,14.549362402303577,9.18296009480466,0
5,912,14.549362402303577,8.992003532282517,0
5,913,14.549362402303577,8.535413143774507,0
5,914,14.549362402303577,8.865447822111728,0
5,915,14.549362402303577,8.769162015906236,0
5,916,14.549362402303577,9.163376285665969,0
5,917,14.549362402303577,9.001558334949518,0
5,918,14.549362402303577,8.755436506732226,0
5,919,14.549362402303577,8.987992363828985,0
5,920,14.549362402303577,8.857725441700756,0
5,921,14.549362402303577,8.705019309567188,0
5,922,14.549362402303577,8.735006058583714,0
5,923,14.549362402303577,8.718738730960686,0
5,924,14.549362402303577,8.942627692586225,0
5,925,14.549362402303577,9.213638665707595,0
5,926,14.549362402303577,9.095936989007535,0
5,927,14.549362402303577,9.13548777717745,0
5,928,14.549362402303577,8.839717455594519,0
5,929,14.549362402303577,9.034142073308034,0
5,930,14.549362402303577,8.82761364226329,0
5,931,14.549362402303577,8.619318857785553,0
5,932,14.549362402303577,8.901993119678338,0
5,933,14.549362402303577,8.918730774404326,0
5,934,14.549362402303577,9.022095283955526,0
5,935,14.549362402303577,8.800283150489276,0
5,936,14.549362402303577,9.336734205423884,0
5,937,14.549362402303577,8.910672784492045,0
5,938,14.549362402303577,8.869570122944822,0
5,939,14.549362402303577,8.82520610847013,0
5,940,14.549362402303577,8.747256448367692,0
5,941,14.549362402303577,8.910691120026907,0
5,942,14.549362402303577,8.692587765491686,0
5,943,14.549362402303577,8.605766477889146,0
5,944,14.549362402303577,8.959256408106722,0
5,945,14.549362402303577,8.896442746971351,0
5,946,14.549362402303577,8.599841068361167,0
5,947,14.549362402303577,8.701229137604901,0
5,948,14.549362402303577,8.966668979394282,0
5,949,14.549362402303577,9.144375611188451,0
5,950,14.549362402303577,8.853516488877974,0
5,951,14.549362402303577,8.76089373643986,0
5,952,14.549362402303577,8.45075476968565,0
5,953,14.549362402303577,8.730463416750533,0
5,954,14.549362402303577,8.747404700430003,0
5,955,14.549362402303577,8.967694007090428,0
5,956,14.549362402303577,8.855960618307869,0
5,957,14.549362402303577,8.861423980323577,0
5,958,14.549362402303577,8.639325836196699,0
5,959,14.549362402303577,8.80006912047926,0
5,960,14.549362402303577,8.853043541094191,0
5,961,14.549362402303577,8.479357241555485,0
5,962,14.549362402303577,8.610942832586689,0
5,963,14.549362402303577,9.061051591974195,0
5,964,14.549362402303577,8.934459066414409,0
5,965,14.549362402303577,8.847020798951723,0
5,966,14.549362402303577,8.91853888732825,0
5,967,14.549362402303577,8.834408718165419,0
5,968,14.549362402303577,9.22284991638843,0
5,969,14.829754559166322,8.967296157834353,0
5,970,14.829754559166322,8.734756797051904,0
5,971,14.829754559166322,9.046397796439646,0
5,972,14.829754559166322,9.129030803486721,0
5,973,14.829754559166322,9.074412175595548,0
5,974,14.829754559166322,9.0029195398896,0
5,975,14.858251291192463,9.031597721461846,0
5,976,14.924012980483562,8.90199074557945,0
5,977,14.924012980483562,8.954929022733994,0
5,978,14.924012980483562,8.995983246898794,0
5,979,14.924012980483562,8.963900704039633,0
5,980,14.924012980483562,9.012361070093077,0
5,981,14.924012980483562,9.257351903781805,0
5,982,14.961277937748521,8.832879225678688,0
5,983,14.961277937748521,9.15010535933126,0
5,984,14.961277937748521,9.132405393162047,0
5,985,14.961277937748521,8.91998474402561,0
5,986,14.961277937748521,8.899189886677801,0
5,987,14.961277937748521,9.114468894002378,0
5,988,14.961277937748521,8.970798837901004,0
5,989,14.961277937748521,9.332879765939825,0
5,990,14.961277937748521,9.27303983752197,0
5,991,14.961277937748521,9.00117284500442,0
5,992,14.961277937748521,9.200989069979888,0
5,993,14.961277937748521,8.905514930431336,0
5,994,14.961277937748521,9.144214633251163,0
5,995,14.961277937748521,8.943751757312745,0
5,996,14.961277937748521,9.01870490142812,0
5,997,14.961277937748521,9.301917389249894,0
5,998,14.961277937748521,8.9876254319697,0
5,999,14.961277937748521,9.13444847576314,0
5,1000,14.961277937748521,9.209601779592534,0
10,0,0,0,0
10,1,0,0,0
10,2,0,0,0
10,3,0,0,0
10,4,0,0,0
10,5,0,0,0
10,6,0,0,0
10,7,0,0,0
10,8,0,0,0
10,9,0,0,0
10,10,0,0,0
10,11,0,0,0
10,12,0,0,0
10,13,0,0,0
10,14,0,0,0
10,15,0,0,0
10,16,0,0,0
10,17,0,0,0
10,18,0,0,0
10,19,0,0,0
10,20,0,0,0
10,21,0,0,0
10,22,0,0,0
10,23,0,0,0
10,24,0,0,0
10,25,0,0,0
10,26,0,0,0
10,27,0,0,0
10,28,0,0,0
10,29,0,0,0
10,30,0,0,0
10,31,0,0,0
10,32,0,0,0
10,33,0,0,0
10,34,0,0,0
10,35,0,0,0
10,36,0,0,0
10,37,0,0,0
10,38,0,0,0
10,39,0,0,0
10,40,0,0,0
10,41,0,0,0
10,42,0,0,0
10,43,0,0,0
10,44,0,0,0
10,45,0,0,0
10,46,0,0,0
10,47,0,0,0
10,48,0,0,0
10,49,0,0,0
10,50,0,0,0
10,51,0,0,0
10,52,0,0,0
10,53,0,0,0
10,54,0,0,0
10,55,0,0,0
10,56,0,0,0
10,57,0,0,0
10,58,0,0,0
10,59,0,0,0
10,60,0,0,0
10,61,0,0,0
10,62,0,0,0
10,63,0,0,0
10,64,0,0,0
10,65,0,0,0
10,66,0,0,0
10,67,0,0,0
10,68,0,0,0
10,69,0,0,0
10,70,0,0,0
10,71,0,0,0
10,72,0,0,0
10,73,0,0,0
10,74,0,0,0
10,75,0,0,0
10,76,0,0,0
10,77,0,0,0
10,78,0,0,0
10,79,0,0,0
10,80,0,0,0
10,81,0,0,0
10,82,0,0,0
10,83,0,0,0
10,84,0,0,0
10,85,0,0,0
10,86,0,0,0
10,87,0,0,0
10,88,0,0,0
10,89,0,0,0
10,90,0,0,0
10,91,0,0,0
10,92,0,0,0
10,93,0,0,0
10,94,0,0,0
10,95,0,0,0
10,96,0,0,0
10,97,0,0,0
10,98,0,0,0
10,99,0,0,0
10,100,0,0,0
10,101,0,0,0
10,102,0,0,0
10,103,0,0,0
10,104,0,0,0
10,105,0,0,0
10,106,0,0,0
10,107,0,0,0
10,108,0,0,0
10,109,0,0,0
10,110,0,0,0
10,111,0,0,0
10,112,0,0,0
10,113,0,0,0
10,114,0,0,0
10,115,0,0,0
10,116,0,0,0
10,117,0,0,0
10,118,0,0,0
10,119,0,0,0
10,120,0,0,0
10,121,0,0,0
10,122,0,0,0
10,123,0,0,0
10,124,0,0,0
10,125,0,0,0
10,126,0,0,0
10,127,0,0,0
10,128,0,0,0
10,129,0,0,0
10,130,0,0,0
10,131,0,0,0
10,132,0,0,0
10,133,0,0,0
10,134,0,0,0
10,135,0,0,0
10,136,0,0,0
10,137,0,0,0
10,138,0,0,0
10,139,0,0,0
10,140,0,0,0
10,141,0,0,0
10,142,0,0,0
10,143,0,0,0
10,144,0,0,0
10,145,0,0,0
10,146,0,0,0
10,147,0,0,0
10,148,0,0,0
10,149,0,0,0
10,150,0,0,0
10,151,0,0,0
10,152,0,0,0
10,153,0,0,0
10,154,0,0,0
10,155,0,0,0
10,156,0,0,0
10,157,0,0,0
10,158,0,0,0
10,159,0,0,0
10,160,0,0,0
10,161,0,0,0
10,162,0,0,0
10,163,0,0,0
10,164,0,0,0
10,165,0,0,0
10,166,0,0,0
10,167,0,0,0
10,168,0,0,0
10,169,0,0,0
10,170,0,0,0
10,171,0,0,0
10,172,0,0,0
10,173,0,0,0
10,174,0,0,0
10,175,0,0,0
10,176,0,0,0
10,177,0,0,0
10,178,0,0,0
10,179,0,0,0
10,180,0,0,0
10,181,0,0,0
10,182,0,0,0
10,183,0,0,0
10,184,0,0,0
10,185,0,0,0
10,186,0,0,0
10,187,0,0,0
10,188,0,0,0
10,189,0,0,0
10,190,0,0,0
10,191,0,0,0
10,192,0,0,0
10,193,0,0,0
10,194,0,0,0
10,195,0,0,0
10,196,0,0,0
10,197,0,0,0
10,198,0,0,0
10,199,0,0,0
10,200,0,0,0
10,201,0,0,0
10,202,0,0,0
10,203,0,0,0
10,204,0,0,0
10,205,0,0,0
10,206,0,0,0
10,207,0,0,0
10,208,0,0,0
10,209,0,0,0
10,210,0,0,0
10,211,0,0,0
10,212,0,0,0
10,213,0,0,0
10,214,0,0,0
10,215,0,0,0
10,216,0,0,0
10,217,0,0,0
10,218,0,0,0
10,219,0,0,0
10,220,0,0,0
10,221,0,0,0
10,222,0,0,0
10,223,0,0,0
10,224,0,0,0
10,225,0,0,0
10,226,0,0,0
10,227,0,0,0
10,228,0,0,0
10,229,0,0,0
10,230,0,0,0
10,231,0,0,0
10,232,0,0,0
10,233,0,0,0
10,234,0,0,0
10,235,0,0,0
10,236,0,0,0
10,237,0,0,0
10,238,0,0,0
10,239,0,0,0
10,240,0,0,0
10,241,0,0,0
10,242,0,0,0
10,243,0,0,0
10,244,0,0,0
10,245,0,0,0
10,246,0,0,0
10,247,0,0,0
10,248,0,0,0
10,249,0,0,0
10,250,0,0,0
10,251,0,0,0
10,252,0,0,0
10,253,0,0,0
10,254,0,0,0
10,255,0,0,0
10,256,0,0,0
10,257,0,0,0
10,258,0,0,0
10,259,0,0,0
10,260,0,0,0
10,261,0,0,0
10,262,0,0,0
10,263,0,0,0
10,264,0,0,0
10,265,0,0,0
10,266,0,0,0
10,267,0,0,0
10,268,0,0,0
10,269,0,0,0
10,270,0,0,0
10,271,0,0,0
10,272,0,0,0
10,273,0,0,0
10,274,0,0,0
10,275,0,0,0
10,276,0,0,0
10,277,0,0,0
10,278,0,0,0
10,279,0,0,0
10,280,0,0,0
10,281,0,0,0
10,282,0,0,0
10,283,0,0,0
10,284,0,0,0
10,285,0,0,0
10,286,0,0,0
10,287,0,0,0
10,288,0,0,0
10,289,0,0,0
10,290,0,0,0
10,291,0,0,0
10,292,0,0,0
10,293,0,0,0
10,294,0,0,0
10,295,0,0,0
10,296,0,0,0
10,297,0,0,0
10,298,0,0,0
10,299,0,0,0
10,300,0,0,0
10,301,0,0,0
10,302,0,0,0
10,303,0,0,0
10,304,0,0,0
10,305,0,0,0
10,306,0,0,0
10,307,0,0,0
10,308,0,0,0
10,309,0,0,0
10,310,0,0,0
10,311,0,0,0
10,312,0,0,0
10,313,0,0,0
10,314,0,0,0
10,315,0,0,0
10,316,0,0,0
10,317,0,0,0
10,318,0,0,0
10,319,0,0,0
10,320,0,0,0
10,321,0,0,0
10,322,0,0,0
10,323,0,0,0
10,324,0,0,0
10,325,0,0,0
10,326,0,0,0
10,327,0,0,0
10,328,0,0,0
10,329,0,0,0
10,330,0,0,0
10,331,0,0,0
10,332,0,0,0
10,333,0,0,0
10,334,0,0,0
10,335,0,0,0
10,336,0,0,0
10,337,0,0,0
10,338,0,0,0
10,339,0,0,0
10,340,0,0,0
10,341,0,0,0
10,342,0,0,0
10,343,0,0,0
10,344,0,0,0
10,345,0,0,0
10,346,0,0,0
10,347,0,0,0
10,348,0,0,0
10,349,0,0,0
10,350,0,0,0
10,351,0,0,0
10,352,0,0,0
10,353,0,0,0
10,354,0,0,0
10,355,0,0,0
10,356,0,0,0
10,357,0,0,0
10,358,0,0,0
10,359,0,0,0
10,360,0,0,0
10,361,0,0,0
10,362,0,0,0
10,363,0,0,0
10,364,0,0,0
10,365,0,0,0
10,366,0,0,0
10,367,0,0,0
10,368,0,0,0
10,369,0,0,0
10,370,0,0,0
10,371,0,0,0
10,372,0,0,0
10,373,0,0,0
10,374,0,0,0
10,375,0,0,0
10,376,0,0,0
10,377,0,0,0
10,378,0,0,0
10,379,0,0,0
10,380,0,0,0
10,381,0,0,0
10,382,0,0,0
10,383,0,0,0
10,384,0,0,0
10,385,0,0,0
10,386,0,0,0
10,387,0,0,0
10,388,0,0,0
10,389,0,0,0
10,390,0,0,0
10,391,0,0,0
10,392,0,0,0
10,393,0,0,0
10,394,0,0,0
10,395,0,0,0
10,396,0,0,0
10,397,0,0,0
10,398,0,0,0
10,399,0,0,0
10,400,0,0,0
10,401,0,0,0
10,402,0,0,0
10,403,0,0,0
10,404,0,0,0
10,405,0,0,0
10,406,0,0,0
10,407,0,0,0
10,408,0,0,0
10,409,0,0,0
10,410,0,0,0
10,411,0,0,0
10,412,0,0,0
10,413,0,0,0
10,414,0,0,0
10,415,0,0,0
10,416,0,0,0
10,417,0,0,0
10,418,0,0,0
10,419,0,0,0
10,420,0,0,0
10,421,0,0,0
10,422,0,0,0
10,423,0,0,0
10,424,0,0,0
10,425,0,0,0
10,426,0,0,0
10,427,0,0,0
10,428,0,0,0
10,429,0,0,0
10,430,0,0,0
10,431,0,0,0
10,432,0,0,0
10,433,0,0,0
10,434,0,0,0
10,435,0,0,0
10,436,0,0,0
10,437,0,0,0
10,438,0,0,0
10,439,0,0,0
10,440,0,0,0
10,441,0,0,0
10,442,0,0,0
10,443,0,0,0
10,444,0,0,0
10,445,0,0,0
10,446,0,0,0
10,447,0,0,0
10,448,0,0,0
10,449,0,0,0
10,450,0,0,0
10,451,0,0,0
10,452,0,0,0
10,453,0,0,0
10,454,0,0,0
10,455,0,0,0
10,456,0,0,0
10,457,0,0,0
10,458,0,0,0
10,459,0,0,0
10,460,0,0,0
10,461,0,0,0
10,462,0,0,0
10,463,0,0,0
10,464,0,0,0
10,465,0,0,0
10,466,0,0,0
10,467,0,0,0
10,468,0,0,0
10,469,0,0,0
10,470,0,0,0
10,471,0,0,0
10,472,0,0,0
10,473,0,0,0
10,474,0,0,0
10,475,0,0,0
10,476,0,0,0
10,477,0,0,0
10,478,0,0,0
10,479,0,0,0
10,480,0,0,0
10,481,0,0,0
10,482,0,0,0
10,483,0,0,0
10,484,0,0,0
10,485,0,0,0
10,486,0,0,0
10,487,0,0,0
10,488,0,0,0
10,489,0,0,0
10,490,0,0,0
10,491,0,0,0
10,492,0,0,0
10,493,0,0,0
10,494,0,0,0
10,495,0,0,0
10,496,0,0,0
10,497,0,0,0
10,498,0,0,0
10,499,0,0,0
10,500,0,0,0
10,501,0,0,0
10,502,0,0,0
10,503,0,0,0
10,504,0,0,0
10,505,0,0,0
10,506,0,0,0
10,507,0,0,0
10,508,0,0,0
10,509,0,0,0
10,510,0,0,0
10,511,0,0,0
10,512,0,0,0
10,513,0,0,0
10,514,0,0,0
10,515,0,0,0
10,516,0,0,0
10,517,0,0,0
10,518,0,0,0
10,519,0,0,0
10,520,0,0,0
10,521,0,0,0
10,522,0,0,0
10,523,0,0,0
10,524,0,0,0
10,525,0,0,0
10,526,0,0,0
10,527,0,0,0
10,528,0,0,0
10,529,0,0,0
10,530,0,0,0
10,531,0,0,0
10,532,0,0,0
10,533,0,0,0
10,534,0,0,0
10,535,0,0,0
10,536,0,0,0
10,537,0,0,0
10,538,0,0,0
10,539,0,0,0
10,540,0,0,0
10,541,0,0,0
10,542,0,0,0
10,543,0,0,0
10,544,0,0,0
10,545,0,0,0
10,546,0,0,0
10,547,0,0,0
10,548,0,0,0
10,549,0,0,0
10,550,0,0,0
10,551,0,0,0
10,552,0,0,0
10,553,0,0,0
10,554,0,0,0
10,555,0,0,0
10,556,0,0,0
10,557,0,0,0
10,558,0,0,0
10,559,0,0,0
10,560,0,0,0
10,561,0,0,0
10,562,0,0,0
10,563,0,0,0
10,564,0,0,0
10,565,0,0,0
10,566,0,0,0
10,567,0,0,0
10,568,0,0,0
10,569,0,0,0
10,570,0,0,0
10,571,0,0,0
10,572,0,0,0
10,573,0,0,0
10,574,0,0,0
10,575,0,0,0
10,576,0,0,0
10,577,0,0,0
10,578,0,0,0
10,579,0,0,0
10,580,0,0,0
10,581,0,0,0
10,582,0,0,0
10,583,0,0,0
10,584,0,0,0
10,585,0,0,0
10,586,0,0,0
10,587,0,0,0
10,588,0,0,0
10,589,0,0,0
10,590,0,0,0
10,591,0,0,0
10,592,0,0,0
10,593,0,0,0
10,594,0,0,0
10,595,0,0,0
10,596,0,0,0
10,597,0,0,0
10,598,0,0,0
10,599,0,0,0
10,600,0,0,0
10,601,0,0,0
10,602,0,0,0
10,603,0,0,0
10,604,0,0,0
10,605,0,0,0
10,606,0,0,0
10,607,0,0,0
10,608,0,0,0
10,609,0,0,0
10,610,0,0,0
10,611,0,0,0
10,612,0,0,0
10,613,0,0,0
10,614,0,0,0
10,615,0,0,0
10,616,0,0,0
10,617,0,0,0
10,618,0,0,0
10,619,0,0,0
10,620,0,0,0
10,621,0,0,0
10,622,0,0,0
10,623,0,0,0
10,624,0,0,0
10,625,0,0,0
10,626,0,0,0
10,627,0,0,0
10,628,0,0,0
10,629,0,0,0
10,630,0,0,0
10,631,0,0,0
10,632,0,0,0
10,633,0,0,0
10,634,0,0,0
10,635,0,0,0
10,636,0,0,0
10,637,0,0,0
10,638,0,0,0
10,639,0,0,0
10,640,0,0,0
10,641,0,0,0
10,642,0,0,0
10,643,0,0,0
10,644,0,0,0
10,645,0,0,0
10,646,0,0,0
10,647,0,0,0
10,648,0,0,0
10,649,0,0,0
10,650,0,0,0
10,651,0,0,0
10,652,0,0,0
10,653,0,0,0
10,654,0,0,0
10,655,0,0,0
10,656,0,0,0
10,657,0,0,0
10,658,0,0,0
10,659,0,0,0
10,660,0,0,0
10,661,0,0,0
10,662,0,0,0
10,663,0,0,0
10,664,0,0,0
10,665,0,0,0
10,666,0,0,0
10,667,0,0,0
10,668,0,0,0
10,669,0,0,0
10,670,0,0,0
10,671,0,0,0
10,672,0,0,0
10,673,0,0,0
10,674,0,0,0
10,675,0,0,0
10,676,0,0,0
10,677,0,0,0
10,678,0,0,0
10,679,0,0,0
10,680,0,0,0
10,681,0,0,0
10,682,0,0,0
10,683,0,0,0
10,684,0,0,0
10,685,0,0,0
10,686,0,0,0
10,687,0,0,0
10,688,0,0,0
10,689,0,0,0
10,690,0,0,0
10,691,0,0,0
10,692,0,0,0
10,693,0,0,0
10,694,0,0,0
10,695,0,0,0
10,696,0,0,0
10,697,0,0,0
10,698,0,0,0
10,699,0,0,0
10,700,0,0,0
10,701,0,0,0
10,702,0,0,0
10,703,0,0,0
10,704,0,0,0
10,705,0,0,0
10,706,0,0,0
10,707,0,0,0
10,708,0,0,0
10,709,0,0,0
10,710,0,0,0
10,711,0,0,0
10,712,0,0,0
10,713,0,0,0
10,714,0,0,0
10,715,0,0,0
10,716,0,0,0
10,717,0,0,0
10,718,0,0,0
10,719,0,0,0
10,720,0,0,0
10,721,0,0,0
10,722,0,0,0
10,723,0,0,0
10,724,0,0,0
10,725,0,0,0
10,726,0,0,0
10,727,0,0,0
10,728,0,0,0
10,729,0,0,0
10,730,0,0,0
10,731,0,0,0
10,732,0,0,0
10,733,0,0,0
10,734,0,0,0
10,735,0,0,0
10,736,0,0,0
10,737,0,0,0
10,738,0,0,0
10,739,0,0,0
10,740,0,0,0
10,741,0,0,0
10,742,0,0,0
10,743,0,0,0
10,744,0,0,0
10,745,0,0,0
10,746,0,0,0
10,747,0,0,0
10,748,0,0,0
10,749,0,0,0
10,750,0,0,0
10,751,0,0,0
10,752,0,0,0
10,753,0,0,0
10,754,0,0,0
10,755,0,0,0
10,756,0,0,0
10,757,0,0,0
10,758,0,0,0
10,759,0,0,0
10,760,0,0,0
10,761,0,0,0
10,762,0,0,0
10,763,0,0,0
10,764,0,0,0
10,765,0,0,0
10,766,0,0,0
10,767,0,0,0
10,768,0,0,0
10,769,0,0,0
10,770,0,0,0
10,771,0,0,0
10,772,0,0,0
10,773,0,0,0
10,774,0,0,0
10,775,0,0,0
10,776,0,0,0
10,777,0,0,0
10,778,0,0,0
10,779,0,0,0
10,780,0,0,0
10,781,0,0,0
10,782,0,0,0
10,783,0,0,0
10,784,0,0,0
10,785,0,0,0
10,786,0,0,0
10,787,0,0,0
10,788,0,0,0
10,789,0,0,0
10,790,0,0,0
10,791,0,0,0
10,792,0,0,0
10,793,0,0,0
10,794,0,0,0
10,795,0,0,0
10,796,0,0,0
10,797,0,0,0
10,798,0,0,0
10,799,0,0,0
10,800,0,0,0
10,801,0,0,0
10,802,0,0,0
10,803,0,0,0
10,804,0,0,0
10,805,0,0,0
10,806,0,0,0
10,807,0,0,0
10,808,0,0,0
10,809,0,0,0
10,810,0,0,0
10,811,0,0,0
10,812,0,0,0
10,813,0,0,0
10,814,0,0,0
10,815,0,0,0
10,816,0,0,0
10,817,0,0,0
10,818,0,0,0
10,819,0,0,0
10,820,0,0,0
10,821,0,0,0
10,822,0,0,0
10,823,0,0,0
10,824,0,0,0
10,825,0,0,0
10,826,0,0,0
10,827,0,0,0
10,828,0,0,0
10,829,0,0,0
10,830,0,0,0
10,831,0,0,0
10,832,0,0,0
10,833,0,0,0
10,834,0,0,0
10,835,0,0,0
10,836,0,0,0
10,837,0,0,0
10,838,0,0,0
10,839,0,0,0
10,840,0,0,0
10,841,0,0,0
10,842,0,0,0
10,843,0,0,0
10,844,0,0,0
10,845,0,0,0
10,846,0,0,0
10,847,0,0,0
10,848,0,0,0
10,849,0,0,0
10,850,0,0,0
10,851,0,0,0
10,852,0,0,0
10,853,0,0,0
10,854,0,0,0
10,855,0,0,0
10,856,0,0,0
10,857,0,0,0
10,858,0,0,0
10,859,0,0,0
10,860,0,0,0
10,861,0,0,0
10,862,0,0,0
10,863,0,0,0
10,864,0,0,0
10,865,0,0,0
10,866,0,0,0
10,867,0,0,0
10,868,0,0,0
10,869,0,0,0
10,870,0,0,0
10,871,0,0,0
10,872,0,0,0
10,873,0,0,0
10,874,0,0,0
10,875,0,0,0
10,876,0,0,0
10,877,0,0,0
10,878,0,0,0
10,879,0,0,0
10,880,0,0,0
10,881,0,0,0
10,882,0,0,0
10,883,0,0,0
10,884,0,0,0
10,885,0,0,0
10,886,0,0,0
10,887,0,0,0
10,888,0,0,0
10,889,0,0,0
10,890,0,0,0
10,891,0,0,0
10,892,0,0,0
10,893,0,0,0
10,894,0,0,0
10,895,0,0,0
10,896,0,0,0
10,897,0,0,0
10,898,0,0,0
10,899,0,0,0
10,900,0,0,0
10,901,0,0,0
10,902,0,0,0
10,903,0,0,0
10,904,0,0,0
10,905,0,0,0
10,906,0,0,0
10,907,0,0,0
10,908,0,0,0
10,909,0,0,0
10,910,0,0,0
10,911,0,0,0
10,912,0,0,0
10,913,0,0,0
10,914,0,0,0
10,915,0,0,0
10,916,0,0,0
10,917,0,0,0
10,918,0,0,0
10,919,0,0,0
10,920,0,0,0
10,921,0,0,0
10,922,0,0,0
10,923,0,0,0
10,924,0,0,0
10,925,0,0,0
10,926,0,0,0
10,927,0,0,0
10,928,0,0,0
10,929,0,0,0
10,930,0,0,0
10,931,0,0,0
10,932,0,0,0
10,933,0,0,0
10,934,0,0,0
10,935,0,0,0
10,936,0,0,0
10,937,0,0,0
10,938,0,0,0
10,939,0,0,0
10,940,0,0,0
10,941,0,0,0
10,942,0,0,0
10,943,0,0,0
10,944,0,0,0
10,945,0,0,0
10,946,0,0,0
10,947,0,0,0
10,948,0,0,0
10,949,0,0,0
10,950,0,0,0
10,951,0,0,0
10,952,0,0,0
10,953,0,0,0
10,954,0,0,0
10,955,0,0,0
10,956,0,0,0
10,957,0,0,0
10,958,0,0,0
10,959,0,0,0
10,960,0,0,0
10,961,0,0,0
10,962,0,0,0
10,963,0,0,0
10,964,0,0,0
10,965,0,0,0
10,966,0,0,0
10,967,0,0,0
10,968,0,0,0
10,969,0,0,0
10,970,0,0,0
10,971,0,0,0
10,972,0,0,0
10,973,0,0,0
10,974,0,0,0
10,975,0,0,0
10,976,0,0,0
10,977,0,0,0
10,978,0,0,0
10,979,0,0,0
10,980,0,0,0
10,981,0,0,0
10,982,0,0,0
10,983,0,0,0
10,984,0,0,0
10,985,0,0,0
10,986,0,0,0
10,987,0,0,0
10,988,0,0,0
10,989,0,0,0
10,990,0,0,0
10,991,0,0,0
10,992,0,0,0
10,993,0,0,0
10,994,0,0,0
10,995,0,0,0
10,996,0,0,0
10,997,0,0,0
10,998,0,0,0
10,999,0,0,0
10,1000,0,0,0
15,0,0,0,0
15,1,0,0,0
15,2,0,0,0
15,3,0,0,0
15,4,0,0,0
15,5,0,0,0
15,6,0,0,0
15,7,0,0,0
15,8,0,0,0
15,9,0,0,0
15,10,0,0,0
15,11,0,0,0
15,12,0,0,0
15,13,0,0,0
15,14,0,0,0
15,15,0,0,0
15,16,0,0,0
15,17,0,0,0
15,18,0,0,0
15,19,0,0,0
15,20,0,0,0
15,21,0,0,0
15,22,0,0,0
15,23,0,0,0
15,24,0,0,0
15,25,0,0,0
15,26,0,0,0
15,27,0,0,0
15,28,0,0,0
15,29,0,0,0
15,30,0,0,0
15,31,0,0,0
15,32,0,0,0
15,33,0,0,0
15,34,0,0,0
15,35,0,0,0
15,36,0,0,0
15,37,0,0,0
15,38,0,0,0
15,39,0,0,0
15,40,0,0,0
15,41,0,0,0
15,42,0,0,0
15,43,0,0,0
15,44,0,0,0
15,45,0,0,0
15,46,0,0,0
15,47,0,0,0
15,48,0,0,0
15,49,0,0,0
15,50,0,0,0
15,51,0,0,0
15,52,0,0,0
15,53,0,0,0
15,54,0,0,0
15,55,0,0,0
15,56,0,0,0
15,57,0,0,0
15,58,0,0,0
15,59,0,0,0
15,60,0,0,0
15,61,0,0,0
15,62,0,0,0
15,63,0,0,0
15,64,0,0,0
15,65,0,0,0
15,66,0,0,0
15,67,0,0,0
15,68,0,0,0
15,69,0,0,0
15,70,0,0,0
15,71,0,0,0
15,72,0,0,0
15,73,0,0,0
15,74,0,0,0
15,75,0,0,0
15,76,0,0,0
15,77,0,0,0
15,78,0,0,0
15,79,0,0,0
15,80,0,0,0
15,81,0,0,0
15,82,0,0,0
15,83,0,0,0
15,84,0,0,0
15,85,0,0,0
15,86,0,0,0
15,87,0,0,0
15,88,0,0,0
15,89,0,0,0
15,90,0,0,0
15,91,0,0,0
15,92,0,0,0
15,93,0,0,0
15,94,0,0,0
15,95,0,0,0
15,96,0,0,0
15,97,0,0,0
15,98,0,0,0
15,99,0,0,0
15,100,0,0,0
15,101,0,0,0
15,102,0,0,0
15,103,0,0,0
15,104,0,0,0
15,105,0,0,0
15,106,0,0,0
15,107,0,0,0
15,108,0,0,0
15,109,0,0,0
15,110,0,0,0
15,111,0,0,0
15,112,0,0,0
15,113,0,0,0
15,114,0,0,0
15,115,0,0,0
15,116,0,0,0
15,117,0,0,0
15,118,0,0,0
15,119,0,0,0
15,120,0,0,0
15,121,0,0,0
15,122,0,0,0
15,123,0,0,0
15,124,0,0,0
15,125,0,0,0
15,126,0,0,0
15,127,0,0,0
15,128,0,0,0
15,129,0,0,0
15,130,0,0,0
15,131,0,0,0
15,132,0,0,0
15,133,0,0,0
15,134,0,0,0
15,135,0,0,0
15,136,0,0,0
15,137,0,0,0
15,138,0,0,0
15,139,0,0,0
15,140,0,0,0
15,141,0,0,0
15,142,0,0,0
15,143,0,0,0
15,144,0,0,0
15,145,0,0,0
15,146,0,0,0
15,147,0,0,0
15,148,0,0,0
15,149,0,0,0
15,150,0,0,0
15,151,0,0,0
15,152,0,0,0
15,153,0,0,0
15,154,0,0,0
15,155,0,0,0
15,156,0,0,0
15,157,0,0,0
15,158,0,0,0
15,159,0,0,0
15,160,0,0,0
15,161,0,0,0
15,162,0,0,0
15,163,0,0,0
15,164,0,0,0
15,165,0,0,0
15,166,0,0,0
15,167,0,0,0
15,168,0,0,0
15,169,0,0,0
15,170,0,0,0
15,171,0,0,0
15,172,0,0,0
15,173,0,0,0
15,174,0,0,0
15,175,0,0,0
15,176,0,0,0
15,177,0,0,0
15,178,0,0,0
15,179,0,0,0
15,180,0,0,0
15,181,0,0,0
15,182,0,0,0
15,183,0,0,0
15,184,0,0,0
15,185,0,0,0
15,186,0,0,0
15,187,0,0,0
15,188,0,0,0
15,189,0,0,0
15,190,0,0,0
15,191,0,0,0
15,192,0,0,0
15,193,0,0,0
15,194,0,0,0
15,195,0,0,0
15,196,0,0,0
15,197,0,0,0
15,198,0,0,0
15,199,0,0,0
15,200,0,0,0
15,201,0,0,0
15,202,0,0,0
15,203,0,0,0
15,204,0,0,0
15,205,0,0,0
15,206,0,0,0
15,207,0,0,0
15,208,0,0,0
15,209,0,0,0
15,210,0,0,0
15,211,0,0,0
15,212,0,0,0
15,213,0,0,0
15,214,0,0,0
15,215,0,0,0
15,216,0,0,0
15,217,0,0,0
15,218,0,0,0
15,219,0,0,0
15,220,0,0,0
15,221,0,0,0
15,222,0,0,0
15,223,0,0,0
15,224,0,0,0
15,225,0,0,0
15,226,0,0,0
15,227,0,0,0
15,228,0,0,0
15,229,0,0,0
15,230,0,0,0
15,231,0,0,0
15,232,0,0,0
15,233,0,0,0
15,234,0,0,0
15,235,0,0,0
15,236,0,0,0
15,237,0,0,0
15,238,0,0,0
15,239,0,0,0
15,240,0,0,0
15,241,0,0,0
15,242,0,0,0
15,243,0,0,0
15,244,0,0,0
15,245,0,0,0
15,246,0,0,0
15,247,0,0,0
15,248,0,0,0
15,249,0,0,0
15,250,0,0,0
15,251,0,0,0
15,252,0,0,0
15,253,0,0,0
15,254,0,0,0
15,255,0,0,0
15,256,0,0,0
15,257,0,0,0
15,258,0,0,0
15,259,0,0,0
15,260,0,0,0
15,261,0,0,0
15,262,0,0,0
15,263,0,0,0
15,264,0,0,0
15,265,0,0,0
15,266,0,0,0
15,267,0,0,0
15,268,0,0,0
15,269,0,0,0
15,270,0,0,0
15,271,0,0,0
15,272,0,0,0
15,273,0,0,0
15,274,0,0,0
15,275,0,0,0
15,276,0,0,0
15,277,0,0,0
15,278,0,0,0
15,279,0,0,0
15,280,0,0,0
15,281,0,0,0
15,282,0,0,0
15,283,0,0,0
15,284,0,0,0
15,285,0,0,0
15,286,0,0,0
15,287,0,0,0
15,288,0,0,0
15,289,0,0,0
15,290,0,0,0
15,291,0,0,0
15,292,0,0,0
15,293,0,0,0
15,294,0,0,0
15,295,0,0,0
15,296,0,0,0
15,297,0,0,0
15,298,0,0,0
15,299,0,0,0
15,300,0,0,0
15,301,0,0,0
15,302,0,0,0
15,303,0,0,0
15,304,0,0,0
15,305,0,0,0
15,306,0,0,0
15,307,0,0,0
15,308,0,0,0
15,309,0,0,0
15,310,0,0,0
15,311,0,0,0
15,312,0,0,0
15,313,0,0,0
15,314,0,0,0
15,315,0,0,0
15,316,0,0,0
15,317,0,0,0
15,318,0,0,0
15,319,0,0,0
15,320,0,0,0
15,321,0,0,0
15,322,0,0,0
15,323,0,0,0
15,324,0,0,0
15,325,0,0,0
15,326,0,0,0
15,327,0,0,0
15,328,0,0,0
15,329,0,0,0
15,330,0,0,0
15,331,0,0,0
15,332,0,0,0
15,333,0,0,0
15,334,0,0,0
15,335,0,0,0
15,336,0,0,0
15,337,0,0,0
15,338,0,0,0
15,339,0,0,0
15,340,0,0,0
15,341,0,0,0
15,342,0,0,0
15,343,0,0,0
15,344,0,0,0
15,345,0,0,0
15,346,0,0,0
15,347,0,0,0
15,348,0,0,0
15,349,0,0,0
15,350,0,0,0
15,351,0,0,0
15,352,0,0,0
15,353,0,0,0
15,354,0,0,0
15,355,0,0,0
15,356,0,0,0
15,357,0,0,0
15,358,0,0,0
15,359,0,0,0
15,360,0,0,0
15,361,0,0,0
15,362,0,0,0
15,363,0,0,0
15,364,0,0,0
15,365,0,0,0
15,366,0,0,0
15,367,0,0,0
15,368,0,0,0
15,369,0,0,0
15,370,0,0,0
15,371,0,0,0
15,372,0,0,0
15,373,0,0,0
15,374,0,0,0
15,375,0,0,0
15,376,0,0,0
15,377,0,0,0
15,378,0,0,0
15,379,0,0,0
15,380,0,0,0
15,381,0,0,0
15,382,0,0,0
15,383,0,0,0
15,384,0,0,0
15,385,0,0,0
15,386,0,0,0
15,387,0,0,0
15,388,0,0,0
15,389,0,0,0
15,390,0,0,0
15,391,0,0,0
15,392,0,0,0
15,393,0,0,0
15,394,0,0,0
15,395,0,0,0
15,396,0,0,0
15,397,0,0,0
15,398,0,0,0
15,399,0,0,0
15,400,0,0,0
15,401,0,0,0
15,402,0,0,0
15,403,0,0,0
15,404,0,0,0
15,405,0,0,0
15,406,0,0,0
15,407,0,0,0
15,408,0,0,0
15,409,0,0,0
15,410,0,0,0
15,411,0,0,0
15,412,0,0,0
15,413,0,0,0
15,414,0,0,0
15,415,0,0,0
15,416,0,0,0
15,417,0,0,0
15,418,0,0,0
15,419,0,0,0
15,420,0,0,0
15,421,0,0,0
15,422,0,0,0
15,423,0,0,0
15,424,0,0,0
15,425,0,0,0
15,426,0,0,0
15,427,0,0,0
15,428,0,0,0
15,429,0,0,0
15,430,0,0,0
15,431,0,0,0
15,432,0,0,0
15,433,0,0,0
15,434,0,0,0
15,435,0,0,0
15,436,0,0,0
15,437,0,0,0
15,438,0,0,0
15,439,0,0,0
15,440,0,0,0
15,441,0,0,0
15,442,0,0,0
15,443,0,0,0
15,444,0,0,0
15,445,0,0,0
15,446,0,0,0
15,447,0,0,0
15,448,0,0,0
15,449,0,0,0
15,450,0,0,0
15,451,0,0,0
15,452,0,0,0
15,453,0,0,0
15,454,0,0,0
15,455,0,0,0
15,456,0,0,0
15,457,0,0,0
15,458,0,0,0
15,459,0.15509374138406395,0.0031018748276812795,0
15,460,0.15509374138406395,0.0031018748276812795,0
15,461,0.15509374138406395,0.0031018748276812795,0
15,462,0.15509374138406395,0.0031018748276812795,0
15,463,0.15509374138406395,0.0031018748276812795,0
15,464,0.15509374138406395,0.0031018748276812795,0
15,465,0.15509374138406395,0.0031018748276812795,0
15,466,0.15509374138406395,0.006049819757839052,0
15,467,0.15595238095238095,0.012270742204567949,0
15,468,0.15595238095238095,0.006220922446728899,0
15,469,0.15595238095238095,0.006220922446728899,0
15,470,0.15595238095238095,0.009322797274410178,0
15,471,0.15595238095238095,0.006220922446728899,0
15,472,0.15595238095238095,0.006220922446728899,0
15,473,0.15595238095238095,0.006220922446728899,0
15,474,0.16131896005072924,0.012368622969064803,0
15,475,0.16131896005072924,0.006345426820062203,0
15,476,0.16131896005072924,0.012569461041747537,0
15,477,0.16131896005072924,0.009488642591236959,0
15,478,0.16150559685550714,0.009596595134343048,0
15,479,0.16150559685550714,0.01285395966896639,0
15,480,0.16150559685550714,0.009682870339139314,0
15,481,0.1623998267273121,0.016160978810795697,0
15,482,0.1623998267273121,0.01295621694331277,0
15,483,0.1623998267273121,0.006495993069092484,0
15,484,0.1623998267273121,0.009743989603638727,0
15,485,0.16353542083055742,0.009766701485703633,0
15,486,0.16353542083055742,0.016230336082703772,0
15,487,0.16353542083055742,0.00651870495115739,0
15,488,0.16353542083055742,0.00651870495115739,0
15,489,0.16353542083055742,0.00651870495115739,0
15,490,0.16353542083055742,0.009694119732454523,0
15,491,0.16353542083055742,0.009789413367768538,0
15,492,0.16353542083055742,0.006541416833222296,0
15,493,0.16353542083055742,0.009812125249833445,0
15,494,0.16473000683527,0.01627905151968002,0
15,495,0.16473000683527,0.009802563949302102,0
15,496,0.16473000683527,0.009802563949302102,0
15,497,0.16473000683527,0.013039819345287657,0
15,498,0.16473000683527,0.0065653085533165486,0
15,499,0.16473000683527,0.0065653085533165486,0
15,500,0.16473000683527,0.0065653085533165486,0
15,501,0.16473000683527,0.0065653085533165486,0
15,502,0.16473000683527,0.0065653085533165486,0
15,503,0.16473000683527,0.0065653085533165486,0
15,504,0.16473000683527,0.009836016969927695,0
15,505,0.16473000683527,0.013084013504473937,0
15,506,0.16473000683527,0.0065653085533165486,0
15,507,0.16473000683527,0.0065653085533165486,0
15,508,0.1687175685693106,0.009939659924702759,0
15,509,0.1687175685693106,0.006668951508091612,0
15,510,0.17020086448004068,0.010072968797692426,0
15,511,0.17020086448004068,0.0067783686609870246,0
15,512,0.17020086448004068,0.01018238595058784,0
15,513,0.17020086448004068,0.010201310730241752,0
15,514,0.17020086448004068,0.006808034579201627,0
15,515,0.17177271537051586,0.013647506176212758,0
15,516,0.17177271537051586,0.013636765037652071,0
15,517,0.17177271537051586,0.006839471597011131,0
15,518,0.17177271537051586,0.006839471597011131,0
15,519,0.17177271537051586,0.016972334882028182,0
15,520,0.17177271537051586,0.01018212760918769,0
15,521,0.17177271537051586,0.010155582708122241,0
15,522,0.17177271537051586,0.010175041441387239,0
15,523,0.17177271537051586,0.017011116409038282,0
15,524,0.17177271537051586,0.01356669206266218,0
15,525,0.17177271537051586,0.01356669206266218,0
15,526,0.17177271537051586,0.010243488886611944,0
15,527,0.17195935217529373,0.010278658640517005,0
15,528,0.17195935217529373,0.02023987273728067,0
15,529,0.17195935217529373,0.013529977277163647,0
15,530,0.17195935217529373,0.016761620728626175,0
15,531,0.17195935217529373,0.010238251583741717,0
15,532,0.17195935217529373,0.013530851532612357,0
15,533,0.17195935217529373,0.013721578420118436,0
15,534,0.17195935217529373,0.013725311156213995,0
15,535,0.17195935217529373,0.01360650191352587,0
15,536,0.17195935217529373,0.013642565891716658,0
15,537,0.17195935217529373,0.01368467792060523,0
15,538,0.17195935217529373,0.013656742747998775,0
15,539,0.17195935217529373,0.010252725458397961,0
15,540,0.17195935217529373,0.00687837408701175,0
15,541,0.17195935217529373,0.010282391376612564,0
15,542,0.17195935217529373,0.00687837408701175,0
15,543,0.17421245421245418,0.013801810214766707,0
15,544,0.17421245421245418,0.01033118615345133,0
15,545,0.17421245421245418,0.013766640460861648,0
15,546,0.17421245421245418,0.013740707278742605,0
15,547,0.17421245421245418,0.013766640460861648,0
15,548,0.17421245421245418,0.023846332159365245,0
15,549,0.17421245421245418,0.030652801734752776,0
15,550,0.17421245421245418,0.024078848777983674,0
15,551,0.17421245421245418,0.027288635970986744,0
15,552,0.17894268649129497,0.03728556065982332,0
15,553,0.17894268649129497,0.03752357918036575,0
15,554,0.17894268649129497,0.027296779302408376,0
15,555,0.17894268649129497,0.017284391254663443,0
15,556,0.17894268649129497,0.013888331666189422,0
15,557,0.17894268649129497,0.013974848504607588,0
15,558,0.17894268649129497,0.014004102738658824,0
15,559,0.17894268649129497,0.007084399346999423,0
15,560,0.17894268649129497,0.017427378992915656,0
15,561,0.17894268649129497,0.010736561189477698,0
15,562,0.17894268649129497,0.010555713473261546,0
15,563,0.1809617658651951,0.017544914415725775,0
15,564,0.1809617658651951,0.021169204815641832,0
15,565,0.1809617658651951,0.01773824924104158,0
15,566,0.1809617658651951,0.024835889875731963,0
15,567,0.1809617658651951,0.03177125571803879,0
15,568,0.1809617658651951,0.01782602791213683,0
15,569,0.1809617658651951,0.017669496062015073,0
15,570,0.1809617658651951,0.014282488394129223,0
15,571,0.1809617658651951,0.017666631231618723,0
15,572,0.1809617658651951,0.01765882849145316,0
15,573,0.1809617658651951,0.014263695326548427,0
15,574,0.1809617658651951,0.01784511296669039,0
15,575,0.1809617658651951,0.017898691085144684,0
15,576,0.1809617658651951,0.014287555769788931,0
15,577,0.1809617658651951,0.01780001643549787,0
15,578,0.1809617658651951,0.03175182083712195,0
15,579,0.1809617658651951,0.03524604217326996,0
15,580,0.1809617658651951,0.017984990351732778,0
15,581,0.1809617658651951,0.024633606770874467,0
15,582,0.1809617658651951,0.024777021534978058,0
15,583,0.1809617658651951,0.024982682309309757,0
15,584,0.18312253501971984,0.021411553527083915,0
15,585,0.18312253501971984,0.028678493507467467,0
15,586,0.18312253501971984,0.0286687002544455,0
15,587,0.18312253501971984,0.02143242205486061,0
15,588,0.18312253501971984,0.017748293395757113,0
15,589,0.18312253501971984,0.024958514903306476,0
15,590,0.18312253501971984,0.046229220270837056,0
15,591,0.19062167502659977,0.03912851232361413,0
15,592,0.19062167502659977,0.02856179687230351,0
15,593,0.19062167502659977,0.021143154390940395,0
15,594,0.19062167502659977,0.01785545580239017,0
15,595,0.19062167502659977,0.014307347395472396,0
15,596,0.19062167502659977,0.014498608385940897,0
15,597,0.19062167502659977,0.014508813054844668,0
15,598,0.19062167502659977,0.025206729296147517,0
15,599,0.19062167502659977,0.01470343274110284,0
15,600,0.19062167502659977,0.021317190168109245,0
15,601,0.19062167502659977,0.011333676021500918,0
15,602,0.19062167502659977,0.018455964410875145,0
15,603,0.19062167502659977,0.025912696595699673,0
15,604,0.19062167502659977,0.02554091828584888,0
15,605,0.19062167502659977,0.018561614091226534,0
15,606,0.19062167502659977,0.018401632956234867,0
15,607,0.19062167502659977,0.011324867001063993,0
15,608,0.1935295048251859,0.015136611265037665,0
15,609,0.1935295048251859,0.01518664807713078,0
15,610,0.1935295048251859,0.015245314158745525,0
15,611,0.1935295048251859,0.019070945856768922,0
15,612,0.1935295048251859,0.015344750661146989,0
15,613,0.1935295048251859,0.015290983242229736,0
15,614,0.1935295048251859,0.01893721582331248,0
15,615,0.19668480950024742,0.01902483957091927,0
15,616,0.19668480950024742,0.02967521971147889,0
15,617,0.19668480950024742,0.026349356724449224,0
15,618,0.19668480950024742,0.011674876383012383,0
15,619,0.19668480950024742,0.011607910766603733,0
15,620,0.19668480950024742,0.019340281939174243,0
15,621,0.19714623438027692,0.026695582095150616,0
15,622,0.1976301677910396,0.01560867076381648,0
15,623,0.1976301677910396,0.011770678103450342,0
15,624,0.1976301677910396,0.023160651007961434,0
15,625,0.1976301677910396,0.03061444561434179,0
15,626,0.1976301677910396,0.04555018044868873,0
15,627,0.20034858387799565,0.06182648270516366,0
15,628,0.20034858387799565,0.04585667239375949,0
15,629,0.20034858387799565,0.045723262251059424,0
15,630,0.20058201058201058,0.04245728294139425,0
15,631,0.20058201058201058,0.03090233567101611,0
15,632,0.20058201058201058,0.03437308838274437,0
15,633,0.2043373938722776,0.03162371880453492,0
15,634,0.2043373938722776,0.01974864330139141,0
15,635,0.2043373938722776,0.03139690249819493,0
15,636,0.2043373938722776,0.03569564797441567,0
15,637,0.2043373938722776,0.0316177221610732,0
15,638,0.2043373938722776,0.0433045950135627,0
15,639,0.2043373938722776,0.050933018689110855,0
15,640,0.2043373938722776,0.03500127577197765,0
15,641,0.2043373938722776,0.03503571552855088,0
15,642,0.2043373938722776,0.02391944473277285,0
15,643,0.2043373938722776,0.027354792893129618,0
15,644,0.2043373938722776,0.01199048921894339,0
15,645,0.20482132728304026,0.028038471960429415,0
15,646,0.20482132728304026,0.03182484778705756,0
15,647,0.20482132728304026,0.019675092123666797,0
15,648,0.20482132728304026,0.034919894747339295,0
15,649,0.20482132728304026,0.0501793898512429,0
15,650,0.20482132728304026,0.042747741783658255,0
15,651,0.20482132728304026,0.030996599075242933,0
15,652,0.20532945736434108,0.028017982108915648,0
15,653,0.20532945736434108,0.02033240133010411,0
15,654,0.20532945736434108,0.019677320111932895,0
15,655,0.20532945736434108,0.020119862616229424,0
15,656,0.20532945736434108,0.031444720640454886,0
15,657,0.20532945736434108,0.015943354897825023,0
15,658,0.20532945736434108,0.016031649368640124,0
15,659,0.20532945736434108,0.027629863401728114,0
15,660,0.20532945736434108,0.027383924035185487,0
15,661,0.20532945736434108,0.023341873682613666,0
15,662,0.20532945736434108,0.019730848740603168,0
15,663,0.20532945736434108,0.03525674420755299,0
15,664,0.2084591560201316,0.031916442282482575,0
15,665,0.2084591560201316,0.024143091633896434,0
15,666,0.2089430894308943,0.032132154286125605,0
15,667,0.2089430894308943,0.035868798358306676,0
15,668,0.21399572649572648,0.019794786825627426,0
15,669,0.21399572649572648,0.027901583023098718,0
15,670,0.21399572649572648,0.03574914263963808,0
15,671,0.21399572649572648,0.04045162516652357,0
15,672,0.21399572649572648,0.02514232880483423,0
15,673,0.21399572649572648,0.037170331332388444,0
15,674,0.21399572649572648,0.036621407843280225,0
15,675,0.21399572649572648,0.04937748548210906,0
15,676,0.21399572649572648,0.04488708455155689,0
15,677,0.21399572649572648,0.06479771803950325,0
15,678,0.21399572649572648,0.02435625290863712,0
15,679,0.21399572649572648,0.03310880447177801,0
15,680,0.21399572649572648,0.02845489710245963,0
15,681,0.21399572649572648,0.020650503044418157,0
15,682,0.21399572649572648,0.00855982905982906,0
15,683,0.21399572649572648,0.012581147939684524,0
15,684,0.21399572649572648,0.012434979119853067,0
15,685,0.21399572649572648,0.01675582512763287,0
15,686,0.21399572649572648,0.01625757059813437,0
15,687,0.21399572649572648,0.03613525786547809,0
15,688,0.21399572649572648,0.032152993367952326,0
15,689,0.21399572649572648,0.04491431981267465,0
15,690,0.21425943957589527,0.03346646963745625,0
15,691,0.21425943957589527,0.036734252156044554,0
15,692,0.21425943957589527,0.041421937379292596,0
15,693,0.21425943957589527,0.02879057041475878,0
15,694,0.21425943957589527,0.04402950798669237,0
15,695,0.21425943957589527,0.035979625402252774,0
15,696,0.21425943957589527,0.03621751881000715,0
15,697,0.21425943957589527,0.0206484084872461,0
15,698,0.21425943957589527,0.02096522189078375,0
15,699,0.21425943957589527,0.016958974886730364,0
15,700,0.21425943957589527,0.03329874835587489,0
15,701,0.21425943957589527,0.025113003537785804,0
15,702,0.21425943957589527,0.012687650491006395,0
15,703,0.21425943957589527,0.025012275084255974,0
15,704,0.21425943957589527,0.037162024953998826,0
15,705,0.21452991452991454,0.03362227308828722,0
15,706,0.21452991452991454,0.016740634731332405,0
15,707,0.21452991452991454,0.016729950970648645,0
15,708,0.21452991452991454,0.02057561225874076,0
15,709,0.21452991452991454,0.02101513976216655,0
15,710,0.21452991452991454,0.02513292438980036,0
15,711,0.21452991452991454,0.020791672496533554,0
15,712,0.21452991452991454,0.016812386213605725,0
15,713,0.21452991452991454,0.029128141015897512,0
15,714,0.21452991452991454,0.05398451667863454,0
15,715,0.21452991452991454,0.028915461103185568,0
15,716,0.21452991452991454,0.02490279805380802,0
15,717,0.21452991452991454,0.024949886866402055,0
15,718,0.21452991452991454,0.024958412232238405,0
15,719,0.21452991452991454,0.024469717433103506,0
15,720,0.21452991452991454,0.020310588046767906,0
15,721,0.21452991452991454,0.02110093118865565,0
15,722,0.21452991452991454,0.021087202030338727,0
15,723,0.21452991452991454,0.029334349685035014,0
15,724,0.21452991452991454,0.037197171832864334,0
15,725,0.21452991452991454,0.02499214659759351,0
15,726,0.21452991452991454,0.020946653082746545,0
15,727,0.21452991452991454,0.008581196581196581,0
15,728,0.21452991452991454,0.025479374221291408,0
15,729,0.21452991452991454,0.02523136823857523,0
15,730,0.21452991452991454,0.02523094117285836,0
15,731,0.21452991452991454,0.024982760916570583,0
15,732,0.21452991452991454,0.020854094838857324,0
15,733,0.21452991452991454,0.02934056627838383,0
15,734,0.21452991452991454,0.02531945777168725,0
15,735,0.21452991452991454,0.02456729100075847,0
15,736,0.21452991452991454,0.01698061288305191,0
15,737,0.21452991452991454,0.024858996726731433,0
15,738,0.21452991452991454,0.016782138496424213,0
15,739,0.2153846153846154,0.04084995972844654,0
15,740,0.2153846153846154,0.012396710208030962,0
15,741,0.2153846153846154,0.012629772079772082,0
15,742,0.2153846153846154,0.01701480091723994,0
15,743,0.2153846153846154,0.020539066938013037,0
15,744,0.2153846153846154,0.01698702313946216,0
15,745,0.2153846153846154,0.020729661253703065,0
15,746,0.2153846153846154,0.02122296396488115,0
15,747,0.22042042042042043,0.03383624462149106,0
15,748,0.22042042042042043,0.034250270838280944,0
15,749,0.22042042042042043,0.02983925548637537,0
15,750,0.22042042042042043,0.02567349544041274,0
15,751,0.22042042042042043,0.016670793644576663,0
15,752,0.22042042042042043,0.037154362637835045,0
15,753,0.22042042042042043,0.024250150477131287,0
15,754,0.22042042042042043,0.01723637253339932,0
15,755,0.22042042042042043,0.008816816816816817,0
15,756,0.22042042042042043,0.017442027393246906,0
15,757,0.22042042042042043,0.030640332640332637,0
15,758,0.22042042042042043,0.01753291753291753,0
15,759,0.22042042042042043,0.013124509124509125,0
15,760,0.22042042042042043,0.017415107415107416,0
15,761,0.22042042042042043,0.013124509124509125,0
15,762,0.22042042042042043,0.021621225822445335,0
15,763,0.22042042042042043,0.021122306410030874,0
15,764,0.22042042042042043,0.025814984966204484,0
15,765,0.22042042042042043,0.01740969791602703,0
15,766,0.22042042042042043,0.012848298298298299,0
15,767,0.22042042042042043,0.024981725440262025,0
15,768,0.22042042042042043,0.02057002595644648,0
15,769,0.22042042042042043,0.025298920247043787,0
15,770,0.22042042042042043,0.034012566363251694,0
15,771,0.22042042042042043,0.021020538846615047,0
15,772,0.22042042042042043,0.017140208132125318,0
15,773,0.22042042042042043,0.012923405964103638,0
15,774,0.22042042042042043,0.01656845851699653,0
15,775,0.22042042042042043,0.012957189747887421,0
15,776,0.22042042042042043,0.025572950327933715,0
15,777,0.22042042042042043,0.013124509124509125,0
15,778,0.22042042042042043,0.013202721709050822,0
15,779,0.22042042042042043,0.016906583091435466,0
15,780,0.22042042042042043,0.02140024165125162,0
15,781,0.22042042042042043,0.029615183200129534,0
15,782,0.22042042042042043,0.03378858994364416,0
15,783,0.22042042042042043,0.01727559313534923,0
15,784,0.22042042042042043,0.017072214840992077,0
15,785,0.22042042042042043,0.01698845127036026,0
15,786,0.22042042042042043,0.013225225225225226,0
15,787,0.22042042042042043,0.01751582351582352,0
15,788,0.22042042042042043,0.04319003359880174,0
15,789,0.22042042042042043,0.021499193046219833,0
15,790,0.22042042042042043,0.025301235459794052,0
15,791,0.22042042042042043,0.029250475361379893,0
15,792,0.22042042042042043,0.04112925601628313,0
15,793,0.22042042042042043,0.05861181040182297,0
15,794,0.22042042042042043,0.036484368808883526,0
15,795,0.22042042042042043,0.03303501381618516,0
15,796,0.22042042042042043,0.03312233988791005,0
15,797,0.22042042042042043,0.025436467090694494,0
15,798,0.22042042042042043,0.030110401092979487,0
15,799,0.22042042042042043,0.02543897160249158,0
15,800,0.22042042042042043,0.02129563179265858,0
15,801,0.22042042042042043,0.02997840092153762,0
15,802,0.22042042042042043,0.012951183741881417,0
15,803,0.22042042042042043,0.029758603591008907,0
15,804,0.22042042042042043,0.021296143578052564,0
15,805,0.22042042042042043,0.025795803429830358,0
15,806,0.22042042042042043,0.016780810270171972,0
15,807,0.22042042042042043,0.02990915785107504,0
15,808,0.22042042042042043,0.029905783552903423,0
15,809,0.22042042042042043,0.02127516347739295,0
15,810,0.22042042042042043,0.029806137170014915,0
15,811,0.22042042042042043,0.03814443504491083,0
15,812,0.22042042042042043,0.04147226751789508,0
15,813,0.22042042042042043,0.024740014735825246,0
15,814,0.22042042042042043,0.03883594503975471,0
15,815,0.22042042042042043,0.0472712832302025,0
15,816,0.22042042042042043,0.03808055873459996,0
15,817,0.22072072072072071,0.05115047659721342,0
15,818,0.22072072072072071,0.03387768702516759,0
15,819,0.22072072072072071,0.025041118918462904,0
15,820,0.22072072072072071,0.017353323304542815,0
15,821,0.22072072072072071,0.03389568640134286,0
15,822,0.22072072072072071,0.02569585327724862,0
15,823,0.22072072072072071,0.02156749235819003,0
15,824,0.22072072072072071,0.021370264205271373,0
15,825,0.22603174603174603,0.030058204105323987,0
15,826,0.22603174603174603,0.01747782466852234,0
15,827,0.22603174603174603,0.030516138116138115,0
15,828,0.22603174603174603,0.03496311217188031,0
15,829,0.22603174603174603,0.034679138230811514,0
15,830,0.22603174603174603,0.03502732267444255,0
15,831,0.22603174603174603,0.022170021321240834,0
15,832,0.22603174603174603,0.026641406854065082,0
15,833,0.22603174603174603,0.030567880015545414,0
15,834,0.22603174603174603,0.05140344132585565,0
15,835,0.22603174603174603,0.03506462071969132,0
15,836,0.22603174603174603,0.04336773397755182,0
15,837,0.22603174603174603,0.04682649741664185,0
15,838,0.22603174603174603,0.03847431578353769,0
15,839,0.22603174603174603,0.021289486734621353,0
15,840,0.22603174603174603,0.017543260800809424,0
15,841,0.22603174603174603,0.02620677706432569,0
15,842,0.22603174603174603,0.02538229827552184,0
15,843,0.22603174603174603,0.02956005768303013,0
15,844,0.22603174603174603,0.017847093553422667,0
15,845,0.22633204633204632,0.017976319176319176,0
15,846,0.22633204633204632,0.022266917466917467,0
15,847,0.22633204633204632,0.01776337656337656,0
15,848,0.22633204633204632,0.02629344074168704,0
15,849,0.22633204633204632,0.026265367522916146,0
15,850,0.22633204633204632,0.030597354017968845,0
15,851,0.22633204633204632,0.030529389794895022,0
15,852,0.22633204633204632,0.009053281853281853,0
15,853,0.22633204633204632,0.017796724947944455,0
15,854,0.22633204633204632,0.03031005545197263,0
15,855,0.22633204633204632,0.022408751608751606,0
15,856,0.22633204633204632,0.022218427115453902,0
15,857,0.22633204633204632,0.013467696267696266,0
15,858,0.22633204633204632,0.01336097416097416,0
15,859,0.22633204633204632,0.02628737075250775,0
15,860,0.22633204633204632,0.029983176694547187,0
15,861,0.22633204633204632,0.04320891171257025,0
15,862,0.22633204633204632,0.03427431747378329,0
15,863,0.22633204633204632,0.025917142374691,0
15,864,0.22633204633204632,0.01316514526217205,0
15,865,0.22633204633204632,0.013467696267696266,0
15,866,0.22633204633204632,0.017532961532961532,0
15,867,0.22633204633204632,0.013579922779922779,0
15,868,0.22633204633204632,0.01747466794525618,0
15,869,0.22633204633204632,0.021753147203600977,0
15,870,0.22633204633204632,0.030251050742202187,0
15,871,0.22633204633204632,0.017971237171237168,0
15,872,0.22633204633204632,0.03928473507665226,0
15,873,0.22633204633204632,0.033560356002185515,0
15,874,0.22633204633204632,0.028238562388447446,0
15,875,0.22633204633204632,0.038539304308606956,0
15,876,0.22633204633204632,0.03425253138383056,0
15,877,0.22633204633204632,0.05075417197880708,0
15,878,0.22633204633204632,0.033624360426535854,0
15,879,0.22633204633204632,0.01711676597530256,0
15,880,0.22633204633204632,0.017411263446270617,0
15,881,0.22633204633204632,0.009053281853281853,0
15,882,0.22633204633204632,0.013467696267696266,0
15,883,0.22633204633204632,0.031158200709420217,0
15,884,0.22633204633204632,0.02672244992244992,0
15,885,0.22633204633204632,0.030574744886567827,0
15,886,0.22633204633204632,0.017787565135510337,0
15,887,0.22633204633204632,0.017561278818827443,0
15,888,0.22633204633204632,0.030824889797712092,0
15,889,0.22633204633204632,0.02976450833216041,0
15,890,0.22633204633204632,0.02662156126225894,0
15,891,0.22633204633204632,0.017640888690888694,0
15,892,0.22633204633204632,0.01766740441862393,0
15,893,0.22633204633204632,0.030727986328440097,0
15,894,0.22633204633204632,0.02612224522147948,0
15,895,0.22633204633204632,0.038689429198395776,0
15,896,0.22633204633204632,0.03000538354356178,0
15,897,0.22633204633204632,0.026106945128021978,0
15,898,0.22633204633204632,0.021962377413387375,0
15,899,0.22633204633204632,0.030842922655580883,0
15,900,0.22633204633204632,0.04300371015573009,0
15,901,0.22633204633204632,0.013366980166980165,0
15,902,0.22633204633204632,0.029310468512265108,0
15,903,0.22633204633204632,0.03376147494855021,0
15,904,0.22633204633204632,0.013366980166980165,0
15,905,0.22633204633204632,0.026139756521151865,0
15,906,0.22633204633204632,0.02161921650694097,0
15,907,0.22633204633204632,0.025691307889344643,0
15,908,0.22633204633204632,0.030040159997952846,0
15,909,0.22633204633204632,0.034559730224701685,0
15,910,0.22633204633204632,0.026186324856182188,0
15,911,0.22633204633204632,0.022089086889086885,0
15,912,0.22633204633204632,0.02672244992244992,0
15,913,0.22633204633204632,0.0218879837286814,0
15,914,0.22633204633204632,0.013467696267696266,0
15,915,0.22633204633204632,0.02146372691372691,0
15,916,0.22633204633204632,0.03360183833822683,0
15,917,0.22633204633204632,0.03437881804013054,0
15,918,0.22633204633204632,0.021460932414381403,0
15,919,0.22633204633204632,0.026603050260598882,0
15,920,0.22633204633204632,0.022116429267648775,0
15,921,0.22633204633204632,0.022134710125407797,0
15,922,0.22633204633204632,0.029689463450161116,0
15,923,0.22633204633204632,0.021992556051092634,0
15,924,0.22633204633204632,0.013074600733137317,0
15,925,0.22633204633204632,0.026272412113109784,0
15,926,0.2326235326235326,0.013705752505752506,0
15,927,0.2326235326235326,0.01801344481344481,0
15,928,0.2326235326235326,0.01781633416755368,0
15,929,0.2326235326235326,0.017979430885759994,0
15,930,0.2326235326235326,0.01812016692016692,0
15,931,0.2326235326235326,0.030817475669705146,0
15,932,0.2326235326235326,0.02643465793290423,0
15,933,0.2326235326235326,0.026542949039975828,0
15,934,0.2326235326235326,0.034750502940141495,0
15,935,0.2326235326235326,0.04496574747592768,0
15,936,0.2326235326235326,0.035326830322730686,0
15,937,0.2326235326235326,0.025856472524860293,0
15,938,0.2326235326235326,0.025686047852563048,0
15,939,0.2326235326235326,0.026933273925191112,0
15,940,0.2326235326235326,0.01827111027111027,0
15,941,0.2326235326235326,0.03127255783151852,0
15,942,0.2326235326235326,0.026517347928660433,0
15,943,0.2326235326235326,0.02146088286944146,0
15,944,0.2326235326235326,0.013618639618639617,0
15,945,0.2326235326235326,0.013957411957411956,0
15,946,0.2326235326235326,0.013957411957411956,0
15,947,0.2326235326235326,0.022797751197751195,0
15,948,0.2326235326235326,0.027531328731328727,0
15,949,0.2326235326235326,0.013957411957411956,0
15,950,0.2326235326235326,0.02254931814931815,0
15,951,0.2326235326235326,0.02244146244146244,0
15,952,0.2326235326235326,0.022706861058080566,0
15,953,0.2326235326235326,0.02762938067938068,0
15,954,0.2326235326235326,0.013957411957411956,0
15,955,0.2326235326235326,0.03168806624702694,0
15,956,0.2326235326235326,0.01848405288405288,0
15,957,0.2326235326235326,0.022766631566631567,0
15,958,0.2326235326235326,0.01813927453927454,0
15,959,0.2326235326235326,0.02605624262199364,0
15,960,0.2326235326235326,0.03866089671430791,0
15,961,0.2326235326235326,0.026715398257315448,0
15,962,0.2326235326235326,0.02277880812675333,0
15,963,0.2326235326235326,0.040487022130857746,0
15,964,0.2326235326235326,0.02266658161452682,0
15,965,0.2326235326235326,0.04470588850421793,0
15,966,0.2326235326235326,0.03559974235096187,0
15,967,0.2326235326235326,0.031157127758347267,0
15,968,0.2326235326235326,0.031291835836516686,0
15,969,0.2326235326235326,0.027396598702927814,0
15,970,0.2326235326235326,0.013831582231582231,0
15,971,0.2326235326235326,0.017896847496847498,0
15,972,0.2326235326235326,0.018054390405609917,0
15,973,0.2326235326235326,0.01395140595140595,0
15,974,0.2326235326235326,0.02730637410637411,0
15,975,0.2326235326235326,0.02264239304239304,0
15,976,0.2326235326235326,0.018054390405609917,0
15,977,0.2326235326235326,0.03681008346008345,0
15,978,0.2326235326235326,0.032311220311220315,0
15,979,0.2326235326235326,0.022886455286455287,0
15,980,0.2326235326235326,0.018371826371826373,0
15,981,0.2326235326235326,0.01803305403305403,0
15,982,0.2326235326235326,0.02670049194873825,0
15,983,0.2326235326235326,0.0313305021486542,0
15,984,0.2326235326235326,0.013445314236011911,0
15,985,0.2326235326235326,0.018027048027048024,0
15,986,0.2326235326235326,0.01792032592032592,0
15,987,0.2326235326235326,0.030795085792112584,0
15,988,0.2329320603293206,0.0274503863983316,0
15,989,0.2329320603293206,0.03176379066806499,0
15,990,0.2329320603293206,0.018223657677931996,0
15,991,0.2329320603293206,0.03203306548955934,0
15,992,0.2329320603293206,0.017640673728481326,0
15,993,0.2329320603293206,0.027057516439994933,0
15,994,0.2329320603293206,0.04325729640267854,0
15,995,0.2329320603293206,0.02634955240726576,0
15,996,0.2329320603293206,0.03482997199111233,0
15,997,0.2329320603293206,0.030709625260243765,0
15,998,0.2329320603293206,0.02635252824402926,0
15,999,0.2329320603293206,0.02605971052450722,0
15,1000,0.2329320603293206,0.04239475845319118,0
20,0,0,0,0
20,1,0,0,0
20,2,0,0,0
20,3,0,0,0
20,4,0,0,0
20,5,0,0,0
20,6,0,0,0
20,7,0,0,0
20,8,0,0,0
20,9,0,0,0
20,10,0,0,0
20,11,0,0,0
20,12,0,0,0
20,13,0,0,0
20,14,0,0,0
20,15,0,0,0
20,16,0,0,0
20,17,0,0,0
20,18,0,0,0
20,19,0,0,0
20,20,0,0,0
20,21,0,0,0
20,22,0,0,0
20,23,0,0,0
20,24,0,0,0
20,25,0,0,0
20,26,0,0,0
20,27,0,0,0
20,28,0,0,0
20,29,0,0,0
20,30,0,0,0
20,31,0,0,0
20,32,0,0,0
20,33,0,0,0
20,34,0,0,0
20,35,0,0,0
20,36,0,0,0
20,37,0,0,0
20,38,0,0,0
20,39,0,0,0
20,40,0,0,0
20,41,0,0,0
20,42,0,0,0
20,43,0,0,0
20,44,0,0,0
20,45,0,0,0
20,46,0,0,0
20,47,0,0,0
20,48,0,0,0
20,49,0,0,0
20,50,0,0,0
20,51,0,0,0
20,52,0,0,0
20,53,0,0,0
20,54,0,0,0
20,55,0,0,0
20,56,0,0,0
20,57,0,0,0
20,58,0,0,0
20,59,0,0,0
20,60,0,0,0
20,61,0,0,0
20,62,0,0,0
20,63,0,0,0
20,64,0,0,0
20,65,0,0,0
20,66,0,0,0
20,67,0,0,0
20,68,0,0,0
20,69,0,0,0
20,70,0,0,0
20,71,0,0,0
20,72,0,0,0
20,73,0,0,0
20,74,0,0,0
20,75,0,0,0
20,76,0,0,0
20,77,0,0,0
20,78,0,0,0
20,79,0,0,0
20,80,0,0,0
20,81,0,0,0
20,82,0,0,0
20,83,0,0,0
20,84,0,0,0
20,85,0,0,0
20,86,0,0,0
20,87,0,0,0
20,88,0,0,0
20,89,0,0,0
20,90,0,0,0
20,91,0,0,0
20,92,0,0,0
20,93,0,0,0
20,94,0,0,0
20,95,0,0,0
20,96,0,0,0
20,97,0,0,0
20,98,0,0,0
20,99,0,0,0
20,100,0,0,0
20,101,0,0,0
20,102,0,0,0
20,103,0,0,0
20,104,0,0,0
20,105,0,0,0
20,106,0,0,0
20,107,0,0,0
20,108,0,0,0
20,109,0,0,0
20,110,0,0,0
20,111,0,0,0
20,112,0,0,0
20,113,0,0,0
20,114,0,0,0
20,115,0,0,0
20,116,0,0,0
20,117,0,0,0
20,118,0,0,0
20,119,0,0,0
20,120,0,0,0
20,121,0,0,0
20,122,0,0,0
20,123,0,0,0
20,124,0,0,0
20,125,0,0,0
20,126,0,0,0
20,127,0,0,0
20,128,0,0,0
20,129,0,0,0
20,130,0,0,0
20,131,0,0,0
20,132,0,0,0
20,133,0,0,0
20,134,0,0,0
20,135,0,0,0
20,136,0,0,0
20,137,0,0,0
20,138,0,0,0
20,139,0,0,0
20,140,0,0,0
20,141,0,0,0
20,142,0,0,0
20,143,0,0,0
20,144,0,0,0
20,145,0,0,0
20,146,0,0,0
20,147,0,0,0
20,148,0,0,0
20,149,0,0,0
20,150,0,0,0
20,151,0,0,0
20,152,0,0,0
20,153,0,0,0
20,154,0,0,0
20,155,0,0,0
20,156,0,0,0
20,157,0,0,0
20,158,0,0,0
20,159,0,0,0
20,160,0,0,0
20,161,0,0,0
20,162,0,0,0
20,163,0,0,0
20,164,0,0,0
20,165,0,0,0
20,166,0,0,0
20,167,0,0,0
20,168,0,0,0
20,169,0,0,0
20,170,0,0,0
20,171,0,0,0
20,172,0,0,0
20,173,0,0,0
20,174,0,0,0
20,175,0,0,0
20,176,0,0,0
20,177,0,0,0
20,178,0,0,0
20,179,0,0,0
20,180,0,0,0
20,181,0,0,0
20,182,0,0,0
20,183,0,0,0
20,184,0,0,0
20,185,0,0,0
20,186,0,0,0
20,187,0,0,0
20,188,0,0,0
20,189,0,0,0
20,190,0,0,0
20,191,0,0,0
20,192,0,0,0
20,193,0,0,0
20,194,0,0,0
20,195,0,0,0
20,196,0,0,0
20,197,0,0,0
20,198,0,0,0
20,199,0,0,0
20,200,0,0,0
20,201,0,0,0
20,202,0,0,0
20,203,0,0,0
20,204,0,0,0
20,205,0,0,0
20,206,0,0,0
20,207,0,0,0
20,208,0,0,0
20,209,0,0,0
20,210,0,0,0
20,211,0,0,0
20,212,0,0,0
20,213,0,0,0
20,214,0,0,0
20,215,0,0,0
20,216,0,0,0
20,217,0,0,0
20,218,0,0,0
20,219,0,0,0
20,220,0,0,0
20,221,0,0,0
20,222,0,0,0
20,223,0,0,0
20,224,0,0,0
20,225,0,0,0
20,226,0,0,0
20,227,0,0,0
20,228,0,0,0
20,229,0,0,0
20,230,0,0,0
20,231,0,0,0
20,232,0,0,0
20,233,0,0,0
20,234,0,0,0
20,235,0,0,0
20,236,0,0,0
20,237,0,0,0
20,238,0,0,0
20,239,0,0,0
20,240,0,0,0
20,241,0,0,0
20,242,0,0,0
20,243,0,0,0
20,244,0,0,0
20,245,0,0,0
20,246,0,0,0
20,247,0,0,0
20,248,0,0,0
20,249,0,0,0
20,250,0,0,0
20,251,0,0,0
20,252,0,0,0
20,253,0,0,0
20,254,0,0,0
20,255,0,0,0
20,256,0,0,0
20,257,0,0,0
20,258,0,0,0
20,259,0,0,0
20,260,0,0,0
20,261,0,0,0
20,262,0,0,0
20,263,0,0,0
20,264,0,0,0
20,265,0,0,0
20,266,0,0,0
20,267,0,0,0
20,268,0,0,0
20,269,0,0,0
20,270,0,0,0
20,271,0,0,0
20,272,0,0,0
20,273,0,0,0
20,274,0,0,0
20,275,0,0,0
20,276,0,0,0
20,277,0,0,0
20,278,0,0,0
20,279,0,0,0
20,280,0,0,0
20,281,0,0,0
20,282,0,0,0
20,283,0,0,0
20,284,0,0,0
20,285,0,0,0
20,286,0,0,0
20,287,0,0,0
20,288,0,0,0
20,289,0,0,0
20,290,0,0,0
20,291,0,0,0
20,292,0,0,0
20,293,0,0,0
20,294,0,0,0
20,295,0,0,0
20,296,0,0,0
20,297,0,0,0
20,298,0,0,0
20,299,0,0,0
20,300,0,0,0
20,301,0,0,0
20,302,0,0,0
20,303,0,0,0
20,304,0,0,0
20,305,0,0,0
20,306,0,0,0
20,307,0,0,0
20,308,0,0,0
20,309,0,0,0
20,310,0,0,0
20,311,0,0,0
20,312,0,0,0
20,313,0,0,0
20,314,0,0,0
20,315,0,0,0
20,316,0,0,0
20,317,0,0,0
20,318,0,0,0
20,319,0,0,0
20,320,0,0,0
20,321,0,0,0
20,322,0,0,0
20,323,0,0,0
20,324,0,0,0
20,325,0,0,0
20,326,0,0,0
20,327,0,0,0
20,328,0,0,0
20,329,0,0,0
20,330,0,0,0
20,331,0,0,0
20,332,0,0,0
20,333,0,0,0
20,334,0,0,0
20,335,0,0,0
20,336,0,0,0
20,337,0,0,0
20,338,0,0,0
20,339,0,0,0
20,340,0,0,0
20,341,0,0,0
20,342,0,0,0
20,343,0,0,0
20,344,0,0,0
20,345,0,0,0
20,346,0,0,0
20,347,0,0,0
20,348,0,0,0
20,349,0,0,0
20,350,0,0,0
20,351,0,0,0
20,352,0,0,0
20,353,0,0,0
20,354,0,0,0
20,355,0,0,0
20,356,0,0,0
20,357,0,0,0
20,358,0,0,0
20,359,0,0,0
20,360,0,0,0
20,361,0,0,0
20,362,0,0,0
20,363,0,0,0
20,364,0,0,0
20,365,0,0,0
20,366,0,0,0
20,367,0,0,0
20,368,0,0,0
20,369,0,0,0
20,370,0,0,0
20,371,0,0,0
20,372,0,0,0
20,373,0,0,0
20,374,0,0,0
20,375,0,0,0
20,376,0,0,0
20,377,0,0,0
20,378,0,0,0
20,379,0,0,0
20,380,0,0,0
20,381,0,0,0
20,382,0,0,0
20,383,0,0,0
20,384,0,0,0
20,385,0,0,0
20,386,0,0,0
20,387,0,0,0
20,388,0,0,0
20,389,0,0,0
20,390,0,0,0
20,391,0,0,0
20,392,0,0,0
20,393,0,0,0
20,394,0,0,0
20,395,0,0,0
20,396,0,0,0
20,397,0,0,0
20,398,0,0,0
20,399,0,0,0
20,400,0,0,0
20,401,0,0,0
20,402,0,0,0
20,403,0,0,0
20,404,0,0,0
20,405,0,0,0
20,406,0,0,0
20,407,0,0,0
20,408,0,0,0
20,409,0,0,0
20,410,0,0,0
20,411,0,0,0
20,412,0,0,0
20,413,0,0,0
20,414,0,0,0
20,415,0,0,0
20,416,0,0,0
20,417,0,0,0
20,418,0,0,0
20,419,0,0,0
20,420,0,0,0
20,421,0,0,0
20,422,0,0,0
20,423,0,0,0
20,424,0,0,0
20,425,0,0,0
20,426,0,0,0
20,427,0,0,0
20,428,0,0,0
20,429,0,0,0
20,430,0,0,0
20,431,0,0,0
20,432,0,0,0
20,433,0,0,0
20,434,0,0,0
20,435,0,0,0
20,436,0,0,0
20,437,0,0,0
20,438,0,0,0
20,439,0,0,0
20,440,0,0,0
20,441,0,0,0
20,442,0,0,0
20,443,0,0,0
20,444,0,0,0
20,445,0,0,0
20,446,0,0,0
20,447,0,0,0
20,448,0,0,0
20,449,0,0,0
20,450,0,0,0
20,451,0,0,0
20,452,0,0,0
20,453,0,0,0
20,454,0,0,0
20,455,0,0,0
20,456,0,0,0
20,457,0,0,0
20,458,0,0,0
20,459,0,0,0
20,460,0,0,0
20,461,0,0,0
20,462,0,0,0
20,463,0,0,0
20,464,0,0,0
20,465,0,0,0
20,466,0,0,0
20,467,0,0,0
20,468,0,0,0
20,469,0,0,0
20,470,0,0,0
20,471,0,0,0
20,472,0,0,0
20,473,0,0,0
20,474,0,0,0
20,475,0,0,0
20,476,0,0,0
20,477,0,0,0
20,478,0,0,0
20,479,0,0,0
20,480,0,0,0
20,481,0,0,0
20,482,0,0,0
20,483,0,0,0
20,484,0,0,0
20,485,0,0,0
20,486,0,0,0
20,487,0,0,0
20,488,0,0,0
20,489,0,0,0
20,490,0,0,0
20,491,0,0,0
20,492,0,0,0
20,493,0,0,0
20,494,0,0,0
20,495,0,0,0
20,496,0,0,0
20,497,0,0,0
20,498,0,0,0
20,499,0,0,0
20,500,0,0,0
20,501,0,0,0
20,502,0,0,0
20,503,0,0,0
20,504,0,0,0
20,505,0,0,0
20,506,0,0,0
20,507,0,0,0
20,508,0,0,0
20,509,0,0,0
20,510,0,0,0
20,511,0,0,0
20,512,0,0,0
20,513,0,0,0
20,514,0,0,0
20,515,0,0,0
20,516,0,0,0
20,517,0,0,0
20,518,0,0,0
20,519,0,0,0
20,520,0,0,0
20,521,0,0,0
20,522,0,0,0
20,523,0,0,0
20,524,0,0,0
20,525,0,0,0
20,526,0,0,0
20,527,0,0,0
20,528,0,0,0
20,529,0,0,0
20,530,0,0,0
20,531,0,0,0
20,532,0,0,0
20,533,0,0,0
20,534,0,0,0
20,535,0,0,0
20,536,0,0,0
20,537,0,0,0
20,538,0,0,0
20,539,0,0,0
20,540,0,0,0
20,541,0,0,0
20,542,0,0,0
20,543,0,0,0
20,544,0,0,0
20,545,0,0,0
20,546,0,0,0
20,547,0,0,0
20,548,0,0,0
20,549,0,0,0
20,550,0,0,0
20,551,0,0,0
20,552,0,0,0
20,553,0,0,0
20,554,0,0,0
20,555,0,0,0
20,556,0,0,0
20,557,0,0,0
20,558,0,0,0
20,559,0,0,0
20,560,0,0,0
20,561,0,0,0
20,562,0,0,0
20,563,0,0,0
20,564,0,0,0
20,565,0,0,0
20,566,0,0,0
20,567,0,0,0
20,568,0,0,0
20,569,0,0,0
20,570,0,0,0
20,571,0,0,0
20,572,0,0,0
20,573,0,0,0
20,574,0,0,0
20,575,0,0,0
20,576,0,0,0
20,577,0,0,0
20,578,0,0,0
20,579,0,0,0
20,580,0,0,0
20,581,0,0,0
20,582,0,0,0
20,583,0,0,0
20,584,0,0,0
20,585,0,0,0
20,586,0,0,0
20,587,0,0,0
20,588,0,0,0
20,589,0,0,0
20,590,0,0,0
20,591,0,0,0
20,592,0,0,0
20,593,0,0,0
20,594,0,0,0
20,595,0,0,0
20,596,0,0,0
20,597,0,0,0
20,598,0,0,0
20,599,0,0,0
20,600,0,0,0
20,601,0,0,0
20,602,0,0,0
20,603,0,0,0
20,604,0,0,0
20,605,0,0,0
20,606,0,0,0
20,607,0,0,0
20,608,0,0,0
20,609,0,0,0
20,610,0,0,0
20,611,0,0,0
20,612,0,0,0
20,613,0,0,0
20,614,0,0,0
20,615,0,0,0
20,616,0,0,0
20,617,0,0,0
20,618,0,0,0
20,619,0,0,0
20,620,0,0,0
20,621,0,0,0
20,622,0,0,0
20,623,0,0,0
20,624,0,0,0
20,625,0,0,0
20,626,0,0,0
20,627,0,0,0
20,628,0,0,0
20,629,0,0,0
20,630,0,0,0
20,631,0,0,0
20,632,0,0,0
20,633,0,0,0
20,634,0,0,0
20,635,0,0,0
20,636,0,0,0
20,637,0,0,0
20,638,0,0,0
20,639,0,0,0
20,640,0,0,0
20,641,0,0,0
20,642,0,0,0
20,643,0,0,0
20,644,0,0,0
20,645,0,0,0
20,646,0,0,0
20,647,0,0,0
20,648,0,0,0
20,649,0,0,0
20,650,0,0,0
20,651,0,0,0
20,652,0,0,0
20,653,0,0,0
20,654,0,0,0
20,655,0,0,0
20,656,0,0,0
20,657,0,0,0
20,658,0,0,0
20,659,0,0,0
20,660,0,0,0
20,661,0,0,0
20,662,0,0,0
20,663,0,0,0
20,664,0,0,0
20,665,0,0,0
20,666,0,0,0
20,667,0,0,0
20,668,0,0,0
20,669,0,0,0
20,670,0,0,0
20,671,0,0,0
20,672,0,0,0
20,673,0,0,0
20,674,0,0,0
20,675,0,0,0
20,676,0,0,0
20,677,0,0,0
20,678,0,0,0
20,679,0,0,0
20,680,0,0,0
20,681,0,0,0
20,682,0,0,0
20,683,0,0,0
20,684,0,0,0
20,685,0,0,0
20,686,0,0,0
20,687,0,0,0
20,688,0,0,0
20,689,0,0,0
20,690,0,0,0
20,691,0,0,0
20,692,0,0,0
20,693,0,0,0
20,694,0,0,0
20,695,0,0,0
20,696,0,0,0
20,697,0,0,0
20,698,0,0,0
20,699,0,0,0
20,700,0,0,0
20,701,0,0,0
20,702,0,0,0
20,703,0,0,0
20,704,0,0,0
20,705,0,0,0
20,706,0,0,0
20,707,0,0,0
20,708,0,0,0
20,709,0,0,0
20,710,0,0,0
20,711,0,0,0
20,712,0,0,0
20,713,0,0,0
20,714,0,0,0
20,715,0,0,0
20,716,0,0,0
20,717,0,0,0
20,718,0,0,0
20,719,0,0,0
20,720,0,0,0
20,721,0,0,0
20,722,0,0,0
20,723,0,0,0
20,724,0,0,0
20,725,0,0,0
20,726,0,0,0
20,727,0,0,0
20,728,0,0,0
20,729,0,0,0
20,730,0,0,0
20,731,0,0,0
20,732,0,0,0
20,733,0,0,0
20,734,0,0,0
20,735,0,0,0
20,736,0,0,0
20,737,0,0,0
20,738,0,0,0
20,739,0,0,0
20,740,0,0,0
20,741,0,0,0
20,742,0,0,0
20,743,0,0,0
20,744,0,0,0
20,745,0,0,0
20,746,0,0,0
20,747,0,0,0
20,748,0,0,0
20,749,0,0,0
20,750,0,0,0
20,751,0,0,0
20,752,0,0,0
20,753,0,0,0
20,754,0,0,0
20,755,0,0,0
20,756,0,0,0
20,757,0,0,0
20,758,0,0,0
20,759,0,0,0
20,760,0,0,0
20,761,0,0,0
20,762,0,0,0
20,763,0,0,0
20,764,0,0,0
20,765,0,0,0
20,766,0,0,0
20,767,0,0,0
20,768,0,0,0
20,769,0,0,0
20,770,0,0,0
20,771,0,0,0
20,772,0,0,0
20,773,0,0,0
20,774,0,0,0
20,775,0,0,0
20,776,0,0,0
20,777,0,0,0
20,778,0,0,0
20,779,0,0,0
20,780,0,0,0
20,781,0,0,0
20,782,0,0,0
20,783,0,0,0
20,784,0,0,0
20,785,0,0,0
20,786,0,0,0
20,787,0,0,0
20,788,0,0,0
20,789,0,0,0
20,790,0,0,0
20,791,0,0,0
20,792,0,0,0
20,793,0,0,0
20,794,0,0,0
20,795,0,0,0
20,796,0,0,0
20,797,0,0,0
20,798,0,0,0
20,799,0,0,0
20,800,0,0,0
20,801,0,0,0
20,802,0,0,0
20,803,0,0,0
20,804,0,0,0
20,805,0,0,0
20,806,0,0,0
20,807,0,0,0
20,808,0,0,0
20,809,0,0,0
20,810,0,0,0
20,811,0,0,0
20,812,0,0,0
20,813,0,0,0
20,814,0,0,0
20,815,0,0,0
20,816,0,0,0
20,817,0,0,0
20,818,0,0,0
20,819,0,0,0
20,820,0,0,0
20,821,0,0,0
20,822,0,0,0
20,823,0,0,0
20,824,0,0,0
20,825,0,0,0
20,826,0,0,0
20,827,0,0,0
20,828,0,0,0
20,829,0,0,0
20,830,0,0,0
20,831,0,0,0
20,832,0,0,0
20,833,0,0,0
20,834,0,0,0
20,835,0,0,0
20,836,0,0,0
20,837,0,0,0
20,838,0,0,0
20,839,0,0,0
20,840,0,0,0
20,841,0,0,0
20,842,0,0,0
20,843,0,0,0
20,844,0,0,0
20,845,0,0,0
20,846,0,0,0
20,847,0,0,0
20,848,0,0,0
20,849,0,0,0
20,850,0,0,0
20,851,0,0,0
20,852,0,0,0
20,853,0,0,0
20,854,0,0,0
20,855,0,0,0
20,856,0,0,0
20,857,0,0,0
20,858,0,0,0
20,859,0,0,0
20,860,0,0,0
20,861,0,0,0
20,862,0,0,0
20,863,0,0,0
20,864,0,0,0
20,865,0,0,0
20,866,0,0,0
20,867,0,0,0
20,868,0,0,0
20,869,0,0,0
20,870,0,0,0
20,871,0,0,0
20,872,0,0,0
20,873,0,0,0
20,874,0,0,0
20,875,0,0,0
20,876,0,0,0
20,877,0,0,0
20,878,0,0,0
20,879,0,0,0
20,880,0,0,0
20,881,0,0,0
20,882,0,0,0
20,883,0,0,0
20,884,0,0,0
20,885,0,0,0
20,886,0,0,0
20,887,0,0,0
20,888,0,0,0
20,889,0,0,0
20,890,0,0,0
20,891,0,0,0
20,892,0,0,0
20,893,0,0,0
20,894,0,0,0
20,895,0,0,0
20,896,0,0,0
20,897,0,0,0
20,898,0,0,0
20,899,0,0,0
20,900,0,0,0
20,901,0,0,0
20,902,0,0,0
20,903,0,0,0
20,904,0,0,0
20,905,0,0,0
20,906,0,0,0
20,907,0,0,0
20,908,0,0,0
20,909,0,0,0
20,910,0,0,0
20,911,0,0,0
20,912,0,0,0
20,913,0,0,0
20,914,0,0,0
20,915,0,0,0
20,916,0,0,0
20,917,0,0,0
20,918,0,0,0
20,919,0,0,0
20,920,0,0,0
20,921,0,0,0
20,922,0,0,0
20,923,0,0,0
20,924,0,0,0
20,925,0,0,0
20,926,0,0,0
20,927,0,0,0
20,928,0,0,0
20,929,0,0,0
20,930,0,0,0
20,931,0,0,0
20,932,0,0,0
20,933,0,0,0
20,934,0,0,0
20,935,0,0,0
20,936,0,0,0
20,937,0,0,0
20,938,0,0,0
20,939,0,0,0
20,940,0,0,0
20,941,0,0,0
20,942,0,0,0
20,943,0,0,0
20,944,0,0,0
20,945,0,0,0
20,946,0,0,0
20,947,0,0,0
20,948,0,0,0
20,949,0,0,0
20,950,0,0,0
20,951,0,0,0
20,952,0,0,0
20,953,0,0,0
20,954,0,0,0
20,955,0,0,0
20,956,0,0,0
20,957,0,0,0
20,958,0,0,0
20,959,0,0,0
20,960,0,0,0
20,961,0,0,0
20,962,0,0,0
20,963,0,0,0
20,964,0,0,0
20,965,0,0,0
20,966,0,0,0
20,967,0,0,0
20,968,0,0,0
20,969,0,0,0
20,970,0,0,0
20,971,0,0,0
20,972,0,0,0
20,973,0,0,0
20,974,0,0,0
20,975,0,0,0
20,976,0,0,0
20,977,0,0,0
20,978,0,0,0
20,979,0,0,0
20,980,0,0,0
20,981,0,0,0
20,982,0,0,0
20,983,0,0,0
20,984,0,0,0
20,985,0,0,0
20,986,0,0,0
20,987,0,0,0
20,988,0,0,0
20,989,0,0,0
20,990,0,0,0
20,991,0,0,0
20,992,0,0,0
20,993,0,0,0
20,994,0,0,0
20,995,0,0,0
20,996,0,0,0
20,997,0,0,0
20,998,0,0,0
20,999,0,0,0
20,1000,0,0,0