tamanho,execucao,geracao,melhor,media,pior
4,1,1,11.266666666666667,1.3431390809939436,0.6333333333333333
4,1,2,11.266666666666667,2.1918004986865767,0.7222222222222223
4,1,3,12.384615384615385,2.773347502904677,0.6333333333333333
4,1,4,12.384615384615385,3.6884213477199927,0.8712121212121213
4,1,5,12.384615384615385,4.271922272179532,0.7222222222222223
4,1,6,12.384615384615385,6.17794209107266,0.7222222222222223
4,1,7,12.384615384615385,6.422374266037103,0.6904761904761905
4,1,8,13.909090909090908,8.650897354279707,0.7222222222222223
4,1,9,13.909090909090908,9.113450126159186,0.6904761904761905
4,1,10,13.909090909090908,8.989531715096707,0.6333333333333333
4,1,11,13.909090909090908,9.03015460804133,0.7222222222222223
4,1,12,13.909090909090908,10.164520483545392,0.6904761904761905
4,1,13,13.909090909090908,8.859963956125933,0.6904761904761905
4,1,14,13.909090909090908,10.584917611628136,0.6904761904761905
4,1,15,13.909090909090908,9.076274721976898,0.6904761904761905
4,1,16,13.909090909090908,9.238994376637859,0.6904761904761905
4,1,17,13.909090909090908,10.481360359129813,0.6904761904761905
4,1,18,13.909090909090908,9.198607083253274,0.75
4,1,19,13.909090909090908,10.975100369238605,0.7745098039215685
4,1,20,13.909090909090908,9.806855055155834,0.7424242424242424
4,1,21,13.909090909090908,10.557316897997334,0.7564102564102564
4,1,22,13.909090909090908,10.6547867550899,0.7933333333333334
4,1,23,16.11111111111111,11.194542591227611,0.75
4,1,24,16.11111111111111,9.188058862387116,0.75
4,1,25,16.11111111111111,10.774202818707755,0.75
4,1,26,16.11111111111111,9.209802979211226,0.6333333333333333
4,1,27,16.11111111111111,11.001494550727609,0.7424242424242424
4,1,28,16.11111111111111,11.028306737886856,0.6904761904761905
4,1,29,16.11111111111111,10.308524153624157,0.75
4,1,30,16.11111111111111,10.900697580197578,0.75
4,1,31,16.11111111111111,10.162856144887108,0.6333333333333333
4,1,32,16.11111111111111,10.387285631035631,0.6333333333333333
4,1,33,16.11111111111111,10.941386443266872,0.7564102564102564
4,1,34,16.11111111111111,9.610402237683195,0.75
4,1,35,16.11111111111111,11.24047323101734,0.7424242424242424
4,1,36,16.11111111111111,10.38403807303807,0.7424242424242424
4,1,37,16.11111111111111,11.925996134584357,0.7222222222222223
4,1,38,16.11111111111111,12.717291969468427,0.7424242424242424
4,1,39,16.11111111111111,11.01197271356094,0.7424242424242424
4,1,40,16.11111111111111,12.912829547548201,0.6333333333333333
4,1,41,16.11111111111111,11.670930494342247,0.6333333333333333
4,1,42,16.11111111111111,13.287660521934193,0.7564102564102564
4,1,43,16.11111111111111,11.292175631562916,0.6333333333333333
4,1,44,16.11111111111111,9.797254633599476,0.7424242424242424
4,1,45,16.11111111111111,9.900266832178598,0.6904761904761905
4,1,46,16.11111111111111,10.911301702756619,0.6333333333333333
4,1,47,16.11111111111111,11.391989175501951,0.6904761904761905
4,1,48,16.11111111111111,11.476900254074662,0.6904761904761905
4,1,49,16.11111111111111,12.772685814635365,0.7666666666666666
4,1,50,16.11111111111111,12.714989232989216,0.7424242424242424
4,1,51,16.11111111111111,12.248392398029118,0.7424242424242424
4,1,52,16.11111111111111,10.629027545384035,0.75
4,1,53,16.11111111111111,12.648590256581342,0.6904761904761905
4,1,54,16.11111111111111,11.328813271786583,0.7424242424242424
4,1,55,16.11111111111111,11.03767205210248,0.7666666666666666
4,1,56,16.11111111111111,10.183764706308185,0.7564102564102564
4,1,57,16.11111111111111,11.17102465139968,0.75
4,1,58,16.11111111111111,11.901315059626778,0.7424242424242424
4,1,59,16.11111111111111,9.402791118192596,0.75
4,1,60,16.11111111111111,12.253741803748948,0.7745098039215685
4,1,61,16.11111111111111,11.12894215731696,0.7424242424242424
4,1,62,16.11111111111111,11.484417438376356,0.7222222222222223
4,1,63,16.11111111111111,13.17576908468913,0.6333333333333333
4,1,64,16.11111111111111,12.732962386187705,0.6333333333333333
4,1,65,16.11111111111111,12.177876841132713,0.7666666666666666
4,1,66,16.11111111111111,12.408736977075199,0.6333333333333333
4,1,67,16.11111111111111,10.455675976213497,0.7424242424242424
4,1,68,16.11111111111111,9.97000689078184,0.6904761904761905
4,1,69,16.11111111111111,9.392052041109899,0.6333333333333333
4,1,70,16.11111111111111,9.983727108436034,0.6333333333333333
4,1,71,16.11111111111111,10.502696887037303,0.6333333333333333
4,1,72,16.11111111111111,11.921807369531038,0.6333333333333333
4,1,73,16.11111111111111,11.72258532317355,0.6333333333333333
4,1,74,16.11111111111111,11.109029997779992,0.6333333333333333
4,1,75,16.11111111111111,7.437043644264235,0.6333333333333333
4,1,76,16.11111111111111,10.505013848896203,0.7424242424242424
4,1,77,16.11111111111111,10.901869168606051,0.6904761904761905
4,1,78,16.11111111111111,10.078738632849783,0.7424242424242424
4,1,79,16.11111111111111,11.338956072135637,0.6333333333333333
4,1,80,16.11111111111111,13.947104971281426,0.7745098039215685
4,1,81,16.11111111111111,9.353380356216672,0.6333333333333333
4,1,82,16.11111111111111,10.721723074609388,0.7222222222222223
4,1,83,16.11111111111111,11.963714893603122,0.7564102564102564
4,1,84,16.11111111111111,11.844716199864797,0.6333333333333333
4,1,85,16.11111111111111,13.589470131175997,0.75
4,1,86,16.11111111111111,11.337265897496447,0.75
4,1,87,16.11111111111111,11.309988628810054,0.6333333333333333
4,1,88,16.11111111111111,12.106248970637193,0.75
4,1,89,16.11111111111111,11.168154995331454,0.75
4,1,90,16.11111111111111,12.037495677756667,0.7424242424242424
4,1,91,16.11111111111111,11.990479262452942,0.6333333333333333
4,1,92,16.11111111111111,11.717786945081052,0.6333333333333333
4,1,93,16.11111111111111,10.741672416472412,0.7424242424242424
4,1,94,16.11111111111111,11.337887067181175,0.6904761904761905
4,1,95,16.11111111111111,12.192233563821787,0.7424242424242424
4,1,96,16.11111111111111,10.536620305835083,0.6333333333333333
4,1,97,16.11111111111111,10.662655262895667,0.7424242424242424
4,1,98,16.11111111111111,11.372273578760412,0.7666666666666666
4,1,99,16.11111111111111,11.16765046059318,0.6904761904761905
4,1,100,16.11111111111111,10.527317238317236,0.7424242424242424
4,1,101,16.11111111111111,11.735629955012305,0.6333333333333333
4,1,102,16.11111111111111,12.000320125351077,0.6904761904761905
4,1,103,16.11111111111111,13.25560025595318,0.7424242424242424
4,1,104,16.11111111111111,11.635007326007317,0.6333333333333333
4,1,105,16.11111111111111,10.754555979967739,0.6904761904761905
4,1,106,16.11111111111111,11.604869169761741,0.7424242424242424
4,1,107,16.11111111111111,11.934246753246741,0.7424242424242424
4,1,108,16.11111111111111,12.631549878226336,0.7424242424242424
4,1,109,16.11111111111111,12.165694250052296,0.7564102564102564
4,1,110,16.11111111111111,11.719254534079596,0.6333333333333333
4,1,111,16.11111111111111,9.713129268443977,0.6333333333333333
4,1,112,16.11111111111111,9.438984081278203,0.7424242424242424
4,1,113,16.11111111111111,9.548213571258467,0.6333333333333333
4,1,114,16.11111111111111,11.86706393606393,0.7424242424242424
4,1,115,16.11111111111111,11.451067044067038,0.6333333333333333
4,1,116,16.11111111111111,10.775912645325686,0.7424242424242424
4,1,117,16.11111111111111,11.595244067044058,0.7424242424242424
4,1,118,16.11111111111111,11.120117951492942,0.7424242424242424
4,1,119,16.11111111111111,11.630123144829017,0.7424242424242424
4,1,120,16.11111111111111,9.75662610327093,0.6333333333333333
4,1,121,16.11111111111111,9.667219505984209,0.7424242424242424
4,1,122,16.11111111111111,12.326604451104435,0.7564102564102564
4,1,123,16.11111111111111,10.834210642298869,0.75
4,1,124,16.11111111111111,12.145450477313164,0.7564102564102564
4,1,125,16.11111111111111,10.798720132808356,0.6904761904761905
4,1,126,16.11111111111111,7.86578750987575,0.6333333333333333
4,1,127,16.11111111111111,10.037502623869907,0.6333333333333333
4,1,128,16.11111111111111,11.801534564174995,0.6333333333333333
4,1,129,16.11111111111111,10.568132942018803,0.6333333333333333
4,1,130,16.11111111111111,12.239589306703456,0.6333333333333333
4,1,131,16.11111111111111,9.882157275095041,0.6333333333333333
4,1,132,16.11111111111111,12.192121286310531,0.75
4,1,133,16.11111111111111,12.711142200830993,0.6333333333333333
4,1,134,16.11111111111111,10.355670543454881,0.6333333333333333
4,1,135,16.11111111111111,11.840180608062953,0.6333333333333333
4,1,136,16.11111111111111,10.91378547061438,0.6333333333333333
4,1,137,16.11111111111111,11.077355618855425,0.6333333333333333
4,1,138,16.11111111111111,11.052022625241289,0.6904761904761905
4,1,139,16.11111111111111,11.729409342045649,0.75
4,1,140,16.11111111111111,12.441448265185095,0.7666666666666666
4,1,141,16.11111111111111,9.932219018992702,0.6904761904761905
4,1,142,16.11111111111111,12.568725701199371,0.6333333333333333
4,1,143,16.11111111111111,10.685380980394566,0.6904761904761905
4,1,144,16.11111111111111,11.53196693390769,0.6333333333333333
4,1,145,16.11111111111111,11.0217610702421,0.6904761904761905
4,1,146,16.11111111111111,10.582105817363392,0.6333333333333333
4,1,147,16.11111111111111,12.399113947244373,0.6333333333333333
4,1,148,16.11111111111111,10.613693193244664,0.6333333333333333
4,1,149,16.11111111111111,10.86018555067969,0.6904761904761905
4,1,150,16.11111111111111,11.55368245044715,0.6333333333333333
4,1,151,16.11111111111111,12.253895549926497,0.6333333333333333
4,1,152,16.11111111111111,12.386457575757563,0.6333333333333333
4,1,153,16.11111111111111,13.396486673457245,0.75
4,1,154,16.11111111111111,11.754702097352244,0.6333333333333333
4,1,155,16.11111111111111,12.709604043531273,0.75
4,1,156,16.11111111111111,12.154506375375561,0.6333333333333333
4,1,157,16.11111111111111,10.782043755693904,0.6333333333333333
4,1,158,16.11111111111111,12.48622984368571,0.6333333333333333
4,1,159,16.11111111111111,12.448754699548802,0.6904761904761905
4,1,160,16.11111111111111,10.38857337107337,0.7424242424242424
4,1,161,16.11111111111111,13.078111222111211,0.7564102564102564
4,1,162,16.11111111111111,11.864744274215624,0.7424242424242424
4,1,163,16.11111111111111,9.37075256425721,0.6333333333333333
4,1,164,16.11111111111111,12.168437251087393,0.7564102564102564
4,1,165,16.11111111111111,12.202888888888877,0.7424242424242424
4,1,166,16.11111111111111,13.041029359529343,0.7424242424242424
4,1,167,16.11111111111111,9.181994741831057,0.7424242424242424
4,1,168,16.11111111111111,9.75058757059934,0.7424242424242424
4,1,169,16.11111111111111,11.069127141863977,0.7424242424242424
4,1,170,16.11111111111111,11.269341704047577,0.6333333333333333
4,1,171,16.11111111111111,12.276204739704722,0.6904761904761905
4,1,172,16.11111111111111,13.01121087479347,0.75
4,1,173,16.11111111111111,11.300696858629179,0.7424242424242424
4,1,174,16.11111111111111,12.448132558262982,0.7424242424242424
4,1,175,16.11111111111111,11.484032942547643,0.7424242424242424
4,1,176,16.11111111111111,13.192869320875193,0.7857142857142856
4,2,1,2.4166666666666665,0.5421269841269841,0.25
4,2,2,16.11111111111111,1.1866659451659458,0.25
4,2,3,16.11111111111111,2.3467703823953836,0.25
4,2,4,16.11111111111111,3.5763030531559923,0.25
4,2,5,16.11111111111111,6.71844444444445,0.25
4,2,6,16.11111111111111,10.090983405483405,0.25
4,2,7,16.11111111111111,11.493813131313118,0.25
4,2,8,16.11111111111111,11.489927849927835,0.5
4,2,9,16.11111111111111,12.25217784992784,0.25
4,2,10,16.11111111111111,13.439873015873005,0.5
4,2,11,16.11111111111111,12.102478632478618,0.25
4,2,12,16.11111111111111,9.343280086580084,0.25
4,2,13,16.11111111111111,9.733554112554106,0.25
4,2,14,16.11111111111111,12.01242857142856,0.25
4,2,15,16.11111111111111,11.900792929292916,0.25
4,2,16,16.11111111111111,11.56726839826839,0.25
4,2,17,16.11111111111111,12.003238095238084,0.25
4,2,18,16.11111111111111,11.85036435786435,0.25
4,2,19,16.11111111111111,12.547801587301574,0.25
4,2,20,16.11111111111111,10.88086607836607,0.25
4,2,21,16.11111111111111,11.378062770562762,0.25
4,2,22,16.11111111111111,11.669081807081803,0.5
4,2,23,16.11111111111111,12.772666666666654,0.25
4,2,24,16.11111111111111,11.51563023088022,0.25
4,2,25,16.11111111111111,10.91613816738816,0.25
4,2,26,16.11111111111111,10.741111111111104,0.25
4,2,27,16.11111111111111,10.366315212565206,0.25
4,2,28,16.11111111111111,12.976462842712833,0.5
4,2,29,16.11111111111111,13.069444444444434,0.25
4,2,30,16.11111111111111,13.126820621071381,0.25
4,2,31,16.11111111111111,11.90726911976911,0.25
4,2,32,16.11111111111111,11.5888492063492,0.25
4,2,33,16.11111111111111,9.962409642644932,0.25
4,2,34,16.11111111111111,11.535320707070701,0.25
4,2,35,16.11111111111111,12.780209595959583,0.5
4,2,36,16.11111111111111,12.364286181654595,0.5833333333333335
4,2,37,16.11111111111111,12.562559990662919,0.25
4,2,38,16.11111111111111,11.610968253968245,0.25
4,2,39,16.11111111111111,10.279517265385685,0.25
4,2,40,16.11111111111111,11.263696438064846,0.25
4,2,41,16.11111111111111,12.206284461152869,0.25
4,2,42,16.11111111111111,11.262729437229424,0.25
4,2,43,16.11111111111111,12.254972222222209,0.25
4,2,44,16.11111111111111,11.121300560550551,0.25
4,2,45,16.11111111111111,11.665801587301578,0.25
4,2,46,16.11111111111111,11.257921633921626,0.25
4,2,47,16.11111111111111,12.41653030303029,0.25
4,2,48,16.11111111111111,12.205662842712833,0.25
4,2,49,16.11111111111111,13.222746176046165,0.5
4,2,50,16.11111111111111,12.499820707070699,0.25
4,2,51,16.11111111111111,12.321079365079354,0.5833333333333335
4,2,52,16.11111111111111,11.82054292929292,0.25
4,2,53,16.11111111111111,11.335547328119901,0.5
4,2,54,16.11111111111111,9.673737373737366,0.25
4,2,55,16.11111111111111,10.347515151515147,0.25
4,2,56,16.11111111111111,12.727851010100999,0.25
4,2,57,16.11111111111111,13.064237373737363,0.25
4,2,58,16.11111111111111,12.14426839826839,0.25
4,2,59,16.11111111111111,12.186102198455128,0.25
4,2,60,16.11111111111111,11.163639751552783,0.25
4,2,61,16.11111111111111,13.592781842818415,0.5
4,2,62,16.11111111111111,13.060253246753234,0.5
4,2,63,16.11111111111111,12.950224937343346,0.25
4,2,64,16.11111111111111,12.067218699601039,0.25
4,2,65,16.11111111111111,12.130681818181806,0.25
4,2,66,16.11111111111111,11.354313131313122,0.25
4,2,67,16.11111111111111,11.588444444444432,0.25
4,2,68,16.11111111111111,12.854666666666656,0.5
4,2,69,16.11111111111111,13.630126262626252,0.25
4,2,70,16.11111111111111,11.071833333333323,0.25
4,2,71,16.11111111111111,12.751150072150061,0.25
4,2,72,16.11111111111111,11.50677777777777,0.25
4,2,73,16.11111111111111,10.609070707070698,0.25
4,2,74,16.11111111111111,13.062181818181807,0.25
4,2,75,16.11111111111111,12.978391414141404,0.25
4,2,76,16.11111111111111,12.305571817071806,0.25
4,2,77,16.11111111111111,12.85885714285713,0.25
4,2,78,16.11111111111111,10.893357142857138,0.25
4,2,79,16.11111111111111,12.616880647130634,0.25
4,2,80,16.11111111111111,11.860641414141403,0.25
4,2,81,16.11111111111111,11.821066738816729,0.25
4,2,82,16.11111111111111,11.957127450980378,0.5
4,2,83,16.11111111111111,10.392796897546889,0.25
4,2,84,16.11111111111111,11.85620818070817,0.25
4,2,85,16.11111111111111,12.092217194570123,0.25
4,2,86,16.11111111111111,12.251722222222211,0.25
4,2,87,16.11111111111111,11.037090909090903,0.25
4,2,88,16.11111111111111,9.999967421467414,0.25
4,2,89,16.11111111111111,12.135961316461303,0.6499999999999999
4,2,90,16.11111111111111,12.719096405228747,0.25
4,2,91,16.11111111111111,12.67965007215006,0.25
4,2,92,16.11111111111111,11.943583333333322,0.25
4,2,93,16.11111111111111,12.760697691197679,0.25
4,2,94,16.11111111111111,12.163246031746024,0.25
4,2,95,16.11111111111111,10.974059523809517,0.25
4,2,96,16.11111111111111,13.070427849927839,0.25
4,2,97,16.11111111111111,12.724586774336759,0.5
4,2,98,16.11111111111111,12.563196969696955,0.25
4,2,99,16.11111111111111,12.316919580419569,0.5
4,2,100,16.11111111111111,12.199919913419901,0.25
4,2,101,16.11111111111111,10.440788961038955,0.25
4,2,102,16.11111111111111,12.482623015873008,0.25
4,2,103,16.11111111111111,12.004694832944825,0.25
4,2,104,16.11111111111111,12.16301515151514,0.25
4,2,105,16.11111111111111,8.259959595959593,0.25
4,2,106,16.11111111111111,11.177808080808072,0.25
4,2,107,16.11111111111111,11.573968253968244,0.25
4,2,108,16.11111111111111,12.077253246753237,0.25
4,2,109,16.11111111111111,12.492539682539675,0.5
4,2,110,16.11111111111111,10.950626262626253,0.25
4,2,111,16.11111111111111,12.18076107226106,0.25
4,2,112,16.11111111111111,11.178474747474738,0.25
4,2,113,16.11111111111111,12.428378787878776,0.25
4,2,114,16.11111111111111,12.34778354978354,0.25
4,2,115,16.11111111111111,11.649301587301574,0.5
4,2,116,16.11111111111111,13.669327838827826,0.25
4,2,117,16.11111111111111,12.720833333333324,0.25
4,2,118,16.11111111111111,10.468200854700848,0.25
4,2,119,16.11111111111111,9.987560633810626,0.25
4,2,120,16.11111111111111,11.559656565656553,0.25
4,2,121,16.11111111111111,12.023044011543998,0.25
4,2,122,16.11111111111111,10.422246031746024,0.25
4,2,123,16.11111111111111,10.23151767676767,0.25
4,2,124,16.11111111111111,11.121690476190466,0.25
4,2,125,16.11111111111111,12.136058080808073,0.5833333333333335
4,2,126,16.11111111111111,12.113055555555547,0.25
4,2,127,16.11111111111111,11.581487373737362,0.25
4,2,128,16.11111111111111,12.139498556998547,0.25
4,2,129,16.11111111111111,11.564628787878776,0.25
4,2,130,16.11111111111111,10.302455627705621,0.25
4,2,131,16.11111111111111,9.408231268731262,0.25
4,2,132,16.11111111111111,10.994749999999987,0.5
4,2,133,16.11111111111111,13.116222222222211,0.25
4,2,134,16.11111111111111,12.245829365079352,0.25
4,2,135,16.11111111111111,12.468990620490608,0.25
4,2,136,16.11111111111111,10.46464646464646,0.5833333333333335
4,2,137,16.11111111111111,12.538277777777768,0.5
4,2,138,16.11111111111111,12.501594516594503,0.25
4,2,139,16.11111111111111,13.14065079365078,0.25
4,2,140,16.11111111111111,12.88433333333332,0.25
4,2,141,16.11111111111111,11.38684126984126,0.25
4,2,142,16.11111111111111,13.812950336700323,0.25
4,2,143,16.11111111111111,12.776638167388157,0.25
4,2,144,16.11111111111111,10.11899999999999,0.25
4,2,145,16.11111111111111,10.983169913419907,0.25
4,2,146,16.11111111111111,11.297241341991331,0.25
4,2,147,16.11111111111111,10.659404040404029,0.25
4,2,148,16.11111111111111,12.373937590187579,0.5
4,2,149,16.11111111111111,11.427530303030293,0.25
4,2,150,16.11111111111111,10.922419191919182,0.25
4,2,151,16.11111111111111,9.83502323232323,0.25
4,2,152,16.11111111111111,12.886254329004316,0.25
4,2,153,16.11111111111111,12.413070707070695,0.25
4,2,154,16.11111111111111,11.536789682539672,0.25
4,2,155,16.11111111111111,11.848798633555976,0.5
4,3,1,0.8500000000000001,0.496421134421135,0.41666666666666663
4,3,2,1.11,0.5785866230387976,0.41666666666666663
4,3,3,1.141304347826087,0.6773072350780792,0.41666666666666663
4,3,4,1.9166666666666665,0.7835735719807327,0.41666666666666663
4,3,5,1.9166666666666665,0.8944299861547939,0.41666666666666663
4,3,6,1.9166666666666665,1.0537608592212435,0.55
4,3,7,1.9166666666666665,1.1351688347547808,0.41666666666666663
4,3,8,12.384615384615385,1.5973798016972334,0.55
4,3,9,12.384615384615385,2.441521441521443,0.41666666666666663
4,3,10,12.384615384615385,3.4931648176384997,0.55
4,3,11,12.384615384615385,5.13664781623605,0.41666666666666663
4,3,12,12.384615384615385,6.138375023669144,0.55
4,3,13,12.384615384615385,6.23259177183326,0.41666666666666663
4,3,14,12.384615384615385,7.626466783646346,0.41666666666666663
4,3,15,12.384615384615385,8.187096912719202,0.41666666666666663
4,3,16,13.909090909090908,8.827070244512962,0.41666666666666663
4,3,17,13.909090909090908,9.894219003218996,0.41666666666666663
4,3,18,13.909090909090908,8.165396187575752,0.41666666666666663
4,3,19,13.909090909090908,9.75931295604979,0.41666666666666663
4,3,20,13.909090909090908,8.164339047680011,0.41666666666666663
4,3,21,13.909090909090908,7.924697724497728,0.41666666666666663
4,3,22,13.909090909090908,8.905610589410594,0.41666666666666663
4,3,23,13.909090909090908,8.783833212539099,0.41666666666666663
4,3,24,13.909090909090908,7.210194387386747,0.41666666666666663
4,3,25,13.909090909090908,9.503778369778374,0.41666666666666663
4,3,26,13.909090909090908,10.413394272394271,0.41666666666666663
4,3,27,13.909090909090908,9.213317795654646,0.41666666666666663
4,3,28,13.909090909090908,7.745142857142861,0.41666666666666663
4,3,29,13.909090909090908,8.71917615717616,0.41666666666666663
4,3,30,13.909090909090908,8.52176403789448,0.41666666666666663
4,3,31,13.909090909090908,8.51206085219129,0.41666666666666663
4,3,32,13.909090909090908,9.431682650682655,0.41666666666666663
4,3,33,13.909090909090908,9.865589832389839,0.41666666666666663
4,3,34,13.909090909090908,9.289456256162145,0.41666666666666663
4,3,35,13.909090909090908,8.676538350538353,0.41666666666666663
4,3,36,13.909090909090908,10.812901964701968,0.41666666666666663
4,3,37,13.909090909090908,8.471785214785221,0.41666666666666663
4,3,38,13.909090909090908,8.50558341658342,0.41666666666666663
4,3,39,13.909090909090908,7.6375574153140064,0.41666666666666663
4,3,40,13.909090909090908,8.38340892935754,0.41666666666666663
4,3,41,13.909090909090908,8.83113153513154,0.41666666666666663
4,3,42,13.909090909090908,7.944555111555115,0.41666666666666663
4,3,43,13.909090909090908,9.80347241647242,0.41666666666666663
4,3,44,13.909090909090908,7.942750628456514,0.41666666666666663
4,3,45,13.909090909090908,8.526585373828105,0.41666666666666663
4,3,46,13.909090909090908,8.23483627483628,0.41666666666666663
4,3,47,13.909090909090908,10.161410203323253,0.41666666666666663
4,3,48,13.909090909090908,8.673622599622602,0.41666666666666663
4,3,49,13.909090909090908,9.394307026307033,0.41666666666666663
4,3,50,13.909090909090908,9.973038943512632,0.41666666666666663
4,3,51,13.909090909090908,8.23955125068169,0.41666666666666663
4,3,52,13.909090909090908,8.696283272283276,0.41666666666666663
4,3,53,13.909090909090908,8.273737864474707,0.41666666666666663
4,3,54,13.909090909090908,8.07321764901765,0.41666666666666663
4,3,55,13.909090909090908,7.858881543293304,0.41666666666666663
4,3,56,13.909090909090908,6.605346478083321,0.41666666666666663
4,3,57,13.909090909090908,8.930858674658678,0.41666666666666663
4,3,58,13.909090909090908,10.26330618401207,0.41666666666666663
4,3,59,13.909090909090908,9.04596634840908,0.41666666666666663
4,3,60,13.909090909090908,8.474066045066051,0.41666666666666663
4,3,61,13.909090909090908,9.707384638890526,0.41666666666666663
4,3,62,13.909090909090908,7.9440165390165385,0.41666666666666663
4,3,63,13.909090909090908,8.377696192696195,0.41666666666666663
4,3,64,13.909090909090908,8.75793448773449,0.41666666666666663
4,3,65,13.909090909090908,9.17958878768291,0.41666666666666663
4,3,66,13.909090909090908,7.717564698319759,0.41666666666666663
4,3,67,13.909090909090908,10.11198362989668,0.41666666666666663
4,3,68,13.909090909090908,4.859187174366739,0.41666666666666663
4,3,69,13.909090909090908,5.919456743256748,0.41666666666666663
4,3,70,13.909090909090908,8.008987345987347,0.55
4,3,71,13.909090909090908,8.058036612510296,0.55
4,3,72,13.909090909090908,9.70489142436511,0.55
4,3,73,13.909090909090908,9.860320013320015,0.41666666666666663
4,3,74,13.909090909090908,9.131607576462068,0.41666666666666663
4,3,75,13.909090909090908,10.000555999556006,0.41666666666666663
4,3,76,13.909090909090908,9.446972093266218,0.41666666666666663
4,3,77,13.909090909090908,9.292105806611692,0.41666666666666663
4,3,78,13.909090909090908,10.236335311747084,0.41666666666666663
4,3,79,13.909090909090908,8.502190077895964,0.41666666666666663
4,3,80,13.909090909090908,8.156253570990415,0.41666666666666663
4,3,81,13.909090909090908,9.195517640254485,0.41666666666666663
4,3,82,13.909090909090908,9.773137529137534,0.41666666666666663
4,3,83,13.909090909090908,7.723592232329079,0.41666666666666663
4,3,84,13.909090909090908,9.732523698523705,0.41666666666666663
4,3,85,13.909090909090908,9.5046112123171,0.41666666666666663
4,3,86,13.909090909090908,8.515487152243749,0.41666666666666663
4,3,87,13.909090909090908,8.926752025752032,0.41666666666666663
4,3,88,13.909090909090908,9.508933112639003,0.41666666666666663
4,3,89,13.909090909090908,8.968937975068414,0.41666666666666663
4,3,90,13.909090909090908,8.9893936531305,0.41666666666666663
4,3,91,13.909090909090908,8.300096570096573,0.41666666666666663
4,3,92,13.909090909090908,10.989223776223783,0.41666666666666663
4,3,93,13.909090909090908,9.55622877122878,0.41666666666666663
4,3,94,13.909090909090908,9.774343147049036,0.41666666666666663
4,3,95,13.909090909090908,9.506390744521184,0.41666666666666663
4,3,96,13.909090909090908,8.186242820242823,0.41666666666666663
4,3,97,13.909090909090908,8.033156888862774,0.55
4,3,98,13.909090909090908,6.966454634254634,0.41666666666666663
4,3,99,13.909090909090908,8.03986744627921,0.41666666666666663
4,3,100,13.909090909090908,8.155394605394607,0.41666666666666663
4,3,101,13.909090909090908,6.718345301757066,0.41666666666666663
4,3,102,13.909090909090908,7.451526092526089,0.41666666666666663
4,3,103,13.909090909090908,7.278255300255301,0.41666666666666663
4,3,104,13.909090909090908,8.440494307000195,0.41666666666666663
4,3,105,13.909090909090908,9.331100478606368,0.41666666666666663
4,3,106,13.909090909090908,9.430322233322238,0.41666666666666663
4,3,107,13.909090909090908,8.424469419469425,0.41666666666666663
4,3,108,13.909090909090908,8.730025308025313,0.41666666666666663
4,3,109,13.909090909090908,9.537514355957088,0.41666666666666663
4,3,110,13.909090909090908,7.610380975886864,0.41666666666666663
4,3,111,13.909090909090908,8.241048441754327,0.41666666666666663
4,3,112,13.909090909090908,8.793966699966704,0.41666666666666663
4,3,113,13.909090909090908,9.677897435897442,0.41666666666666663
4,3,114,13.909090909090908,8.696406260406265,0.41666666666666663
4,3,115,13.909090909090908,8.214774049479937,0.41666666666666663
4,3,116,13.909090909090908,9.168048996754885,0.41666666666666663
4,3,117,13.909090909090908,8.86338228438229,0.41666666666666663
4,3,118,13.909090909090908,8.255633921633923,0.41666666666666663
4,3,119,13.909090909090908,5.6363605000663854,0.41666666666666663
4,3,120,13.909090909090908,7.0263859251859255,0.41666666666666663
4,3,121,13.909090909090908,8.18071426818795,0.41666666666666663
4,3,122,13.909090909090908,8.537083583083579,0.41666666666666663
4,3,123,13.909090909090908,9.653180531886417,0.41666666666666663
4,3,124,13.909090909090908,8.80321070234114,0.41666666666666663
4,3,125,13.909090909090908,9.221925407925415,0.41666666666666663
4,3,126,13.909090909090908,9.560603212653932,0.41666666666666663
4,3,127,13.909090909090908,10.990995337995345,0.41666666666666663
4,3,128,13.909090909090908,8.528986170692058,0.41666666666666663
4,3,129,13.909090909090908,9.272419580419587,0.41666666666666663
4,3,130,13.909090909090908,9.268473239179126,0.41666666666666663
4,3,131,13.909090909090908,7.982136419136421,0.41666666666666663
4,3,132,13.909090909090908,8.112421911421919,0.41666666666666663
4,3,133,13.909090909090908,8.314969696969705,0.41666666666666663
4,3,134,13.909090909090908,10.29740592740593,0.41666666666666663
4,3,135,13.909090909090908,9.259571317571323,0.41666666666666663
4,3,136,13.909090909090908,8.935223023353462,0.41666666666666663
4,3,137,13.909090909090908,8.368823666529547,0.41666666666666663
4,3,138,13.909090909090908,9.619261405261405,0.41666666666666663
4,3,139,13.909090909090908,7.858319347319349,0.41666666666666663
4,3,140,13.909090909090908,8.90504697263521,0.41666666666666663
4,3,141,13.909090909090908,8.508053659790507,0.41666666666666663
4,3,142,13.909090909090908,9.642352536352542,0.41666666666666663
4,3,143,13.909090909090908,9.240992165729013,0.41666666666666663
4,3,144,13.909090909090908,8.91216328116329,0.41666666666666663
4,3,145,13.909090909090908,8.961375040918343,0.41666666666666663
4,3,146,13.909090909090908,8.325072927072931,0.41666666666666663
4,3,147,13.909090909090908,8.808712529300768,0.41666666666666663
4,3,148,13.909090909090908,9.950190056320494,0.41666666666666663
4,3,149,13.909090909090908,8.989476283949973,0.41666666666666663
4,3,150,13.909090909090908,9.182741456685736,0.41666666666666663
4,3,151,13.909090909090908,9.429842046842053,0.41666666666666663
4,3,152,13.909090909090908,8.784710171055004,0.41666666666666663
4,3,153,13.909090909090908,9.009067702412533,0.41666666666666663
4,3,154,13.909090909090908,9.966960457842818,0.41666666666666663
4,3,155,13.909090909090908,9.319882186956495,0.41666666666666663
4,3,156,13.909090909090908,9.88695044595045,0.41666666666666663
4,3,157,13.909090909090908,9.519799113929555,0.41666666666666663
4,3,158,13.909090909090908,9.941720926132698,0.41666666666666663
4,3,159,13.909090909090908,11.277159259041618,0.55
4,3,160,13.909090909090908,8.021796998046176,0.41666666666666663
4,3,161,13.909090909090908,6.998473035459057,0.41666666666666663
4,3,162,13.909090909090908,8.785630683042454,0.41666666666666663
4,3,163,13.909090909090908,8.522242091242099,0.41666666666666663
4,3,164,13.909090909090908,8.781099123099127,0.41666666666666663
4,3,165,13.909090909090908,8.073805927131009,0.41666666666666663
4,3,166,13.909090909090908,8.427708402708404,0.41666666666666663
4,3,167,13.909090909090908,8.710519971256815,0.41666666666666663
4,3,168,13.909090909090908,10.01760628260629,0.41666666666666663
4,3,169,13.909090909090908,9.742977735714584,0.41666666666666663
4,4,1,9.19047619047619,1.5986718413625502,0.5833333333333333
4,4,2,12.384615384615385,2.736142497178584,0.7166666666666668
4,4,3,12.384615384615385,4.050121906191676,0.5833333333333333
4,4,4,13.909090909090908,4.574079963595948,0.5833333333333333
4,4,5,16.11111111111111,6.8684244873351785,0.5833333333333333
4,4,6,16.11111111111111,8.104420872042713,0.8055555555555556
4,4,7,16.11111111111111,8.298188523659881,0.5833333333333333
4,4,8,16.11111111111111,9.64393892800865,0.7166666666666668
4,4,9,16.11111111111111,9.58556735217224,0.8397435897435899
4,4,10,16.11111111111111,12.15254542950069,0.8397435897435899
4,4,11,16.11111111111111,13.064815481296169,0.8640350877192982
4,4,12,16.11111111111111,12.811355070277823,0.857843137254902
4,4,13,16.11111111111111,12.295265788481988,0.8690476190476191
4,4,14,16.11111111111111,11.259690644687641,0.8397435897435899
4,4,15,16.11111111111111,10.481910088640062,0.5833333333333333
4,4,16,16.11111111111111,11.704252901915238,0.7166666666666668
4,4,17,16.11111111111111,10.869200865513807,0.5833333333333333
4,4,18,16.11111111111111,9.983188627264711,0.8500000000000001
4,4,19,16.11111111111111,11.808095758729449,0.7166666666666668
4,4,20,16.11111111111111,11.242390599838272,0.7166666666666668
4,4,21,16.11111111111111,11.224577058264426,0.7166666666666668
4,4,22,16.11111111111111,12.220866509511165,0.8257575757575757
4,4,23,16.11111111111111,10.911992710056204,0.8257575757575757
4,4,24,16.11111111111111,11.205117602668201,0.8055555555555556
4,4,25,16.11111111111111,13.01318479784463,0.7166666666666668
4,4,26,16.11111111111111,12.025548286021968,0.5833333333333333
4,4,27,16.11111111111111,11.899316363922813,0.8257575757575757
4,4,28,16.11111111111111,12.855636341436332,0.8690476190476191
4,4,29,16.11111111111111,12.653356325591613,0.8257575757575757
4,4,30,16.11111111111111,12.196401043401037,0.8055555555555556
4,4,31,16.11111111111111,11.291172820049212,0.8055555555555556
4,4,32,16.11111111111111,12.095374270174263,0.7166666666666668
4,4,33,16.11111111111111,11.839635600242048,0.8257575757575757
4,4,34,16.11111111111111,13.158347072165576,0.7166666666666668
4,4,35,19.571428571428573,11.747289912086906,0.8257575757575757
4,4,36,19.571428571428573,12.340786758516774,0.5833333333333333
4,4,37,19.571428571428573,11.568220002891502,0.8055555555555556
4,4,38,19.571428571428573,12.969050368868874,0.5833333333333333
4,4,39,19.571428571428573,12.147271116353236,0.7166666666666668
4,4,40,19.571428571428573,13.303628457901398,0.8500000000000001
4,4,41,19.571428571428573,13.958304429323293,0.5833333333333333
4,4,42,19.571428571428573,15.225830572419627,0.7166666666666668
4,4,43,19.571428571428573,15.245239668827901,0.5833333333333333
4,4,44,19.571428571428573,18.02142267089635,0.5833333333333333
4,4,45,19.571428571428573,14.894273903598979,0.5833333333333333
4,4,46,19.571428571428573,14.940606183138156,0.7166666666666668
4,4,47,19.571428571428573,14.700321874204226,0.7166666666666668
4,4,48,19.571428571428573,15.582509106209969,0.5833333333333333
4,4,49,19.571428571428573,14.813671054251369,0.5833333333333333
4,4,50,19.571428571428573,16.335140989729222,0.5833333333333333
4,4,51,19.571428571428573,15.03483516861535,0.5833333333333333
4,4,52,19.571428571428573,15.742574875157818,0.5833333333333333
4,4,53,19.571428571428573,14.098525089364502,0.5833333333333333
4,4,54,19.571428571428573,14.915152205826505,0.7166666666666668
4,4,55,19.571428571428573,16.326245310245305,0.7738095238095237
4,4,56,19.571428571428573,15.00451437644481,0.5833333333333333
4,4,57,19.571428571428573,14.103623585754022,0.5833333333333333
4,4,58,19.571428571428573,17.3889365079365,0.5833333333333333
4,4,59,19.571428571428573,16.520626040626038,0.7166666666666668
4,4,60,19.571428571428573,14.710503807303798,0.5833333333333333
4,4,61,19.571428571428573,16.20444739185164,0.5833333333333333
4,4,62,19.571428571428573,13.944397116436532,0.5833333333333333
4,4,63,19.571428571428573,14.52231868131868,0.5833333333333333
4,4,64,19.571428571428573,15.306504626092858,0.5833333333333333
4,4,65,19.571428571428573,16.500617604617602,0.7166666666666668
4,4,66,19.571428571428573,15.899213342213338,0.5833333333333333
4,4,67,19.571428571428573,15.918974025974023,0.5833333333333333
4,4,68,19.571428571428573,15.922151293151288,0.5833333333333333
4,4,69,19.571428571428573,15.96611832611832,0.5833333333333333
4,4,70,19.571428571428573,16.63845625616213,0.7738095238095237
4,4,71,19.571428571428573,14.86527792207792,0.5833333333333333
4,4,72,19.571428571428573,16.717735930735927,0.5833333333333333
4,4,73,19.571428571428573,15.431277056277056,0.5833333333333333
4,4,74,19.571428571428573,15.439695094580753,0.7166666666666668
4,4,75,19.571428571428573,13.390135183735179,0.8055555555555556
4,4,76,19.571428571428573,14.90471927212572,0.7166666666666668
4,4,77,19.571428571428573,15.802576290414063,0.7166666666666668
4,4,78,19.571428571428573,16.23126399887375,0.5833333333333333
4,4,79,19.571428571428573,16.056456054800876,0.5833333333333333
4,4,80,19.571428571428573,15.223113562627843,0.7166666666666668
4,4,81,19.571428571428573,16.056291764136482,0.7166666666666668
4,4,82,19.571428571428573,16.510425678044598,0.5833333333333333
4,4,83,19.571428571428573,15.151075234667905,0.5833333333333333
4,4,84,19.571428571428573,16.392649859943973,0.5833333333333333
4,4,85,19.571428571428573,14.230487089011483,0.5833333333333333
4,4,86,19.571428571428573,15.53696483218798,0.5833333333333333
4,4,87,19.571428571428573,11.747757654658223,0.5833333333333333
4,4,88,19.571428571428573,15.472895239263657,0.5833333333333333
4,4,89,19.571428571428573,15.125746791220473,0.7166666666666668
4,4,90,19.571428571428573,16.07110127581994,0.5833333333333333
4,4,91,19.571428571428573,18.40310966810966,0.7738095238095237
4,4,92,19.571428571428573,15.70472304153958,0.7166666666666668
4,4,93,19.571428571428573,13.54099536470826,0.5833333333333333
4,4,94,19.571428571428573,16.55162058369847,0.5833333333333333
4,4,95,19.571428571428573,14.534218520042048,0.5833333333333333
4,4,96,19.571428571428573,14.559935772302232,0.5833333333333333
4,4,97,19.571428571428573,15.970220793514907,0.7738095238095237
4,4,98,19.571428571428573,15.482159225816384,0.5833333333333333
4,4,99,19.571428571428573,15.676461538461533,0.5833333333333333
4,4,100,19.571428571428573,15.404642847348725,0.7166666666666668
4,4,101,19.571428571428573,16.75540819964349,0.8257575757575757
4,4,102,19.571428571428573,13.968924585218701,0.5833333333333333
4,4,103,19.571428571428573,15.52399236632093,0.7738095238095237
4,4,104,19.571428571428573,14.490028408488781,0.5833333333333333
4,4,105,19.571428571428573,13.959287301432123,0.7166666666666668
4,4,106,19.571428571428573,15.053151892551883,0.8055555555555556
4,4,107,19.571428571428573,16.765999999999995,0.5833333333333333
4,4,108,19.571428571428573,14.057149109999036,0.5833333333333333
4,4,109,19.571428571428573,15.008674101062331,0.5833333333333333
4,4,110,19.571428571428573,13.944371517371518,0.5833333333333333
4,4,111,19.571428571428573,14.88731133444066,0.7166666666666668
4,4,112,19.571428571428573,15.864878418628853,0.5833333333333333
4,4,113,19.571428571428573,15.643211313655243,0.8257575757575757
4,4,114,19.571428571428573,15.225426175132053,0.5833333333333333
4,4,115,19.571428571428573,14.736140415140408,0.7166666666666668
4,4,116,19.571428571428573,14.719865291571175,0.5833333333333333
4,4,117,19.571428571428573,16.626004321623242,0.7166666666666668
4,4,118,19.571428571428573,16.454501587301582,0.5833333333333333
4,4,119,19.571428571428573,15.95230839530839,0.5833333333333333
4,4,120,19.571428571428573,14.974275946275942,0.5833333333333333
4,4,121,19.571428571428573,13.729154163558277,0.7166666666666668
4,4,122,19.571428571428573,15.782169425345892,0.5833333333333333
4,4,123,19.571428571428573,14.045640857913805,0.5833333333333333
4,4,124,19.571428571428573,15.366544640652828,0.5833333333333333
4,4,125,19.571428571428573,14.19069261610158,0.7166666666666668
4,4,126,19.571428571428573,16.547348337936565,0.8397435897435899
4,4,127,19.571428571428573,15.59745008064261,0.5833333333333333
4,4,128,19.571428571428573,15.656770118770114,0.5833333333333333
4,4,129,19.571428571428573,16.274391298048652,0.5833333333333333
4,4,130,19.571428571428573,15.313055621577387,0.5833333333333333
4,4,131,19.571428571428573,14.116142986474856,0.5833333333333333
4,4,132,19.571428571428573,14.232696040191689,0.5833333333333333
4,4,133,19.571428571428573,15.233730066010201,0.7166666666666668
4,4,134,19.571428571428573,16.23623809523809,0.7166666666666668
4,4,135,19.571428571428573,16.647247308247305,0.7166666666666668
4,4,136,19.571428571428573,16.55008402708402,0.5833333333333333
4,4,137,19.571428571428573,15.20640513287881,0.5833333333333333
4,4,138,19.571428571428573,13.034170097875982,0.7166666666666668
4,4,139,19.571428571428573,14.919141473842336,0.8055555555555556
4,4,140,19.571428571428573,13.979615982101635,0.5833333333333333
4,4,141,19.571428571428573,14.26357613246292,0.5833333333333333
4,4,142,19.571428571428573,15.881051749557628,0.7166666666666668
4,4,143,19.571428571428573,14.807254467649152,0.5833333333333333
4,4,144,19.571428571428573,15.570727272727268,0.7166666666666668
4,4,145,19.571428571428573,14.893953264438535,0.5833333333333333
4,4,146,19.571428571428573,14.436562659562657,0.5833333333333333
4,4,147,19.571428571428573,14.43323976023976,0.7166666666666668
4,4,148,19.571428571428573,16.034611187135578,0.7166666666666668
4,4,149,19.571428571428573,14.98152899667382,0.8055555555555556
4,4,150,19.571428571428573,12.966620819251101,0.5833333333333333
4,4,151,19.571428571428573,15.44565619987322,0.7166666666666668
4,4,152,19.571428571428573,15.486547338935571,0.5833333333333333
4,4,153,19.571428571428573,13.945233766233766,0.7166666666666668
4,4,154,19.571428571428573,14.220096658896658,0.5833333333333333
4,4,155,19.571428571428573,13.886844155844157,0.5833333333333333
4,4,156,19.571428571428573,15.355907092907092,0.5833333333333333
4,4,157,19.571428571428573,14.197879325353005,0.5833333333333333
4,4,158,19.571428571428573,14.836086691086686,0.5833333333333333
4,4,159,19.571428571428573,16.503902894491127,0.7166666666666668
4,4,160,19.571428571428573,15.071857902331583,0.5833333333333333
4,4,161,19.571428571428573,15.457385033267382,0.5833333333333333
4,4,162,19.571428571428573,14.046116011334227,0.5833333333333333
4,4,163,19.571428571428573,15.193589504063187,0.5833333333333333
4,4,164,19.571428571428573,13.588793428793428,0.5833333333333333
4,4,165,19.571428571428573,15.842082630819469,0.7166666666666668
4,4,166,19.571428571428573,15.040678719972837,0.7166666666666668
4,4,167,19.571428571428573,13.693466072313772,0.5833333333333333
4,4,168,19.571428571428573,15.106577256185298,0.5833333333333333
4,4,169,19.571428571428573,16.57737615356219,0.5833333333333333
4,4,170,19.571428571428573,14.8591441081794,0.5833333333333333
4,4,171,19.571428571428573,15.216622064210291,0.7738095238095237
4,4,172,19.571428571428573,16.005888888888883,0.5833333333333333
4,4,173,19.571428571428573,15.352121212121208,0.5833333333333333
4,4,174,19.571428571428573,15.815491554197433,0.5833333333333333
4,4,175,19.571428571428573,15.270877321399222,0.5833333333333333
4,4,176,19.571428571428573,15.19114918288602,0.7166666666666668
4,4,177,19.571428571428573,16.202134799840678,0.7166666666666668
4,4,178,19.571428571428573,14.666425307750382,0.5833333333333333
4,4,179,19.571428571428573,15.00601032301032,0.5833333333333333
4,4,180,19.571428571428573,15.54237042695866,0.5833333333333333
4,4,181,19.571428571428573,15.759745385333614,0.5833333333333333
4,4,182,19.571428571428573,14.294835463087633,0.5833333333333333
4,4,183,19.571428571428573,15.015380904624253,0.5833333333333333
4,4,184,19.571428571428573,15.337074866433351,0.5833333333333333
4,4,185,19.571428571428573,15.735805061785147,0.5833333333333333
4,4,186,19.571428571428573,16.118777777777773,0.5833333333333333
4,4,187,19.571428571428573,14.349734141825364,0.5833333333333333
4,4,188,19.571428571428573,13.61080432639256,0.5833333333333333
4,5,1,40.333333333333336,12.515948848537082,0.5
4,5,2,40.333333333333336,25.96570721108958,0.6833333333333333
4,5,3,40.333333333333336,35.66461904761903,1.3095238095238095
4,5,4,40.333333333333336,39.267555555555525,16.11111111111111
4,5,5,40.333333333333336,39.08888888888886,2.3333333333333335
4,5,6,40.333333333333336,37.24151515151513,1.2424242424242427
4,5,7,40.333333333333336,39.5883333333333,3.0833333333333335
4,5,8,40.333333333333336,38.485999999999976,1.4166666666666667
4,5,9,40.333333333333336,38.07422344322342,0.6730769230769231
4,5,10,40.333333333333336,40.3333333333333,40.333333333333336
4,5,11,40.333333333333336,36.934888888888864,0.55
4,5,12,40.333333333333336,38.48466666666664,1.35
4,5,13,40.333333333333336,37.209249999999976,0.5833333333333333
4,5,14,40.333333333333336,38.50418181818179,0.6590909090909092
4,5,15,40.333333333333336,39.552857142857114,1.3095238095238095
4,5,16,40.333333333333336,38.28632936507934,1.2291666666666667
4,5,17,40.333333333333336,39.1429841269841,16.11111111111111
4,5,18,40.333333333333336,40.04266666666663,25.8
4,5,19,40.333333333333336,38.24352564102562,1.9583333333333335
4,5,20,40.333333333333336,38.979999999999976,1.7333333333333334
4,5,21,40.333333333333336,39.553666666666636,1.35
4,5,22,40.333333333333336,38.9603333333333,0.75
4,5,23,40.333333333333336,37.45533333333331,1.35
4,5,24,40.333333333333336,37.70898534798532,0.6730769230769231
4,5,25,40.333333333333336,36.76011111111109,1.4166666666666667
4,5,26,40.333333333333336,38.21033333333331,1.4166666666666667
4,5,27,40.333333333333336,38.80255555555553,2.55
4,5,28,40.333333333333336,36.73342063492061,0.6071428571428572
4,5,29,40.333333333333336,34.75776984126982,0.5416666666666667
4,5,30,40.333333333333336,35.02271428571427,0.5
4,5,31,40.333333333333336,39.267555555555525,16.11111111111111
4,5,32,40.333333333333336,38.7163333333333,3.0833333333333335
4,5,33,40.333333333333336,37.45476190476188,0.55
4,5,34,40.333333333333336,37.972095238095214,1.1666666666666667
4,5,35,40.333333333333336,36.3154841269841,0.55
4,5,36,40.333333333333336,34.33947619047618,0.7023809523809523
4,5,37,40.333333333333336,39.26391666666664,1.3958333333333335
4,5,38,40.333333333333336,36.502736842105236,0.5
4,5,39,40.333333333333336,37.70343431855498,0.55
4,5,40,40.333333333333336,38.805833333333304,1.9583333333333335
4,5,41,40.333333333333336,38.862901960784285,10.411764705882353
4,5,42,40.333333333333336,40.3333333333333,40.333333333333336
4,5,43,40.333333333333336,36.486444444444416,1.35
4,5,44,40.333333333333336,37.44605555555553,1.9583333333333335
4,5,45,40.333333333333336,38.76255555555553,0.55
4,5,46,40.333333333333336,37.47117460317458,0.6111111111111112
4,5,47,40.333333333333336,38.01273109243695,0.6071428571428572
4,5,48,40.333333333333336,39.751999999999974,25.8
4,5,49,40.333333333333336,39.5733333333333,2.3333333333333335
4,5,50,40.333333333333336,39.56738095238092,2.0357142857142856
4,5,51,40.333333333333336,38.74199999999997,0.55
4,5,52,40.333333333333336,39.08888888888886,2.3333333333333335
4,5,53,40.333333333333336,37.53529292929291,0.6590909090909092
4,5,54,40.333333333333336,36.43355555555553,0.7708333333333335
4,5,55,40.333333333333336,35.88715404040401,0.6590909090909092
4,5,56,40.333333333333336,37.70388888888886,0.6111111111111112
4,5,57,40.333333333333336,39.055404040404014,0.6590909090909092
4,5,58,40.333333333333336,38.77488888888886,1.1666666666666667
4,5,59,40.333333333333336,39.84888888888886,16.11111111111111
4,5,60,40.333333333333336,37.669473684210494,0.55
4,5,61,40.333333333333336,36.11339225235547,0.6590909090909092
4,5,62,40.333333333333336,37.97033333333331,0.6333333333333333
4,5,63,40.333333333333336,37.86076980990022,1.141304347826087
4,5,64,40.333333333333336,38.455976689976666,0.6590909090909092
4,5,65,40.333333333333336,37.727158730158706,0.6388888888888888
4,5,66,40.333333333333336,36.9142222222222,0.6388888888888888
4,5,67,40.333333333333336,38.764333333333305,0.6388888888888888
4,5,68,40.333333333333336,39.55499999999997,1.4166666666666667
4,5,69,40.333333333333336,36.91545887445885,0.6071428571428572
4,5,70,40.333333333333336,35.426120634920615,0.6071428571428572
4,5,71,40.333333333333336,37.02226190476188,0.625
4,5,72,40.333333333333336,36.622588235294096,0.6666666666666667
4,5,73,40.333333333333336,39.247904761904735,0.5952380952380953
4,5,74,40.333333333333336,38.783047619047586,1.1166666666666667
4,5,75,40.333333333333336,38.796547619047594,1.7916666666666665
4,5,76,40.333333333333336,39.91809523809521,19.571428571428573
4,5,77,40.333333333333336,37.71838888888887,1.4166666666666667
4,5,78,40.333333333333336,37.72933333333331,1.75
4,5,79,40.333333333333336,36.305666666666646,0.5416666666666667
4,5,80,40.333333333333336,39.56738095238092,2.0357142857142856
4,5,81,40.333333333333336,37.965265151515126,0.5416666666666667
4,5,82,40.333333333333336,37.771206349206324,0.6388888888888888
4,5,83,40.333333333333336,37.45984848484846,0.5833333333333333
4,5,84,40.333333333333336,39.56166666666664,1.75
4,5,85,40.333333333333336,39.27099999999997,1.75
4,5,86,40.333333333333336,38.46433333333331,0.5833333333333333
4,5,87,40.333333333333336,40.3333333333333,40.333333333333336
4,5,88,40.333333333333336,38.47516666666664,0.5
4,5,89,40.333333333333336,39.27066666666664,1.7333333333333334
4,5,90,40.333333333333336,40.3333333333333,40.333333333333336
4,5,91,40.333333333333336,37.074309523809504,0.5
4,5,92,40.333333333333336,38.502666666666634,0.5833333333333333
4,5,93,40.333333333333336,38.329056776556754,0.5416666666666667
4,5,94,40.333333333333336,38.76299999999997,0.5666666666666667
4,5,95,40.333333333333336,39.751999999999974,25.8
4,5,96,40.333333333333336,34.80512791783378,0.7333333333333334
4,5,97,40.333333333333336,36.45966666666664,0.75
4,5,98,40.333333333333336,33.80999328449327,0.6071428571428572
4,5,99,40.333333333333336,38.05119047619044,1.4761904761904763
4,5,100,40.333333333333336,38.85576190476188,1.75
4,5,101,40.333333333333336,39.146095238095214,1.7333333333333334
4,5,102,40.333333333333336,37.43174637681157,0.8623188405797102
4,5,103,40.333333333333336,37.92423529411762,2.3333333333333335
4,5,104,40.333333333333336,38.146412698412675,16.11111111111111
4,5,105,40.333333333333336,38.45449999999997,0.55
4,5,106,40.333333333333336,36.841736842105234,1.9583333333333335
4,5,107,40.333333333333336,36.473773809523784,0.7333333333333334
4,5,108,40.333333333333336,39.2473333333333,0.5666666666666667
4,5,109,40.333333333333336,39.751999999999974,25.8
4,5,110,40.333333333333336,37.8812161172161,1.7333333333333334
4,5,111,40.333333333333336,39.150595238095214,1.9583333333333335
4,5,112,40.333333333333336,39.27066666666664,1.7333333333333334
4,5,113,40.333333333333336,39.297666666666636,3.0833333333333335
4,5,114,40.333333333333336,39.5613333333333,1.7333333333333334
4,5,115,40.333333333333336,36.49111111111109,1.5833333333333335
4,5,116,40.333333333333336,35.727083333333304,0.7708333333333335
4,5,117,40.333333333333336,36.18885714285712,1.3095238095238095
4,5,118,40.333333333333336,38.60444444444442,2.3333333333333335
4,5,119,40.333333333333336,37.311952380952356,1.4166666666666667
4,5,120,40.333333333333336,38.10742857142854,2.3333333333333335
4,5,121,40.333333333333336,38.06723529411762,0.55
4,5,122,40.333333333333336,38.98990196078429,3.0833333333333335
4,5,123,40.333333333333336,37.22216666666664,0.5
4,5,124,40.333333333333336,39.07688888888886,1.7333333333333334
4,5,125,40.333333333333336,36.79942857142855,0.6666666666666667
4,5,126,40.333333333333336,38.99199999999997,2.3333333333333335
4,5,127,40.333333333333336,37.746333333333304,0.55
4,5,128,40.333333333333336,36.0299786324786,1.012820512820513
4,5,129,40.333333333333336,37.71399999999998,1.4166666666666667
4,5,130,40.333333333333336,36.01242857142856,0.5416666666666667
4,5,131,40.333333333333336,36.91066666666664,0.5
4,5,132,40.333333333333336,37.424999999999976,0.7333333333333334
4,5,133,40.333333333333336,38.66549999999997,0.5416666666666667
4,5,134,40.333333333333336,38.50766666666664,1.9583333333333335
4,5,135,40.333333333333336,35.276515151515135,0.5416666666666667
4,5,136,40.333333333333336,37.10538095238093,1.3095238095238095
4,5,137,40.333333333333336,39.5613333333333,1.7333333333333334
4,5,138,40.333333333333336,37.97916666666664,0.6666666666666667
4,5,139,40.333333333333336,36.32983333333331,0.5
4,5,140,40.333333333333336,35.86866666666665,0.5
4,5,141,40.333333333333336,38.85992857142855,1.9583333333333335
4,5,142,40.333333333333336,37.430055555555526,0.6111111111111112
4,5,143,40.333333333333336,35.34883333333331,0.5416666666666667
4,5,144,40.333333333333336,39.53766666666664,0.55
4,5,145,40.333333333333336,35.470261904761884,0.55
4,5,146,40.333333333333336,39.55822222222219,16.11111111111111
4,5,147,40.333333333333336,39.5733333333333,2.3333333333333335
4,5,148,40.333333333333336,39.5658333333333,1.9583333333333335
4,5,149,40.333333333333336,37.38220562770561,0.5416666666666667
4,5,150,40.333333333333336,37.47519230769228,1.75
4,5,151,40.333333333333336,39.158095238095214,2.3333333333333335
4,5,152,40.333333333333336,36.96066666666664,0.55
4,5,153,40.333333333333336,38.77666666666664,1.4166666666666667
4,5,154,40.333333333333336,39.40319999999997,8.36
5,1,1,40.333333333333336,11.630645892285495,0.5965909090909092
5,1,2,40.333333333333336,24.039128354203935,0.5446428571428572
5,1,3,40.333333333333336,31.687652014652013,1.0432692307692308
5,1,4,40.333333333333336,37.61421428571426,0.7458333333333333
5,1,5,40.333333333333336,36.93040979020976,1.1725
5,1,6,40.333333333333336,36.63980238280236,0.7754629629629628
5,1,7,40.333333333333336,36.16795927318293,0.6125
5,1,8,40.333333333333336,35.39854548229546,0.7458333333333333
5,1,9,40.333333333333336,36.47646428571426,0.48750000000000004
5,1,10,40.333333333333336,38.7810714285714,1.2410714285714286
5,1,11,40.333333333333336,36.36116666666664,0.48750000000000004
5,1,12,40.333333333333336,39.91809523809521,19.571428571428573
5,1,13,40.333333333333336,38.00057539682537,0.7013888888888888
5,1,14,40.333333333333336,38.79821428571426,1.8125
5,1,15,40.333333333333336,37.26974458874456,1.6306818181818183
5,1,16,40.333333333333336,37.63520887445885,1.6306818181818183
5,1,17,40.333333333333336,39.578916666666636,2.6125
5,1,18,40.333333333333336,36.6106117216117,1.4125
5,1,19,40.333333333333336,36.15241416040098,0.5446428571428572
5,1,20,40.333333333333336,35.6555411255411,0.5965909090909092
5,1,21,40.333333333333336,38.003314425770284,0.5446428571428572
5,1,22,40.333333333333336,38.799088235294086,1.3419117647058822
5,1,23,40.333333333333336,36.61579292929291,0.5763888888888888
5,1,24,40.333333333333336,37.99880411255408,0.6696428571428572
5,1,25,40.333333333333336,36.484476737821545,1.1228448275862069
5,1,26,40.333333333333336,38.494560606060574,1.6306818181818183
5,1,27,40.333333333333336,40.04266666666663,25.8
5,1,28,40.333333333333336,39.53891666666664,0.6125
5,1,29,40.333333333333336,39.16367857142855,2.6125
5,1,30,40.333333333333336,36.4774841269841,0.48750000000000004
5,1,31,40.333333333333336,35.744059523809504,0.6125
5,1,32,40.333333333333336,39.804848484848456,13.909090909090908
5,1,33,40.333333333333336,38.76866666666664,0.6208333333333333
5,1,34,40.333333333333336,35.95616916054957,1.203804347826087
5,1,35,40.333333333333336,38.029361111111086,0.5763888888888888
5,1,36,40.333333333333336,37.98153985507244,0.6440217391304348
5,1,37,40.333333333333336,39.14404220779218,1.6306818181818183
5,1,38,40.333333333333336,38.210840136054394,0.9961734693877551
5,1,39,40.333333333333336,38.82449999999997,2.6125
5,1,40,40.333333333333336,38.00189285714283,0.6696428571428572
5,1,41,40.333333333333336,36.41911363636361,0.5446428571428572
5,1,42,40.333333333333336,37.69072961178604,0.6696428571428572
5,1,43,40.333333333333336,36.06090800865799,0.5965909090909092
5,1,44,40.333333333333336,38.48715942028983,1.078804347826087
5,1,45,40.333333333333336,35.48708300033298,0.5965909090909092
5,1,46,40.333333333333336,38.649818627450955,0.6125
5,1,47,40.333333333333336,39.56863095238092,2.0982142857142856
5,1,48,40.333333333333336,38.04951190476188,2.0982142857142856
5,1,49,40.333333333333336,36.047622294372275,0.6125
5,1,50,40.333333333333336,40.3333333333333,40.333333333333336
5,1,51,40.333333333333336,36.544628795935225,1.1028225806451613
5,1,52,40.333333333333336,37.158406862745075,0.6286764705882353
5,1,53,40.333333333333336,36.15088744588743,1.4125
5,1,54,40.333333333333336,35.685150571650546,0.7013888888888888
5,1,55,40.333333333333336,37.29509523809521,2.0982142857142856
5,1,56,40.333333333333336,38.7794736842105,1.2861842105263157
5,1,57,40.333333333333336,38.775846153846125,1.3798076923076923
5,1,58,40.333333333333336,38.615905913978466,1.8125
5,1,59,40.333333333333336,38.808499999999974,1.8125
5,1,60,40.333333333333336,36.12357539682537,0.6125
5,1,61,40.333333333333336,36.22787554112551,1.5056818181818183
5,1,62,40.333333333333336,36.15930411255409,0.5446428571428572
5,1,63,40.333333333333336,39.257704545454516,1.0852272727272727
5,1,64,40.333333333333336,37.164181797931775,1.0557432432432432
5,1,65,40.333333333333336,39.578916666666636,2.6125
5,1,66,40.333333333333336,38.329769841269815,2.0982142857142856
5,1,67,40.333333333333336,38.50754761904759,1.8125
5,1,68,40.333333333333336,34.949860071490484,0.6125
5,1,69,40.333333333333336,38.794706896551695,1.1228448275862069
5,1,70,40.333333333333336,35.84859879934877,1.4125
5,1,71,40.333333333333336,38.80049999999997,1.4125
5,1,72,40.333333333333336,36.49319155844153,1.5056818181818183
5,1,73,40.333333333333336,37.97880847953214,0.7013888888888888
5,1,74,40.333333333333336,38.2250463783528,1.1028225806451613
5,1,75,40.333333333333336,36.62366591379632,0.6696428571428572
5,1,76,40.333333333333336,37.95940942028982,0.6125
5,1,77,40.333333333333336,35.99155396504078,1.2861842105263157
5,1,78,40.333333333333336,39.56291666666664,1.8125
5,1,79,40.333333333333336,39.020638714733515,1.1228448275862069
5,1,80,40.333333333333336,39.25071153846151,0.7355769230769231
5,1,81,40.333333333333336,37.15349999999998,0.5763888888888888
5,1,82,40.333333333333336,39.27224999999997,1.8125
5,1,83,40.333333333333336,36.45469786575429,0.5763888888888888
5,1,84,40.333333333333336,37.25122710622708,1.5048076923076925
5,1,85,40.333333333333336,36.43676190476188,0.48750000000000004
5,1,86,40.333333333333336,37.00442857142854,2.0982142857142856
5,1,87,40.333333333333336,39.27224999999997,1.8125
5,1,88,40.333333333333336,38.47419696969694,0.6125
5,1,89,40.333333333333336,36.15140800865799,0.48750000000000004
5,1,90,40.333333333333336,38.77421428571426,0.6125
5,1,91,40.333333333333336,37.58522920706742,0.7536764705882353
5,1,92,40.333333333333336,38.77171428571425,0.48750000000000004
5,1,93,40.333333333333336,38.78449999999997,0.6125
5,1,94,40.333333333333336,36.42489985014983,0.6105769230769231
5,1,95,40.333333333333336,38.76593629343627,1.0557432432432432
5,1,96,40.333333333333336,36.14742948717946,0.48750000000000004
5,1,97,40.333333333333336,38.40926190476188,2.6125
5,1,98,40.333333333333336,37.26505014430012,1.6306818181818183
5,1,99,40.333333333333336,35.08591958041956,1.5048076923076925
5,1,100,40.333333333333336,35.81276814051697,0.5446428571428572
5,1,101,40.333333333333336,39.24824999999997,0.6125
5,1,102,40.333333333333336,36.167237459069106,0.7754629629629628
5,1,103,40.333333333333336,36.50273737373735,0.7215909090909092
5,1,104,40.333333333333336,35.83134090547132,1.203804347826087
5,1,105,40.333333333333336,36.46705252100838,0.6125
5,1,106,40.333333333333336,39.91809523809521,19.571428571428573
5,1,107,40.333333333333336,36.43078908740634,0.7013888888888888
5,1,108,40.333333333333336,39.24689285714283,0.5446428571428572
5,1,109,40.333333333333336,38.77232608695649,1.203804347826087
5,1,110,40.333333333333336,38.18716666666664,0.6125
5,1,111,40.333333333333336,38.00662114845936,0.7536764705882353
5,1,112,40.333333333333336,38.77688095238093,0.7458333333333333
5,1,113,40.333333333333336,37.21215567765565,0.5446428571428572
5,1,114,40.333333333333336,38.773492063492036,0.5763888888888888
5,1,115,40.333333333333336,37.2149966895849,0.5446428571428572
5,1,116,40.333333333333336,39.5375595238095,0.5446428571428572
5,1,117,40.333333333333336,37.97158405253991,0.6398809523809523
5,1,118,40.333333333333336,37.897917582417556,1.1160714285714286
5,1,119,40.333333333333336,37.21962820512818,0.6105769230769231
5,1,120,40.333333333333336,38.00677130325811,1.1611842105263157
5,1,121,40.333333333333336,37.29101282051279,1.3798076923076923
5,1,122,40.333333333333336,39.91809523809521,19.571428571428573
5,1,123,40.333333333333336,38.7979736842105,1.2861842105263157
5,1,124,40.333333333333336,39.578916666666636,2.6125
5,1,125,40.333333333333336,36.838312770562744,0.48750000000000004
5,1,126,40.333333333333336,39.1303214285714,0.9446428571428571
5,1,127,40.333333333333336,38.00951190476187,0.6125
5,1,128,40.333333333333336,36.931373212287006,0.6286764705882353
5,1,129,40.333333333333336,34.17156746031744,0.6125
5,1,130,40.333333333333336,37.228516420361224,0.5446428571428572
5,1,131,40.333333333333336,38.78314285714283,0.5446428571428572
5,1,132,40.333333333333336,39.91809523809521,19.571428571428573
5,1,133,40.333333333333336,37.41103571428569,0.6696428571428572
5,1,134,40.333333333333336,38.994530542986396,1.3419117647058822
5,1,135,40.333333333333336,37.4946183261183,1.8125
5,1,136,40.333333333333336,38.76131034482756,0.6530172413793105
5,1,137,40.333333333333336,37.611208874458846,1.4125
5,1,138,40.333333333333336,38.786785714285685,1.2410714285714286
5,1,139,40.333333333333336,37.697282679738535,0.7013888888888888
5,1,140,40.333333333333336,39.277964285714255,2.0982142857142856
5,1,141,40.333333333333336,38.25896251993618,0.7598684210526314
5,1,142,40.333333333333336,40.3333333333333,40.333333333333336
5,1,143,40.333333333333336,39.03764610389608,1.9732142857142856
5,1,144,40.333333333333336,37.727176529445366,0.9823113207547169
5,1,145,40.333333333333336,38.69663095238092,2.0982142857142856
5,1,146,40.333333333333336,37.52534867909865,1.5048076923076925
5,1,147,40.333333333333336,39.5375595238095,0.5446428571428572
5,1,148,40.333333333333336,38.77795454545452,1.0852272727272727
5,1,149,40.333333333333336,38.0300833333333,1.4125
5,1,150,40.333333333333336,38.76714285714283,0.5446428571428572
5,1,151,40.333333333333336,38.02644696969694,1.4125
5,1,152,40.333333333333336,38.34575091575089,0.5446428571428572
5,1,153,40.333333333333336,36.64500131684994,1.078804347826087
5,1,154,40.333333333333336,38.795714285714254,1.8125
5,2,1,13.909090909090908,1.5066496673341216,0.5
5,2,2,13.909090909090908,2.811385771377733,0.625
5,2,3,13.909090909090908,6.050200479076571,0.6875
5,2,4,13.909090909090908,8.23471451523357,0.5833333333333335
5,2,5,13.909090909090908,9.424882666146495,0.6944444444444444
5,2,6,13.909090909090908,9.498490261191472,0.625
5,2,7,13.909090909090908,10.799280475208237,0.6785714285714286
5,2,8,13.909090909090908,9.192703776883349,0.5833333333333335
5,2,9,13.909090909090908,9.309278053612541,0.6666666666666665
5,2,10,13.909090909090908,9.831683521517743,0.625
5,2,11,13.909090909090908,10.906990272739076,0.7045454545454546
5,2,12,13.909090909090908,11.064454497597922,0.6875
5,2,13,13.909090909090908,9.978236968657741,0.6666666666666665
5,2,14,13.909090909090908,10.816826124936807,0.6785714285714286
5,2,15,13.909090909090908,11.091231245121095,0.7083333333333335
5,2,16,13.909090909090908,9.849428242695872,0.6696428571428572
5,2,17,13.909090909090908,10.452441042115145,0.6944444444444444
5,2,18,13.909090909090908,9.677498050665333,0.625
5,2,19,13.909090909090908,10.355735644912377,0.625
5,2,20,13.909090909090908,9.938838046266264,0.625
5,2,21,13.909090909090908,10.611452231764119,0.6475
5,2,22,13.909090909090908,10.460981290943833,0.6944444444444444
5,2,23,13.909090909090908,8.774239462658928,0.6696428571428572
5,2,24,13.909090909090908,9.036058410239031,0.6785714285714286
5,2,25,13.909090909090908,9.492487557294263,0.6440217391304348
5,2,26,13.909090909090908,9.564300016130241,0.625
5,2,27,13.909090909090908,10.394648876744462,0.6944444444444444
5,2,28,13.909090909090908,10.567224195300746,0.6944444444444444
5,2,29,13.909090909090908,9.192636952261715,0.5763888888888888
5,2,30,13.909090909090908,10.497312695918609,0.6785714285714286
5,2,31,13.909090909090908,8.868864756994588,0.625
5,2,32,13.909090909090908,8.899562251299974,0.7
5,2,33,13.909090909090908,8.844810300664445,0.625
5,2,34,13.909090909090908,10.21014435924301,0.6499999999999999
5,2,35,13.909090909090908,9.928550051083267,0.5833333333333335
5,2,36,13.909090909090908,9.028718866170337,0.625
5,2,37,13.909090909090908,8.791091223703512,0.6785714285714286
5,2,38,13.909090909090908,9.751285528205454,0.6398809523809523
5,2,39,13.909090909090908,9.061248834696599,0.6944444444444444
5,2,40,13.909090909090908,9.523151268551677,0.6875
5,2,41,13.909090909090908,9.676073679287692,0.6499999999999999
5,2,42,13.909090909090908,11.178367820677245,0.625
5,2,43,13.909090909090908,10.933446371052419,0.625
5,2,44,13.909090909090908,8.895421303291066,0.625
5,2,45,13.909090909090908,8.242414892024696,0.6785714285714286
5,2,46,13.909090909090908,8.95783333627211,0.6666666666666665
5,2,47,13.909090909090908,10.751996949034503,0.625
5,2,48,13.909090909090908,8.589448092987727,0.6785714285714286
5,2,49,13.909090909090908,9.65222843108881,0.6875
5,2,50,13.909090909090908,10.530164580162333,0.625
5,2,51,13.909090909090908,9.727014006963318,0.625
5,2,52,13.909090909090908,9.85270883158169,0.625
5,2,53,13.909090909090908,7.7895306700678635,0.5833333333333335
5,2,54,13.909090909090908,8.515478514036179,0.625
5,2,55,13.909090909090908,9.439107168364604,0.625
5,2,56,13.909090909090908,9.931121545329354,0.625
5,2,57,13.909090909090908,9.745067306062111,0.625
5,2,58,13.909090909090908,10.227635627041277,0.625
5,2,59,13.909090909090908,9.281060751081778,0.6875
5,2,60,13.909090909090908,11.036144284825939,0.5833333333333335
5,2,61,13.909090909090908,10.306142190088043,0.6711065573770492
5,2,62,13.909090909090908,7.683258765682288,0.6398809523809523
5,2,63,13.909090909090908,8.77602842811856,0.5833333333333335
5,2,64,13.909090909090908,10.462845656410105,0.625
5,2,65,13.909090909090908,9.200806801258116,0.625
5,2,66,13.909090909090908,10.46188547393903,0.6785714285714286
5,2,67,13.909090909090908,11.141838969846628,0.7045454545454546
5,2,68,13.909090909090908,9.573981243994883,0.6696428571428572
5,2,69,13.909090909090908,9.297314433075767,0.625
5,2,70,13.909090909090908,9.044177002052642,0.625
5,2,71,13.909090909090908,10.369632117256975,0.6875
5,2,72,13.909090909090908,9.78528658582497,0.625
5,2,73,13.909090909090908,9.652528832548235,0.6785714285714286
5,2,74,13.909090909090908,11.468126175584963,0.6785714285714286
5,2,75,13.909090909090908,10.193522390101087,0.6944444444444444
5,2,76,13.909090909090908,9.173667494218188,0.6125
5,2,77,13.909090909090908,10.76919228798122,0.6875
5,2,78,13.909090909090908,10.721230695059653,0.625
5,2,79,13.909090909090908,8.33835545957032,0.5833333333333335
5,2,80,13.909090909090908,10.128943563498026,0.7045454545454546
5,2,81,13.909090909090908,10.192830233139794,0.6785714285714286
5,2,82,13.909090909090908,10.084069949418494,0.660472972972973
5,2,83,13.909090909090908,7.966721054879665,0.625
5,2,84,13.909090909090908,10.122315215293751,0.5763888888888888
5,2,85,13.909090909090908,9.230859532382004,0.660472972972973
5,2,86,13.909090909090908,8.804905107760794,0.625
5,2,87,13.909090909090908,9.023379321296732,0.625
5,2,88,13.909090909090908,10.902897697242498,0.7
5,2,89,13.909090909090908,9.688836043711428,0.6348684210526314
5,2,90,13.909090909090908,9.346790424897874,0.5833333333333335
5,2,91,13.909090909090908,11.640731933091326,0.7
5,2,92,13.909090909090908,10.266059156410684,0.625
5,2,93,13.909090909090908,9.71623642769205,0.6475
5,2,94,13.909090909090908,10.973712048488416,0.6499999999999999
5,2,95,13.909090909090908,8.37538802569891,0.5833333333333335
5,2,96,13.909090909090908,8.772333293694405,0.6398809523809523
5,2,97,13.909090909090908,8.80828286645711,0.6875
5,2,98,13.909090909090908,10.237004146082713,0.6785714285714286
5,2,99,13.909090909090908,10.741148832698421,0.6696428571428572
5,2,100,13.909090909090908,10.980348750425486,0.6944444444444444
5,2,101,13.909090909090908,11.60821833221626,0.6944444444444444
5,2,102,13.909090909090908,10.99954181033724,0.6944444444444444
5,2,103,13.909090909090908,9.514442303441164,0.625
5,2,104,13.909090909090908,7.929495927093357,0.6105769230769231
5,2,105,13.909090909090908,8.429073705755947,0.6499999999999999
5,2,106,13.909090909090908,8.574662316523,0.625
5,2,107,13.909090909090908,9.100428624782019,0.625
5,2,108,13.909090909090908,10.758374760253755,0.5833333333333335
5,2,109,13.909090909090908,9.144783690254357,0.625
5,2,110,13.909090909090908,11.508122419805465,0.6944444444444444
5,2,111,13.909090909090908,8.87619135358737,0.6875
5,2,112,13.909090909090908,10.590603240635858,0.5833333333333335
5,2,113,13.909090909090908,11.288519357898993,0.6125
5,2,114,13.909090909090908,10.93632347293479,0.625
5,2,115,13.909090909090908,9.684754234384993,0.6530172413793105
5,2,116,13.909090909090908,8.856708928197852,0.625
5,2,117,13.909090909090908,9.20547457435016,0.6944444444444444
5,2,118,13.909090909090908,11.102275936629551,0.625
5,2,119,13.909090909090908,11.248509303441665,0.6875
5,2,120,13.909090909090908,9.286639512026817,0.7
5,2,121,13.909090909090908,10.239838415823716,0.6785714285714286
5,2,122,13.909090909090908,10.295690377216083,0.625
5,2,123,13.909090909090908,9.403578018655047,0.6666666666666665
5,2,124,13.909090909090908,9.881738528215264,0.6348684210526314
5,2,125,13.909090909090908,8.641381272575288,0.6666666666666665
5,2,126,13.909090909090908,10.681257369701628,0.6944444444444444
5,2,127,13.909090909090908,10.458731261513623,0.6875
5,2,128,13.909090909090908,9.729078675341363,0.6666666666666665
5,2,129,13.909090909090908,9.715502510849113,0.6666666666666665
5,2,130,13.909090909090908,8.657331857508304,0.625
5,2,131,13.909090909090908,9.27423224681595,0.625
5,2,132,13.909090909090908,10.7404695551678,0.6666666666666665
5,2,133,13.909090909090908,10.795761153434878,0.625
5,2,134,13.909090909090908,9.922289176780673,0.6696428571428572
5,2,135,13.909090909090908,9.793349183760233,0.625
5,2,136,13.909090909090908,10.530659296811528,0.625
5,2,137,13.909090909090908,10.047563014783215,0.625
5,2,138,13.909090909090908,9.751787233204404,0.625
5,2,139,13.909090909090908,9.021518459534166,0.6125
5,2,140,13.909090909090908,8.895954960498944,0.625
5,2,141,13.909090909090908,8.503293388048345,0.6499999999999999
5,2,142,13.909090909090908,9.907806657569328,0.625
5,2,143,13.909090909090908,11.293284819143055,0.625
5,2,144,13.909090909090908,10.134748094385685,0.625
5,2,145,13.909090909090908,10.319735863653642,0.6785714285714286
5,2,146,13.909090909090908,9.508649677752963,0.6666666666666665
5,2,147,13.909090909090908,9.590154629201352,0.625
5,2,148,13.909090909090908,10.368829282014499,0.6785714285714286
5,2,149,13.909090909090908,10.21382579610429,0.6666666666666665
5,2,150,13.909090909090908,11.230616151765755,0.625
5,2,151,13.909090909090908,11.63201654416785,0.625
5,2,152,13.909090909090908,9.736122475805724,0.6666666666666665
5,2,153,13.909090909090908,9.31807631292853,0.5833333333333335
5,2,154,13.909090909090908,8.871076576243343,0.6875
5,3,1,2.7375,0.8977433120660164,0.6041666666666665
5,3,2,8.037037037037038,1.5277744137531486,0.6041666666666665
5,3,3,8.73913043478261,2.432151047673513,0.6041666666666665
5,3,4,8.73913043478261,3.0424257548481854,0.7375
5,3,5,9.736842105263158,3.5401649867345264,0.6041666666666665
5,3,6,9.736842105263158,3.9732709541152733,0.6041666666666665
5,3,7,19.571428571428573,4.24745136520375,0.6041666666666665
5,3,8,19.571428571428573,4.91452539189397,0.6041666666666665
5,3,9,19.571428571428573,6.246610893750215,0.6041666666666665
5,3,10,19.571428571428573,8.757831508919365,0.6041666666666665
5,3,11,19.571428571428573,13.678410549460848,0.6041666666666665
5,3,12,19.571428571428573,13.717599370559334,0.7780172413793105
5,3,13,19.571428571428573,16.057641672053432,0.6041666666666665
5,3,14,19.571428571428573,15.748223035209502,0.6041666666666665
5,3,15,19.571428571428573,15.468514824958312,0.6041666666666665
5,3,16,19.571428571428573,17.402785714285706,0.6041666666666665
5,3,17,19.571428571428573,14.125762903762903,0.6041666666666665
5,3,18,19.571428571428573,15.140646335089052,0.6041666666666665
5,3,19,19.571428571428573,17.018492063492054,0.6041666666666665
5,3,20,19.571428571428573,18.442330586080576,0.6041666666666665
5,3,21,19.571428571428573,16.410414160401,0.6041666666666665
5,3,22,19.571428571428573,15.988739997597017,0.6041666666666665
5,3,23,19.571428571428573,16.167471113389535,0.7725
5,3,24,19.571428571428573,15.769128139313798,0.6041666666666665
5,3,25,19.571428571428573,17.19945680144327,0.8848684210526314
5,3,26,19.571428571428573,16.260058895640626,0.6041666666666665
5,3,27,19.571428571428573,17.7682375983061,0.6041666666666665
5,3,28,19.571428571428573,16.956053603259477,0.6041666666666665
5,3,29,19.571428571428573,17.20152255639097,0.6041666666666665
5,3,30,19.571428571428573,16.492120904883688,0.6041666666666665
5,3,31,19.571428571428573,14.261634199134196,0.6041666666666665
5,3,32,19.571428571428573,15.56676948051948,0.6041666666666665
5,3,33,19.571428571428573,15.964977106227105,0.6041666666666665
5,3,34,19.571428571428573,15.18677149861632,0.6041666666666665
5,3,35,19.571428571428573,15.546059523809518,0.6041666666666665
5,3,36,19.571428571428573,16.669560522810517,0.6041666666666665
5,3,37,19.571428571428573,18.034404761904753,0.6041666666666665
5,3,38,19.571428571428573,15.604201520271607,0.6041666666666665
5,3,39,19.571428571428573,15.002053670966712,0.6041666666666665
5,3,40,19.571428571428573,17.13602631014472,0.7946428571428572
5,3,41,19.571428571428573,16.253738512949035,0.6041666666666665
5,3,42,19.571428571428573,16.28193903318903,0.6041666666666665
5,3,43,19.571428571428573,15.897565260410081,0.6041666666666665
5,3,44,19.571428571428573,15.171876281613121,0.6041666666666665
5,3,45,19.571428571428573,17.469598396307315,0.7946428571428572
5,3,46,19.571428571428573,15.95148707002462,0.6041666666666665
5,3,47,19.571428571428573,15.774689839572186,0.6041666666666665
5,3,48,19.571428571428573,16.32171720969089,0.6041666666666665
5,3,49,19.571428571428573,17.056359243697475,0.6041666666666665
5,3,50,19.571428571428573,17.21066541353382,0.6041666666666665
5,3,51,19.571428571428573,15.861630000718229,0.6041666666666665
5,3,52,19.571428571428573,17.199949735449728,0.6041666666666665
5,3,53,19.571428571428573,17.375738095238084,0.6041666666666665
5,3,54,19.571428571428573,16.381503246753237,0.6041666666666665
5,3,55,19.571428571428573,16.5787238095238,0.6041666666666665
5,3,56,19.571428571428573,15.462630952380943,0.6041666666666665
5,3,57,19.571428571428573,16.27709456159373,0.6041666666666665
5,3,58,19.571428571428573,16.67030900621117,0.6041666666666665
5,3,59,19.571428571428573,13.751846459096456,0.6041666666666665
5,3,60,19.571428571428573,15.160113005395932,0.6041666666666665
5,3,61,19.571428571428573,16.18970238095237,0.6041666666666665
5,3,62,19.571428571428573,14.853804112554105,0.6041666666666665
5,3,63,19.571428571428573,17.030697278911557,0.6041666666666665
5,3,64,19.571428571428573,15.890472222222215,0.6041666666666665
5,3,65,19.571428571428573,15.172066017316013,0.6041666666666665
5,3,66,19.571428571428573,17.048085497835494,0.7946428571428572
5,3,67,19.571428571428573,15.511830055210487,0.6041666666666665
5,3,68,19.571428571428573,14.294436821149867,0.6041666666666665
5,3,69,19.571428571428573,16.22725869598237,0.6041666666666665
5,3,70,19.571428571428573,17.468588235294114,1.4125
5,3,71,19.571428571428573,15.510021303258139,0.6041666666666665
5,3,72,19.571428571428573,15.302613957901995,0.6041666666666665
5,3,73,19.571428571428573,16.647201751015242,0.6041666666666665
5,3,74,19.571428571428573,16.023309523809523,0.6041666666666665
5,3,75,19.571428571428573,16.311946050326483,0.6041666666666665
5,3,76,19.571428571428573,16.539610389610385,0.6041666666666665
5,3,77,19.571428571428573,16.30717159800983,0.6041666666666665
5,3,78,19.571428571428573,13.716709393835252,0.6041666666666665
5,3,79,19.571428571428573,17.01895186335403,0.6041666666666665
5,3,80,19.571428571428573,16.281703968253964,0.6041666666666665
5,3,81,19.571428571428573,15.541473204736437,0.6041666666666665
5,3,82,19.571428571428573,16.471318681318678,0.6041666666666665
5,3,83,19.571428571428573,16.060086580086576,0.6041666666666665
5,3,84,19.571428571428573,13.870877089462788,0.6041666666666665
5,3,85,19.571428571428573,13.382036580086575,0.6041666666666665
5,3,86,19.571428571428573,17.02648809523809,0.6041666666666665
5,3,87,19.571428571428573,17.547031408649822,0.6041666666666665
5,3,88,19.571428571428573,16.222791163514838,0.6041666666666665
5,3,89,19.571428571428573,16.863037477744125,0.6041666666666665
5,3,90,19.571428571428573,15.94540964590964,0.6041666666666665
5,3,91,19.571428571428573,16.44830427105312,0.6041666666666665
5,3,92,19.571428571428573,14.235478291316518,0.6041666666666665
5,3,93,19.571428571428573,16.668186702186695,0.6041666666666665
5,3,94,19.571428571428573,15.200977846714682,0.6041666666666665
5,3,95,19.571428571428573,17.746262820512815,0.6041666666666665
5,3,96,19.571428571428573,15.928850102406546,0.6041666666666665
5,3,97,19.571428571428573,16.402144024276367,0.6041666666666665
5,3,98,19.571428571428573,16.447681800655474,0.6041666666666665
5,3,99,19.571428571428573,17.396309523809517,0.6041666666666665
5,3,100,19.571428571428573,17.601178571428562,0.6041666666666665
5,3,101,19.571428571428573,15.085464590964582,0.6041666666666665
5,3,102,19.571428571428573,18.057857142857134,0.6041666666666665
5,3,103,19.571428571428573,15.556466386554616,0.6041666666666665
5,3,104,19.571428571428573,16.081412514983104,0.6041666666666665
5,3,105,19.571428571428573,15.756662910618784,0.6041666666666665
5,3,106,19.571428571428573,15.949041847930857,0.6041666666666665
5,3,107,19.571428571428573,17.022369963369957,0.6041666666666665
5,3,108,19.571428571428573,17.023027629557756,0.6041666666666665
5,3,109,19.571428571428573,16.454064966895842,0.6041666666666665
5,3,110,19.571428571428573,13.103870448179267,0.6041666666666665
5,3,111,19.571428571428573,14.118740196078429,0.6041666666666665
5,3,112,19.571428571428573,16.74055995844198,0.6041666666666665
5,3,113,19.571428571428573,17.287267094017082,0.6041666666666665
5,3,114,19.571428571428573,16.28318652057324,0.6041666666666665
5,3,115,19.571428571428573,16.447523088023086,0.7946428571428572
5,3,116,19.571428571428573,17.9906923076923,0.6041666666666665
5,3,117,19.571428571428573,15.766753932342164,0.6041666666666665
5,3,118,19.571428571428573,15.190538312099024,0.6041666666666665
5,3,119,19.571428571428573,16.327185064935062,0.6041666666666665
5,3,120,19.571428571428573,15.895766017316014,0.6041666666666665
5,3,121,19.571428571428573,17.152528279691317,0.6041666666666665
5,3,122,19.571428571428573,16.059225681181555,0.6041666666666665
5,3,123,19.571428571428573,17.462110389610388,0.8465909090909092
5,3,124,19.571428571428573,16.30375928792569,0.6041666666666665
5,3,125,19.571428571428573,16.244852019755264,0.6041666666666665
5,3,126,19.571428571428573,16.668712953712948,0.6041666666666665
5,3,127,19.571428571428573,17.162848256015526,0.6041666666666665
5,3,128,19.571428571428573,16.43441666666666,0.6041666666666665
5,3,129,19.571428571428573,14.74529744816586,0.6041666666666665
5,3,130,19.571428571428573,15.539382832080193,0.6041666666666665
5,3,131,19.571428571428573,16.165201127819543,0.6041666666666665
5,3,132,19.571428571428573,15.688959023678512,0.6041666666666665
5,3,133,19.571428571428573,16.736628151260494,0.6041666666666665
5,3,134,19.571428571428573,15.608692577030808,0.6041666666666665
5,3,135,19.571428571428573,14.946786630036625,0.6041666666666665
5,3,136,19.571428571428573,14.965701788407669,0.6041666666666665
5,3,137,19.571428571428573,16.25070013320013,0.6041666666666665
5,3,138,19.571428571428573,16.343226190476184,0.6041666666666665
5,3,139,19.571428571428573,17.43278520499108,0.6041666666666665
5,3,140,19.571428571428573,13.712638268594144,0.6041666666666665
5,3,141,19.571428571428573,15.91454386299974,0.6041666666666665
5,3,142,19.571428571428573,15.237569066199498,0.6041666666666665
5,3,143,19.571428571428573,16.956011904761898,0.6041666666666665
5,3,144,19.571428571428573,17.003171182266,0.6041666666666665
5,3,145,19.571428571428573,15.49186038961038,0.6041666666666665
5,3,146,19.571428571428573,17.779376952757378,0.6041666666666665
5,3,147,19.571428571428573,16.210214620776537,0.6041666666666665
5,3,148,19.571428571428573,16.826389784946226,0.6041666666666665
5,3,149,19.571428571428573,16.045976399331654,0.6041666666666665
5,3,150,19.571428571428573,15.546102304558179,0.6041666666666665
5,3,151,19.571428571428573,15.507121640880008,0.6041666666666665
5,3,152,19.571428571428573,15.220031404268246,0.6041666666666665
5,3,153,19.571428571428573,15.911944444444439,0.6041666666666665
5,3,154,19.571428571428573,15.968417748917748,0.6041666666666665
5,3,155,19.571428571428573,15.67223274189578,0.6041666666666665
5,3,156,19.571428571428573,15.187250865800856,0.6041666666666665
5,3,157,19.571428571428573,14.481309523809516,0.6041666666666665
5,3,158,19.571428571428573,16.022864269631288,0.6041666666666665
5,3,159,19.571428571428573,16.700003648827945,0.6041666666666665
5,3,160,19.571428571428573,15.944143356643352,0.6041666666666665
5,4,1,19.571428571428573,3.3946905693002374,0.6041666666666665
5,4,2,19.571428571428573,6.375285336766033,0.6420454545454546
5,4,3,25.8,9.253192821365424,0.6490384615384617
5,4,4,25.8,12.963867712313391,0.6541666666666668
5,4,5,25.8,17.652828255834173,1.4423076923076923
5,4,6,25.8,21.864155958737406,1.375
5,4,7,25.8,24.183719147556918,0.9593023255813953
5,4,8,25.8,23.573291522462196,1.1586538461538463
5,4,9,25.8,24.425721864342542,1
5,4,10,25.8,24.308780655179316,0.6657608695652173
5,4,11,25.8,23.653146791739506,0.8605769230769231
5,4,12,25.8,24.11429985337242,1.1339285714285714
5,4,13,25.8,22.978643287715855,0.7569444444444444
5,4,14,25.8,23.003266445114015,0.6490384615384617
5,4,15,25.8,23.332927738927722,0.6666666666666665
5,4,16,25.8,22.427715970588544,0.5874999999999999
5,4,17,25.8,22.379295389766735,0.75
5,4,18,25.8,22.064858200476607,0.75
5,4,19,25.8,23.397806418219446,0.7124999999999999
5,4,20,25.8,24.052311489323674,0.7291666666666665
5,4,21,25.8,21.176568001442984,0.6375
5,4,22,25.8,22.960495571658598,0.7124999999999999
5,4,23,25.8,23.473233766233747,0.6420454545454546
5,4,24,25.8,23.008292702911106,0.7291666666666665
5,4,25,25.8,19.5550318538281,0.5874999999999999
5,4,26,25.8,21.4811848236055,0.6420454545454546
5,4,27,25.8,23.62025793650793,0.7124999999999999
5,4,28,25.8,22.531967742736025,0.9695121951219512
5,4,29,25.8,23.855911018879077,0.7847222222222223
5,4,30,25.8,23.520211501796265,0.9695121951219512
5,4,31,25.8,23.55030287383298,0.6590909090909092
5,4,32,25.8,22.866931286549693,0.75
5,4,33,25.8,23.942353174603163,0.7569444444444444
5,4,34,25.8,22.576424603174587,0.625
5,4,35,25.8,22.04210976501711,0.78125
5,4,36,25.8,23.322783008658003,0.78125
5,4,37,25.8,22.57821819131159,0.6160714285714286
5,4,38,25.8,23.057636554621837,0.6625000000000001
5,4,39,25.8,22.0058621708002,0.75
5,4,40,25.8,22.36744335396403,0.6682692307692308
5,4,41,25.8,23.07379100823141,0.6160714285714286
5,4,42,25.8,21.573862668310753,0.7708333333333335
5,4,43,25.8,23.078868562472007,0.75
5,4,44,25.8,22.158818376068357,0.7875000000000001
5,4,45,25.8,22.870399245553493,0.6490384615384617
5,4,46,25.8,24.234791666666652,1.09375
5,4,47,25.8,24.574110160145228,5.29420702754036
5,4,48,25.8,23.304886798296547,0.725609756097561
5,4,49,25.8,22.361981151570927,0.9932432432432432
5,4,50,25.8,20.488767503265557,0.6541666666666668
5,4,51,25.8,21.024868386748025,0.9695121951219512
5,4,52,25.8,23.802369625988035,0.7791666666666668
5,4,53,25.8,21.89505913334058,0.7277777777777779
5,4,54,25.8,24.781890359640347,0.7670454545454546
5,4,55,25.8,21.967422520809297,0.6041666666666665
5,4,56,25.8,23.67086760257446,5.658549358470804
5,4,57,25.8,23.097840371079734,0.7569444444444444
5,4,58,25.8,22.78918525592054,0.6458333333333335
5,4,59,25.8,22.47118340085997,0.9593023255813953
5,4,60,25.8,23.268957040207805,0.6647727272727273
5,4,61,25.8,24.317317626939072,1.1586538461538463
5,4,62,25.8,22.08439689635684,0.6517857142857144
5,4,63,25.8,22.416461222312005,0.7861842105263159
5,4,64,25.8,22.15340734714094,0.75
5,4,65,25.8,23.665811165167806,0.6675
5,4,66,25.8,24.9315357142857,1.0625
5,4,67,25.8,22.18958540582224,0.6611842105263159
5,4,68,25.8,24.79879761904761,0.6541666666666668
5,4,69,25.8,24.978491702741685,0.6420454545454546
5,4,70,25.8,23.150233694083685,0.75
5,4,71,25.8,23.58454237878857,0.7847222222222223
5,4,72,25.8,20.876143201615875,0.6160714285714286
5,4,73,25.8,24.428230158730145,0.6597222222222223
5,4,74,25.8,22.670190717177544,0.5874999999999999
5,4,75,25.8,22.80608341819633,0.7861842105263159
5,4,76,25.8,20.841026617236384,0.625
5,4,77,25.8,23.110914022089005,0.65625
5,4,78,25.8,23.687673076923055,0.7410714285714286
5,4,79,25.8,23.81367216567216,0.7767857142857144
5,4,80,25.8,22.467959447004596,0.6675
5,4,81,25.8,22.42561944920906,0.7410714285714286
5,4,82,25.8,21.34621691820251,0.6675
5,4,83,25.8,22.20548546593703,0.6490384615384617
5,4,84,25.8,23.43366014964543,0.9264705882352942
5,4,85,25.8,23.720215003320245,1.1785714285714286
5,4,86,25.8,22.931415082051377,0.717741935483871
5,4,87,25.8,23.9269340026333,0.6625000000000001
5,4,88,25.8,20.63910529786494,0.6375
5,4,89,25.8,22.929023124819164,0.7708333333333335
5,4,90,25.8,21.88291925721722,0.6458333333333335
5,4,91,25.8,21.817488035113023,0.6517857142857144
5,4,92,25.8,23.636819758672686,1.0772058823529411
5,4,93,25.8,22.738012516430928,0.71
5,4,94,25.8,22.26222816498833,0.6611842105263159
5,4,95,25.8,22.271935295466243,0.7830882352941178
5,4,96,25.8,24.09237460317459,0.6319444444444444
5,4,97,25.8,24.307339285714274,0.7875000000000001
5,4,98,25.8,21.54198227344277,0.7155172413793105
5,4,99,25.8,23.61287563416974,0.6580882352941178
5,4,100,25.8,23.216961623084195,0.6490384615384617
5,4,101,25.8,21.807701890374346,0.6420454545454546
5,4,102,25.8,22.865743071361326,1.09375
5,4,103,25.8,22.68233819764463,0.6597222222222223
5,4,104,25.8,23.156162447180733,0.6517857142857144
5,4,105,25.8,22.33573003138706,0.6580882352941178
5,4,106,25.8,20.624463464617303,0.8767605633802817
5,4,107,25.8,22.461311826420445,0.7670454545454546
5,4,108,25.8,22.69018845285148,0.7791666666666668
5,4,109,25.8,22.609367503296838,0.6875
5,4,110,25.8,22.356934217198912,0.7291666666666665
5,4,111,25.8,24.01200450960175,0.9807692307692308
5,4,112,25.8,24.34679909221212,0.7740384615384617
5,4,113,25.8,22.534037768440694,1.0267857142857142
5,4,114,25.8,22.845238095238074,0.7410714285714286
5,4,115,25.8,22.021144377291158,0.717741935483871
5,4,116,25.8,22.693658644940093,0.7291666666666665
5,4,117,25.8,23.577427580484017,1.0170454545454546
5,4,118,25.8,21.09989127730488,0.7830882352941178
5,4,119,25.8,22.28815536315535,0.7129629629629628
5,4,120,25.8,21.467587992563264,0.7155172413793105
5,4,121,25.8,22.178794287778484,0.7023809523809523
5,4,122,25.8,23.616109925788482,1.375
5,4,123,25.8,22.584842903828186,0.9264705882352942
5,4,124,25.8,23.264265440901095,0.7155172413793105
5,4,125,25.8,22.39912571049638,0.6458333333333335
5,4,126,25.8,23.21270663926308,1.0403225806451613
5,4,127,25.8,23.561890609390595,0.6517857142857144
5,4,128,25.8,20.403640200322542,0.6160714285714286
5,4,129,25.8,23.707387969924795,0.9017857142857142
5,4,130,25.8,22.86846825396824,0.7291666666666665
5,4,131,25.8,23.779269055505882,1.0336538461538463
5,4,132,25.8,21.77787585720092,0.6517857142857144
5,4,133,25.8,21.764786324786304,0.6458333333333335
5,4,134,25.8,23.72253446115287,0.6160714285714286
5,4,135,25.8,23.5387041585865,0.6490384615384617
5,4,136,25.8,22.88523062558356,1.0089285714285714
5,4,137,25.8,23.67773505041868,1.0081521739130435
5,4,138,25.8,23.638879528570513,0.75
5,4,139,25.8,21.9622642294141,0.6160714285714286
5,4,140,25.8,23.234236842105247,0.7410714285714286
5,4,141,25.8,22.871511109504528,0.7291666666666665
5,4,142,25.8,23.038635778600455,0.7925
5,4,143,25.8,23.616431379049796,0.6682692307692308
5,4,144,25.8,23.05599984635061,1.049342105263158
5,4,145,25.8,22.26826155462184,0.625
5,4,146,25.8,25.066107142857128,1.5625
5,4,147,25.8,21.67609321478775,0.75
5,4,148,25.8,22.271298264042446,0.75
5,4,149,25.8,24.973383593917305,7.758620689655173
5,4,150,25.8,23.639466064586735,0.95
5,4,151,25.8,24.294384920634908,0.7916666666666665
5,4,152,25.8,24.37029480286737,0.9732142857142858
5,4,153,25.8,24.785252645502627,0.6689814814814814
5,4,154,25.8,23.75243729863486,0.7625
5,4,155,25.8,24.228841269841254,0.6319444444444444
5,4,156,25.8,24.794401656314687,8.73913043478261
5,5,1,9.736842105263158,1.002692185639251,0.625
5,5,2,10.411764705882353,1.4987275927408845,0.625
5,5,3,10.411764705882353,2.1213993179678936,0.625
5,5,4,10.411764705882353,2.6923904670836567,0.625
5,5,5,12.384615384615385,3.4177865302568087,0.625
5,5,6,12.384615384615385,4.901651998380015,0.625
5,5,7,12.384615384615385,5.3680890305944455,0.625
5,5,8,12.384615384615385,7.638154686352524,0.625
5,5,9,12.384615384615385,7.1684243325474,0.625
5,5,10,12.384615384615385,7.599937348813893,0.625
5,5,11,12.384615384615385,8.076476698052545,0.625
5,5,12,12.384615384615385,8.460024280015203,0.625
5,5,13,13.909090909090908,8.618434142053331,0.625
5,5,14,13.909090909090908,9.411120291473223,0.625
5,5,15,13.909090909090908,9.219105814309522,0.625
5,5,16,13.909090909090908,8.739647453797044,0.625
5,5,17,13.909090909090908,9.234044080201087,0.625
5,5,18,13.909090909090908,8.924068334142632,0.625
5,5,19,13.909090909090908,10.181030490149688,0.625
5,5,20,13.909090909090908,6.992561705330011,0.625
5,5,21,13.909090909090908,8.748901596541389,0.625
5,5,22,13.909090909090908,9.8689096144079,0.7083333333333335
5,5,23,13.909090909090908,9.740940939177783,0.625
5,5,24,13.909090909090908,9.413435461597228,0.625
5,5,25,13.909090909090908,9.170076479891174,0.625
5,5,26,13.909090909090908,7.533800729988959,0.625
5,5,27,13.909090909090908,8.446538000113577,0.625
5,5,28,13.909090909090908,8.101843067158287,0.7083333333333335
5,5,29,13.909090909090908,8.879751799978983,0.625
5,5,30,13.909090909090908,8.498899251075722,0.625
5,5,31,13.909090909090908,9.041310296944195,0.625
5,5,32,13.909090909090908,9.001664585414584,0.625
5,5,33,13.909090909090908,9.20008560883561,0.625
5,5,34,13.909090909090908,8.499968967029686,0.625
5,5,35,13.909090909090908,10.158890285583013,0.625
5,5,36,13.909090909090908,9.949109019974507,0.625
5,5,37,13.909090909090908,8.59183377643861,0.625
5,5,38,13.909090909090908,7.517499825355754,0.625
5,5,39,13.909090909090908,8.23431514558238,0.625
5,5,40,13.909090909090908,8.47561564466635,0.625
5,5,41,13.909090909090908,8.508799350975822,0.625
5,5,42,13.909090909090908,8.52626454825368,0.625
5,5,43,13.909090909090908,9.297388944388942,0.625
5,5,44,13.909090909090908,9.405984813353742,0.625
5,5,45,13.909090909090908,8.627104111753999,0.625
5,5,46,13.909090909090908,8.840441299928138,0.625
5,5,47,13.909090909090908,9.166212953712954,0.625
5,5,48,13.909090909090908,7.688023249162256,0.625
5,5,49,13.909090909090908,8.467248558046702,0.625
5,5,50,13.909090909090908,8.197228051360403,0.625
5,5,51,13.909090909090908,9.179603199462033,0.625
5,5,52,13.909090909090908,9.446403307992318,0.625
5,5,53,13.909090909090908,9.81348276723277,0.625
5,5,54,13.909090909090908,8.904043935798018,0.625
5,5,55,13.909090909090908,8.954093754227658,0.625
5,5,56,13.909090909090908,8.239321900321903,0.625
5,5,57,13.909090909090908,9.145276959613279,0.625
5,5,58,13.909090909090908,9.861769704932753,0.625
5,5,59,13.909090909090908,9.85633531879198,0.625
5,5,60,13.909090909090908,10.06110833727676,0.625
5,5,61,13.909090909090908,9.845896769855003,0.625
5,5,62,13.909090909090908,8.38149973287879,0.625
5,5,63,13.909090909090908,7.391269118802878,0.625
5,5,64,13.909090909090908,9.81371925157486,0.625
5,5,65,13.909090909090908,6.826516057471938,0.625
5,5,66,13.909090909090908,6.527303026683459,0.625
5,5,67,13.909090909090908,7.365869805648677,0.625
5,5,68,13.909090909090908,8.250642847348724,0.625
5,5,69,13.909090909090908,8.91321412565762,0.625
5,5,70,13.909090909090908,9.155682147986232,0.625
5,5,71,13.909090909090908,8.67020685520763,0.625
5,5,72,13.909090909090908,8.286780706737368,0.625
5,5,73,13.909090909090908,9.411283434401856,0.625
5,5,74,13.909090909090908,9.203028231502692,0.625
5,5,75,13.909090909090908,8.894624166081595,0.625
5,5,76,13.909090909090908,8.683546229577695,0.625
5,5,77,13.909090909090908,9.426873927379807,0.625
5,5,78,13.909090909090908,9.038208391281922,0.625
5,5,79,13.909090909090908,9.289661720238295,0.625
5,5,80,13.909090909090908,9.175263480764762,0.625
5,5,81,13.909090909090908,9.467061147201866,0.625
5,5,82,13.909090909090908,9.38863491247315,0.625
5,5,83,13.909090909090908,9.992686741666907,0.625
5,5,84,13.909090909090908,8.612952969483471,0.625
5,5,85,13.909090909090908,8.704851478798423,0.625
5,5,86,13.909090909090908,7.812386419136418,0.625
5,5,87,13.909090909090908,7.146534494916844,0.625
5,5,88,13.909090909090908,7.67425787735656,0.625
5,5,89,13.909090909090908,7.533915678132782,0.625
5,5,90,13.909090909090908,7.823954397339844,0.625
5,5,91,13.909090909090908,10.03518956043956,0.625
5,5,92,13.909090909090908,8.577202515320941,0.625
5,5,93,13.909090909090908,9.831937701187705,0.625
5,5,94,13.909090909090908,8.26175590875488,0.625
5,5,95,13.909090909090908,9.020372550566048,0.625
5,5,96,13.909090909090908,9.023671370296368,0.625
5,5,97,13.909090909090908,9.360329505290034,0.625
5,5,98,13.909090909090908,10.339552669552672,0.625
5,5,99,13.909090909090908,9.462199957936795,0.625
5,5,100,13.909090909090908,9.692181694122871,0.7083333333333335
5,5,101,13.909090909090908,9.199414356721707,0.625
5,5,102,13.909090909090908,10.051523750810595,0.625
5,5,103,13.909090909090908,9.889305637574292,0.625
5,5,104,13.909090909090908,10.087758075258076,0.625
5,5,105,13.909090909090908,10.469589244089248,0.625
5,5,106,13.909090909090908,9.016222659872547,0.625
5,5,107,13.909090909090908,9.57074533799534,0.625
5,5,108,13.909090909090908,7.995378296540054,0.625
5,5,109,13.909090909090908,7.887055944485507,0.625
5,5,110,13.909090909090908,9.773453295507439,0.625
5,5,111,13.909090909090908,9.271835441048484,0.625
5,5,112,13.909090909090908,10.853449228024038,0.625
5,5,113,13.909090909090908,11.292356227106229,0.625
5,5,114,13.909090909090908,7.991667585510466,0.625
5,5,115,13.909090909090908,7.898436341436337,0.625
5,5,116,13.909090909090908,6.087763599145949,0.625
5,5,117,13.909090909090908,7.416224271614751,0.625
5,5,118,13.909090909090908,9.158889913671375,0.625
5,5,119,13.909090909090908,8.532392946866066,0.625
5,5,120,13.909090909090908,8.968730241980241,0.625
5,5,121,13.909090909090908,9.629328860302124,0.625
5,5,122,13.909090909090908,9.841689767669608,0.625
5,5,123,13.909090909090908,10.164153961980054,0.625
5,5,124,13.909090909090908,10.379246611283461,0.625
5,5,125,13.909090909090908,10.46980910755911,0.625
5,5,126,13.909090909090908,10.171047119547124,0.625
5,5,127,13.909090909090908,11.375307850504148,0.625
5,5,128,13.909090909090908,9.405557724154324,0.625
5,5,129,13.909090909090908,9.93082136594056,0.625
5,5,130,13.909090909090908,8.765453218865758,0.625
5,5,131,13.909090909090908,10.626222426696113,0.625
5,5,132,13.909090909090908,9.60074272314261,0.625
5,5,133,13.909090909090908,9.129610560936648,0.625
5,5,134,13.909090909090908,10.534962703962714,0.625
5,5,135,13.909090909090908,9.599795510045512,0.625
5,5,136,13.909090909090908,9.2459008610069,0.625
5,5,137,13.909090909090908,8.367683096315448,0.625
5,5,138,13.909090909090908,8.017105211676366,0.625
5,5,139,13.909090909090908,9.388476647535471,0.625
5,5,140,13.909090909090908,7.714917140049494,0.625
5,5,141,13.909090909090908,7.862997141747143,0.625
5,5,142,13.909090909090908,8.791943205487325,0.625
5,5,143,13.909090909090908,9.400362681237683,0.625
5,5,144,13.909090909090908,8.342593994155141,0.625
5,5,145,13.909090909090908,9.875984477940362,0.625
5,5,146,13.909090909090908,10.137480186480188,0.625
5,5,147,13.909090909090908,9.662784821903246,0.625
5,5,148,13.909090909090908,9.551163796007915,0.625
5,5,149,13.909090909090908,8.523319821870594,0.625
5,5,150,13.909090909090908,8.627323455955807,0.625
5,5,151,13.909090909090908,7.958553930159967,0.625
5,5,152,13.909090909090908,9.567577204459557,0.7375
5,5,153,13.909090909090908,9.56286061161061,0.625
5,5,154,13.909090909090908,8.362301523038363,0.625
5,5,155,13.909090909090908,9.801969276337697,0.625
5,5,156,13.909090909090908,8.058070976409207,0.625
5,5,157,13.909090909090908,8.013931867933145,0.625
5,5,158,13.909090909090908,8.165779925885422,0.625
5,5,159,13.909090909090908,8.136117016934472,0.625
5,5,160,13.909090909090908,6.99706607428519,0.625
5,5,161,13.909090909090908,9.02282071107261,0.625
5,5,162,13.909090909090908,8.640401728094801,0.625
5,5,163,13.909090909090908,8.892804433440654,0.625
5,5,164,13.909090909090908,9.671585043430644,0.7083333333333335
5,5,165,13.909090909090908,10.792416538217248,0.625
5,5,166,13.909090909090908,11.17094969942339,0.625
10,1,1,25.8,9.345341769968142,0.7142857142857144
10,1,2,25.8,14.232218814343277,0.6944444444444444
10,1,3,25.8,20.425998615656237,0.8422222222222224
10,1,4,25.8,23.33112626262625,0.7638888888888888
10,1,5,25.8,19.795738029941102,0.836111111111111
10,1,6,25.8,22.66312187908708,0.767094017094017
10,1,7,25.8,21.813889583105187,0.7291666666666665
10,1,8,25.8,22.109918997605483,0.8725146198830411
10,1,9,25.8,23.070860000442902,0.8455098934550991
10,1,10,25.8,22.647142926370986,0.8489159891598916
10,1,11,25.8,22.08364792859688,0.7863247863247862
10,1,12,25.8,21.716643221789653,0.75
10,1,13,25.8,22.232405184263943,0.7333333333333334
10,1,14,25.8,23.697177469875218,0.8588588588588588
10,1,15,25.8,23.05910425882556,0.8425925925925926
10,1,16,25.8,21.745628066378057,0.6547619047619047
10,1,17,25.8,23.439787074037064,0.8625
10,1,18,25.8,21.813278676403208,0.8697632058287796
10,1,19,25.8,22.51596857740521,0.9493464052287581
10,1,20,25.8,22.502393029675627,0.75
10,1,21,25.8,21.852252829042296,0.7817460317460316
10,1,22,25.8,23.115524639995204,0.9542483660130721
10,1,23,25.8,22.808522489041344,0.892033542976939
10,1,24,25.8,22.966391143490178,0.7876984126984126
10,1,25,25.8,22.819463818860857,0.8432539682539681
10,1,26,25.8,22.201833913263705,0.8333333333333335
10,1,27,25.8,21.84318063699584,0.7092352092352092
10,1,28,25.8,23.260119378165232,0.6622807017543859
10,1,29,25.8,23.270562809339722,0.7876984126984126
10,1,30,25.8,24.31032187660009,0.8951612903225807
10,1,31,25.8,21.449343162875756,0.8211233211233213
10,1,32,25.8,21.306621476541583,0.709563994374121
10,1,33,25.8,22.506930099541428,0.870561282932417
10,1,34,25.8,24.323312241791676,0.8116438356164384
10,1,35,25.8,23.091233044459983,0.704954954954955
10,1,36,25.8,23.91287736261501,0.8189964157706093
10,1,37,25.8,24.307690943043863,0.6944444444444444
10,1,38,25.8,23.052962897668394,0.956855791962175
10,1,39,25.8,23.871260651629058,1
10,1,40,25.8,23.175526259341414,0.7430555555555556
10,1,41,25.8,24.31593226621047,0.9507168458781363
10,1,42,25.8,24.999635233633548,4.923225096312604
10,1,43,25.8,24.044220085470073,0.7430555555555556
10,1,44,25.8,23.45788682629359,0.75
10,1,45,25.8,22.331684242308658,0.7
10,1,46,25.8,21.491740404522993,0.681159420289855
10,1,47,25.8,20.635116185134216,0.7250000000000001
10,1,48,25.8,22.584518642021226,0.73
10,1,49,25.8,22.45166695885812,0.7698412698412698
10,1,50,25.8,22.579724641032048,0.7341269841269842
10,1,51,25.8,22.341856394977686,0.7083333333333335
10,1,52,25.8,21.999611591282264,0.9736111111111112
10,1,53,25.8,19.550039346241444,0.6746031746031744
10,1,54,25.8,20.78975103008327,0.7341269841269842
10,1,55,25.8,20.687989890668355,0.7863247863247862
10,1,56,25.8,22.506184238727705,0.8500000000000001
10,1,57,25.8,21.901860605998504,0.7883141762452106
10,1,58,25.8,23.36764579481819,0.942929292929293
10,1,59,25.8,22.028040501343682,0.8565505804311773
10,1,60,25.8,21.6739320837854,0.8383838383838385
10,1,61,25.8,19.73419904491552,0.6559139784946235
10,1,62,25.8,20.996271889297944,0.6571038251366119
10,1,63,25.8,21.942044021947282,0.701814058956916
10,1,64,25.8,23.331208358662597,0.7055555555555557
10,1,65,25.8,24.172150793650772,0.7222222222222223
10,1,66,25.8,22.715543652420383,0.7743055555555556
10,1,67,25.8,24.386761904761883,0.7250000000000001
10,1,68,25.8,24.17158624708623,0.9861111111111112
10,1,69,25.8,21.0344675058947,0.7555555555555555
10,1,70,25.8,20.954378902648276,0.7555555555555555
10,1,71,25.8,22.952560328560324,0.9777777777777779
10,1,72,25.8,23.13791823195636,0.7052730696798495
10,1,73,25.8,21.874546981338266,0.706837606837607
10,1,74,25.8,22.212050442612934,0.890625
10,1,75,25.8,24.977959064327464,0.7611111111111111
10,1,76,25.8,22.95639096857285,0.9417344173441733
10,1,77,25.8,20.053493261129603,0.7743055555555556
10,1,78,25.8,22.6613992595596,0.9315245478036176
10,1,79,25.8,23.32302197656085,0.8047910295616716
10,1,80,25.8,21.536229663629044,0.7777777777777777
10,1,81,25.8,23.687077150239926,0.6879844961240309
10,1,82,25.8,21.99537148884729,0.7698412698412698
10,1,83,25.8,23.211395040676486,0.8588588588588588
10,1,84,25.8,23.695333602508587,0.8391053391053389
10,1,85,25.8,20.554819157843696,0.7888888888888888
10,1,86,25.8,22.100601237203822,0.7936507936507937
10,1,87,25.8,22.58085600264868,0.7879156528791564
10,1,88,25.8,23.249050430955425,1.0423976608187135
10,1,89,25.8,21.589272569638453,0.6596045197740112
10,1,90,25.8,22.810517664273746,0.6698717948717947
10,1,91,25.8,21.433671979743167,0.709563994374121
10,1,92,25.8,23.197030358702182,0.6622807017543859
10,1,93,25.8,23.011628198534154,0.8489827856025038
10,1,94,25.8,22.561805926141606,0.8281045751633989
10,1,95,25.8,24.747543722943707,0.9855555555555555
10,1,96,25.8,23.240867992504036,0.8018682399213373
10,1,97,25.8,23.923699212719963,0.7291666666666665
10,1,98,25.8,23.63376271668086,1.001207729468599
10,1,99,25.8,23.5884182029656,0.9051724137931034
10,1,100,25.8,23.07110834535834,0.7440476190476191
10,1,101,25.8,22.465633992217676,0.8480392156862744
10,1,102,25.8,21.730117386581668,0.7115384615384617
10,1,103,25.8,20.966068844348086,0.9137115839243499
10,1,104,25.8,18.31373628095502,0.6536458333333333
10,1,105,25.8,21.629628699641398,0.7115384615384617
10,1,106,25.8,21.54451890364207,0.9013002364066194
10,1,107,25.8,24.68892502532926,0.9692671394799053
10,1,108,25.8,23.96494372294371,0.9750000000000001
10,1,109,25.8,23.982049663827524,1.2146464646464648
10,1,110,25.8,21.560701089398016,0.7
10,1,111,25.8,20.94916442714194,0.7261904761904763
10,1,112,25.8,23.512264339293587,0.7545219638242893
10,1,113,25.8,21.806685104686814,0.9305555555555556
10,1,114,25.8,22.077408259224427,0.8281045751633989
10,1,115,25.8,23.09862156177155,0.9855555555555555
10,1,116,25.8,22.037769747078734,0.7081377151799688
10,1,117,25.8,21.831830579231045,0.9239766081871346
10,1,118,25.8,21.83246782809256,0.845959595959596
10,1,119,25.8,21.348898346008674,0.7743055555555556
10,1,120,25.8,20.732095172663122,0.7722222222222221
10,1,121,25.8,22.27826245047969,0.9456521739130435
10,1,122,25.8,21.669382482243417,0.7855555555555556
10,1,123,25.8,22.666078085132508,0.8329925017041582
10,1,124,25.8,22.22932395499237,0.9662698412698414
10,1,125,25.8,22.662836636367317,0.8986928104575163
10,1,126,25.8,22.908447454436363,0.9153116531165313
10,1,127,25.8,23.65463157231373,0.8951612903225807
10,1,128,25.8,21.926627301050743,0.704954954954955
10,1,129,25.8,23.35522811876469,0.9736111111111112
10,1,130,25.8,23.998577174459516,0.8986928104575163
10,1,131,25.8,24.095810906929316,0.7851592851592852
10,1,132,25.8,22.842794504583296,0.8727197346600333
10,1,133,25.8,22.03913580217193,0.7909245122985582
10,1,134,25.8,24.30563333333331,0.7361111111111112
10,1,135,25.8,23.08556813322468,0.7608286252354048
10,1,136,25.8,23.398253585135926,0.6785714285714286
10,1,137,25.8,23.085319835438916,0.7081377151799688
10,1,138,25.8,21.10684700533383,0.7555555555555555
10,1,139,25.8,23.299254646569835,0.7333333333333332
10,1,140,25.8,22.997074689942327,0.8478260869565217
10,1,141,25.8,23.139543231017523,0.825
10,1,142,25.8,23.384246769162196,0.734375
10,1,143,25.8,23.376757604051708,1.0555555555555556
10,1,144,25.8,23.45068374471472,0.8063343717549323
10,1,145,25.8,22.5040239711269,0.7986111111111112
10,1,146,25.8,20.01022353137864,0.7792397660818713
10,1,147,25.8,22.883785332277647,0.7818248712288449
10,1,148,25.8,22.744377218689447,1.006272401433692
10,1,149,25.8,23.896509896065986,0.8597560975609757
10,1,150,25.8,23.620719707940626,1.2361111111111112
10,1,151,25.8,22.138465031923925,0.8455098934550991
10,1,152,25.8,23.15599213352006,0.7777777777777777
10,1,153,25.8,22.754500380375035,0.7077294685990339
10,1,154,25.8,22.817336628241023,0.7722222222222221
10,2,1,0.9131944444444444,0.4368907458776396,0.2777777777777778
10,2,2,1.1175213675213675,0.6036943637666704,0.2777777777777778
10,2,3,1.1319444444444444,0.7504268141596071,0.2777777777777778
10,2,4,1.15990990990991,0.8379991436479597,0.2777777777777778
10,2,5,1.2658730158730158,0.950545540861745,0.2777777777777778
10,2,6,1.2658730158730158,0.9562615979449418,0.2777777777777778
10,2,7,1.2658730158730158,1.0222565831926256,0.2777777777777778
10,2,8,1.2658730158730158,0.9569078387649377,0.2777777777777778
10,2,9,1.2658730158730158,0.9535877496948728,0.2777777777777778
10,2,10,1.2658730158730158,0.9947127313257227,0.2777777777777778
10,2,11,1.608974358974359,1.0157292271062885,0.2777777777777778
10,2,12,1.608974358974359,1.0155390202572039,0.2777777777777778
10,2,13,1.608974358974359,1.0797758032903386,0.2777777777777778
10,2,14,1.608974358974359,1.1468028856149466,0.2777777777777778
10,2,15,1.608974358974359,1.1973664647341224,0.2777777777777778
10,2,16,1.608974358974359,1.3075090262818716,0.2777777777777778
10,2,17,1.608974358974359,1.308477353229699,0.2777777777777778
10,2,18,5.160211267605634,1.4591099028750383,0.2777777777777778
10,2,19,5.160211267605634,1.399343733429643,0.2777777777777778
10,2,20,5.160211267605634,1.4508679276360406,0.2777777777777778
10,2,21,5.160211267605634,1.4939691311511023,0.2777777777777778
10,2,22,5.160211267605634,1.453853205028162,0.2777777777777778
10,2,23,5.160211267605634,1.3917922235735432,0.2777777777777778
10,2,24,5.176236908631275,1.5581792710046591,0.2777777777777778
10,2,25,5.2207357859531776,1.6009693297372538,0.2777777777777778
10,2,26,6.365618448637317,1.566629142130131,0.2777777777777778
10,2,27,6.365618448637317,1.5128050168485336,0.2777777777777778
10,2,28,6.365618448637317,1.5252419838019606,0.2777777777777778
10,2,29,6.365618448637317,1.382717886023423,0.2777777777777778
10,2,30,6.365618448637317,1.5913393238402427,0.2777777777777778
10,2,31,6.365618448637317,1.4871059468174235,0.7361111111111112
10,2,32,6.365618448637317,1.7063838649504817,0.2777777777777778
10,2,33,6.478279947345327,1.973255974637587,0.2777777777777778
10,2,34,6.478279947345327,2.162525660148742,0.2777777777777778
10,2,35,6.478279947345327,1.8057078115407532,0.2777777777777778
10,2,36,6.658536585365853,2.40130502978978,0.2777777777777778
10,2,37,6.658536585365853,2.2827832085743673,0.2777777777777778
10,2,38,6.658536585365853,2.7955949218692457,0.2777777777777778
10,2,39,6.658536585365853,3.1164339637952505,0.7560386473429952
10,2,40,6.658536585365853,2.7728681351093054,0.2777777777777778
10,2,41,6.658536585365853,2.3333143785122834,0.2777777777777778
10,2,42,6.794871794871795,1.9274050431277419,0.2777777777777778
10,2,43,6.945945945945946,2.1016192128219755,0.2777777777777778
10,2,44,6.945945945945946,2.3646877870285907,0.2777777777777778
10,2,45,6.945945945945946,2.121175011578761,0.2777777777777778
10,2,46,6.945945945945946,2.2807504323808567,0.2777777777777778
10,2,47,6.945945945945946,2.2752699219032855,0.2777777777777778
10,2,48,6.945945945945946,2.4373765364408913,0.2777777777777778
10,2,49,6.945945945945946,2.609430207325569,0.2777777777777778
10,2,50,6.945945945945946,1.9876428621915818,0.2777777777777778
10,2,51,6.945945945945946,2.2672576214447115,0.7550505050505052
10,2,52,6.945945945945946,1.9110682318284393,0.2777777777777778
10,2,53,6.945945945945946,2.2071111174733686,0.7550505050505052
10,2,54,6.945945945945946,2.31736306679157,0.2777777777777778
10,2,55,6.945945945945946,1.8894999006157676,0.2777777777777778
10,2,56,6.945945945945946,2.0401382145773836,0.2777777777777778
10,2,57,6.945945945945946,2.223944639925367,0.2777777777777778
10,2,58,6.945945945945946,2.325711681393957,0.2777777777777778
10,2,59,6.945945945945946,1.6701844039643903,0.7514619883040936
10,2,60,7.114285714285714,1.8539921021518548,0.7611111111111111
10,2,61,7.114285714285714,1.6412057447705097,0.2777777777777778
10,2,62,7.114285714285714,1.907887358299762,0.2777777777777778
10,2,63,7.114285714285714,2.0555743860508464,0.2777777777777778
10,2,64,7.114285714285714,1.8839616842999871,0.2777777777777778
10,2,65,7.114285714285714,2.0939745206475435,0.2777777777777778
10,2,66,7.303030303030303,2.4405970251902125,0.2777777777777778
10,2,67,7.303030303030303,2.4430243619767937,0.2777777777777778
10,2,68,7.303030303030303,3.0457957301182175,0.2777777777777778
10,2,69,7.303030303030303,2.6162300820911515,0.2777777777777778
10,2,70,7.303030303030303,3.089970970998935,0.8194444444444444
10,2,71,7.303030303030303,2.1922912709917277,0.2777777777777778
10,2,72,7.516129032258065,2.037710593244558,0.2777777777777778
10,2,73,7.516129032258065,2.7216572211738654,0.7605363984674329
10,2,74,7.516129032258065,3.2242907745930474,0.2777777777777778
10,2,75,7.516129032258065,3.1949192653273837,0.2777777777777778
10,2,76,7.516129032258065,3.3033451660148443,0.2777777777777778
10,2,77,7.516129032258065,2.885263621730035,0.2777777777777778
10,2,78,7.758620689655173,4.201091363971941,0.2777777777777778
10,2,79,7.758620689655173,3.26303663943475,0.2777777777777778
10,2,80,7.758620689655173,3.2180927434536994,0.2777777777777778
10,2,81,7.758620689655173,4.4368416651409195,0.2777777777777778
10,2,82,8.037037037037038,4.09417184228459,0.2777777777777778
10,2,83,8.037037037037038,4.318214624027302,0.2777777777777778
10,2,84,8.037037037037038,4.185037341764795,0.2777777777777778
10,2,85,8.037037037037038,3.5601929530259664,0.2777777777777778
10,2,86,8.36,2.7060829568715894,0.2777777777777778
10,2,87,8.36,3.2305479453951538,0.2777777777777778
10,2,88,8.36,3.3145469895240063,0.2777777777777778
10,2,89,8.36,3.177753773691466,0.2777777777777778
10,2,90,8.36,3.3583612807539804,0.2777777777777778
10,2,91,8.36,3.694206414656345,0.2777777777777778
10,2,92,8.36,3.8012611468308233,0.2777777777777778
10,2,93,8.36,2.624227229780599,0.2777777777777778
10,2,94,8.36,2.8665683369202015,0.2777777777777778
10,2,95,8.36,3.197517203729457,0.2777777777777778
10,2,96,8.36,3.6312227025378836,0.2777777777777778
10,2,97,8.36,4.0594308425301024,0.2777777777777778
10,2,98,8.36,3.327146695638648,0.2777777777777778
10,2,99,8.36,3.39738687761063,0.2777777777777778
10,2,100,8.36,2.984981171673498,0.2777777777777778
10,2,101,8.36,2.935493089256397,0.2777777777777778
10,2,102,8.36,2.6235916596155304,0.2777777777777778
10,2,103,8.36,2.3291982573683607,0.7465277777777777
10,2,104,8.36,3.0990418216998847,0.2777777777777778
10,2,105,8.36,3.6835751199888005,0.2777777777777778
10,2,106,8.36,3.153225570769469,0.5277777777777777
10,2,107,8.36,2.920929329633015,0.8194444444444444
10,2,108,8.36,3.122633730967319,0.7444444444444445
10,2,109,8.36,3.308247633811993,0.2777777777777778
10,2,110,8.36,4.239651870425634,0.2777777777777778
10,2,111,8.36,4.252152146933183,0.7483660130718954
10,2,112,8.36,4.372949528699169,0.2777777777777778
10,2,113,8.36,3.85557620629922,0.2777777777777778
10,2,114,8.36,3.9790324493362856,0.2777777777777778
10,2,115,8.36,4.515564512365931,0.2777777777777778
10,2,116,8.36,3.320793978930776,0.2777777777777778
10,2,117,8.36,3.122513042549976,0.7420634920634921
10,2,118,8.36,3.605394111060805,0.2777777777777778
10,2,119,8.36,4.4681799261116035,0.2777777777777778
10,2,120,8.36,4.044587498378432,0.2777777777777778
10,2,121,8.36,3.4580295644561585,0.8194444444444444
10,2,122,8.36,3.464732087285912,0.2777777777777778
10,2,123,8.36,3.0664332295525902,0.8397435897435899
10,2,124,8.36,3.652437226465121,0.2777777777777778
10,2,125,8.36,3.273222637801607,0.7527777777777778
10,2,126,8.36,3.7679054060495054,0.2777777777777778
10,2,127,8.36,4.1230530054045404,0.2777777777777778
10,2,128,8.36,4.165427030818067,0.2777777777777778
10,2,129,8.36,3.493575679561731,0.2777777777777778
10,2,130,8.36,3.7965201848932963,0.2777777777777778
10,2,131,8.36,4.061764397127078,0.2777777777777778
10,2,132,8.36,3.846280012630493,0.2777777777777778
10,2,133,8.36,4.130653147546016,0.2777777777777778
10,2,134,8.36,3.80987561688606,0.2777777777777778
10,2,135,8.36,4.081085976744495,0.2777777777777778
10,2,136,8.36,3.4068767545634926,0.2777777777777778
10,2,137,8.36,3.1142872283050327,0.2777777777777778
10,2,138,8.36,1.4055476708306123,0.2777777777777778
10,2,139,8.36,1.5535505447143914,0.2777777777777778
10,2,140,8.36,1.8598047679718226,0.2777777777777778
10,2,141,8.36,2.4211405268434754,0.2777777777777778
10,2,142,8.36,2.132271395536587,0.2777777777777778
10,2,143,8.36,2.329631528185381,0.2777777777777778
10,2,144,8.36,2.218282606460161,0.6527777777777777
10,2,145,8.36,2.689110869559747,0.2777777777777778
10,2,146,8.36,2.6854095908959827,0.2777777777777778
10,2,147,8.36,2.8100641371015502,0.2777777777777778
10,2,148,8.36,2.725927393977794,0.2777777777777778
10,2,149,8.36,3.197292835825907,0.2777777777777778
10,2,150,8.36,2.6481078254946766,0.2777777777777778
10,2,151,8.36,3.6901847143812834,0.2777777777777778
10,2,152,8.36,3.276442699431138,0.2777777777777778
10,2,153,8.36,3.4765633368508264,0.2777777777777778
10,2,154,8.36,2.8582512057543217,0.2777777777777778
10,2,155,8.36,2.395361440599664,0.8194444444444444
10,2,156,8.36,2.7345214075307727,0.2777777777777778
10,2,157,8.36,2.4062486999480486,0.2777777777777778
10,2,158,8.36,2.1286806674017265,0.2777777777777778
10,2,159,8.36,1.576297942545816,0.2777777777777778
10,2,160,8.36,2.071089058385057,0.6527777777777777
10,2,161,8.36,3.064529313917928,0.2777777777777778
10,2,162,8.36,2.362898556703255,0.2777777777777778
10,2,163,8.36,3.1549715617798593,0.2777777777777778
10,2,164,8.36,2.6101042043704257,0.2777777777777778
10,2,165,8.36,3.175898599296451,0.2777777777777778
10,2,166,8.36,3.080537461237248,0.2777777777777778
10,2,167,8.36,3.6122962008232316,0.2777777777777778
10,2,168,8.36,3.8982627707480866,0.5277777777777777
10,2,169,8.36,3.7942977551596777,0.2777777777777778
10,2,170,8.36,3.897139928059987,0.8194444444444444
10,2,171,8.36,3.5740231506019846,0.2777777777777778
10,2,172,8.36,3.7485880550477595,0.2777777777777778
10,2,173,8.36,3.4471011405092584,0.2777777777777778
10,2,174,8.36,3.9032840246525753,0.2777777777777778
10,2,175,8.36,3.6708059754763296,0.2777777777777778
10,2,176,8.36,3.558941460875675,0.2777777777777778
10,2,177,8.36,3.5380173235869457,0.2777777777777778
10,2,178,8.36,3.206865450666283,0.2777777777777778
10,2,179,8.36,3.1347012638436276,0.2777777777777778
10,2,180,8.36,3.600714583969357,0.2777777777777778
10,2,181,8.36,3.314789783643285,0.75
10,2,182,8.36,3.7071687131998847,0.2777777777777778
10,2,183,8.36,3.7530428483031533,0.8194444444444444
10,2,184,8.36,4.11496486426446,0.2777777777777778
10,2,185,8.36,4.0246127653910335,0.2777777777777778
10,2,186,8.36,3.601527914407576,0.2777777777777778
10,2,187,8.36,3.004410705203142,0.2777777777777778
10,2,188,8.36,3.2496871186902063,0.2777777777777778
10,2,189,8.36,1.536538157622493,0.2777777777777778
10,2,190,8.36,2.0972629734729464,0.2777777777777778
10,2,191,8.36,2.102735761282418,0.2777777777777778
10,2,192,8.36,2.480835518329831,0.2777777777777778
10,2,193,8.36,2.490597086317965,0.2777777777777778
10,2,194,8.36,3.1073435061566506,0.2777777777777778
10,2,195,8.36,3.5057577451404773,0.2777777777777778
10,2,196,8.36,2.489614629490486,0.2777777777777778
10,2,197,8.36,2.2511318205311177,0.2777777777777778
10,2,198,8.36,2.5634134084359768,0.2777777777777778
10,2,199,8.36,2.3848496594650466,0.2777777777777778
10,2,200,8.36,2.125161580740925,0.2777777777777778
10,2,201,8.36,2.8788362601111697,0.2777777777777778
10,2,202,8.36,3.320655463670107,0.8194444444444444
10,2,203,8.36,3.2865845577020973,0.2777777777777778
10,2,204,8.36,2.953685977763285,0.8194444444444444
10,2,205,8.36,3.2924233594316363,0.5277777777777777
10,2,206,8.36,2.920580477980885,0.2777777777777778
10,2,207,8.36,2.0703693937463505,0.2777777777777778
10,2,208,8.36,2.3823952674341706,0.2777777777777778
10,2,209,8.36,3.0825790305610576,0.2777777777777778
10,2,210,8.36,2.7006329939964684,0.2777777777777778
10,2,211,8.36,3.2580704411117902,0.2777777777777778
10,2,212,8.36,3.169908311259483,0.2777777777777778
10,2,213,8.36,3.1661576939936835,0.2777777777777778
10,2,214,8.36,2.7409484124544807,0.2777777777777778
10,2,215,8.36,3.325680159720305,0.2777777777777778
10,2,216,8.36,2.5512625841954613,0.8194444444444444
10,2,217,8.36,3.564563090249133,0.2777777777777778
10,2,218,8.36,2.5834227064522004,0.2777777777777778
10,2,219,8.36,2.7608680296840644,0.2777777777777778
10,2,220,8.36,3.4898043159573446,0.7444444444444445
10,2,221,8.36,3.1570175174744786,0.7361111111111112
10,2,222,8.36,3.808124605118227,0.2777777777777778
10,2,223,8.36,4.337625602013758,0.7393162393162394
10,2,224,8.36,4.108823586076853,0.2777777777777778
10,2,225,8.36,3.5877253650923113,0.2777777777777778
10,2,226,8.36,3.216606917400296,0.2777777777777778
10,2,227,8.36,2.5034923145558117,0.2777777777777778
10,2,228,8.36,2.4022225713966923,0.2777777777777778
10,2,229,8.36,3.1728971905341212,0.2777777777777778
10,2,230,8.36,3.2214434474996523,0.8397435897435899
10,2,231,8.36,3.3032265907669864,0.2777777777777778
10,2,232,8.36,2.609744459537095,0.2777777777777778
10,2,233,8.36,2.8710930552684353,0.2777777777777778
10,2,234,8.36,2.901824045812905,0.2777777777777778
10,2,235,8.36,2.8654502838649223,0.2777777777777778
10,2,236,8.36,2.5197060157405637,0.2777777777777778
10,2,237,8.36,2.982037728317812,0.2777777777777778
10,2,238,8.36,3.3285250613689072,0.2777777777777778
10,2,239,8.36,3.296253522004183,0.2777777777777778
10,3,1,1.0768733850129197,0.8050075502141383,0.6031746031746033
10,3,2,4.372606981981982,0.9408509506369657,0.6111111111111112
10,3,3,4.372606981981982,1.0053772364437843,0.6241830065359477
10,3,4,4.372606981981982,1.0602440392361048,0.6171497584541064
10,3,5,4.372606981981982,1.1287405315142007,0.7348484848484849
10,3,6,4.372606981981982,1.1595308504440773,0.734375
10,3,7,5.284760408483897,1.3509144821304668,0.7378048780487805
10,3,8,5.284760408483897,1.3109302736765611,0.7378048780487805
10,3,9,5.775468975468976,1.4958008023464981,0.7420634920634921
10,3,10,5.775468975468976,1.5291026085631083,0.8137254901960784
10,3,11,5.775468975468976,1.3473607704726986,0.8151515151515152
10,3,12,5.775468975468976,1.3108108846730935,0.8144654088050314
10,3,13,5.775468975468976,1.3841154037951398,0.8063063063063063
10,3,14,5.775468975468976,1.4901372176186778,0.7430555555555556
10,3,15,5.775468975468976,1.5041921177262223,0.8144654088050314
10,3,16,5.775468975468976,1.6468191237119347,0.8120567375886525
10,3,17,5.775468975468976,1.4528471667609686,0.8100775193798451
10,3,18,5.850254567235699,1.5620214783588566,0.8120567375886525
10,3,19,5.850254567235699,1.4015228950484786,0.8271983640081801
10,3,20,5.850254567235699,1.5757594559200718,0.8137254901960784
10,3,21,5.850254567235699,1.3701057843564117,0.8111111111111111
10,3,22,5.850254567235699,1.3525039100180232,0.7393617021276597
10,3,23,5.850254567235699,1.8143498561167481,0.8100775193798451
10,3,24,5.930905695611577,1.8053738233296592,0.8047619047619048
10,3,25,5.930905695611577,1.6897202887237495,0.8174603174603174
10,3,26,5.930905695611577,1.381600853381219,0.8089430894308944
10,3,27,5.930905695611577,1.7644770743623732,0.8089430894308944
10,3,28,5.930905695611577,1.44011172993532,0.8047619047619048
10,3,29,5.930905695611577,1.3965300678310129,0.7333333333333334
10,3,30,5.930905695611577,1.597561724889149,0.8111111111111111
10,3,31,6.269679849340866,1.6034108804795417,0.8161764705882353
10,3,32,6.269679849340866,1.5763127886678,0.7962962962962963
10,3,33,6.269679849340866,1.6732648610339913,0.7282608695652173
10,3,34,6.269679849340866,1.4873917063806519,0.7401960784313726
10,3,35,6.269679849340866,1.4167513662681028,0.7375
10,3,36,6.269679849340866,1.3697103780012876,0.8144654088050314
10,3,37,6.269679849340866,1.4531113089309156,0.8063063063063063
10,3,38,6.269679849340866,1.575481449997358,0.8063063063063063
10,3,39,6.382341348048877,1.8430715268552986,0.8228070175438598
10,3,40,6.382341348048877,1.9077704257331964,0.8047619047619048
10,3,41,6.382341348048877,1.9887298894466576,0.7857142857142856
10,3,42,6.382341348048877,1.8506018705997185,0.7413793103448276
10,3,43,6.382341348048877,1.8453924301305549,0.7357142857142858
10,3,44,6.382341348048877,2.0301698228740714,0.7391304347826086
10,3,45,6.382341348048877,2.3438112440673247,0.7391304347826086
10,3,46,6.382341348048877,1.8992642405698492,0.8063063063063063
10,3,47,6.551393728222997,2.4925659631520047,0.6263888888888889
10,3,48,6.551393728222997,2.257037282095054,0.7391304347826086
10,3,49,6.551393728222997,2.172722892463735,0.7898550724637681
10,3,50,6.642329421990439,3.0340976211756283,0.6284722222222223
10,3,51,6.687728937728938,2.9899175075979216,0.7237945492662474
10,3,52,6.703962703962704,2.8259076021520158,0.7425373134328357
10,3,53,6.703962703962704,2.220828680089126,0.8030303030303032
10,3,54,6.838803088803089,2.661030162813442,0.8030303030303032
10,3,55,6.838803088803089,2.3641085003444373,0.8184079601990049
10,3,56,6.838803088803089,2.0071283835698797,0.6275252525252526
10,3,57,6.838803088803089,2.2539420717428116,0.7745098039215685
10,3,58,6.838803088803089,2.5515225357766274,0.6280193236714975
10,3,59,6.838803088803089,2.5145871594856617,0.8174603174603174
10,3,60,6.838803088803089,3.2857211448115375,0.8179487179487182
10,3,61,6.838803088803089,2.5070648440451295,0.740566037735849
10,3,62,6.838803088803089,2.867567535407874,0.740566037735849
10,3,63,7.0402116402116395,3.262335070049983,0.7433333333333332
10,3,64,7.0402116402116395,2.2004532350512727,0.7380952380952381
10,3,65,7.0402116402116395,2.308632703689693,0.7745098039215685
10,3,66,7.0402116402116395,2.167511542939275,0.7429577464788732
10,3,67,7.0402116402116395,2.26266460694524,0.6246031746031746
10,3,68,7.0402116402116395,2.2817741523133357,0.7745098039215685
10,3,69,7.0402116402116395,2.225505243189016,0.7857142857142856
10,3,70,7.0402116402116395,2.760428790167058,0.825459317585302
10,3,71,7.0402116402116395,2.6502437983269846,0.736842105263158
10,3,72,7.0402116402116395,2.6596916978523506,0.7426470588235294
10,3,73,7.0402116402116395,2.4414584288797236,0.7933333333333334
10,3,74,7.0402116402116395,2.3826481444975456,0.7413793103448276
10,3,75,7.0402116402116395,1.8573146781379035,0.6299603174603174
10,3,76,7.0402116402116395,2.615137088860294,0.7371794871794872
10,3,77,7.228956228956228,2.950166003637168,0.8184079601990049
10,3,78,7.228956228956228,2.459624724872154,0.8030303030303032
10,3,79,7.228956228956228,1.504950077160579,0.8161764705882353
10,3,80,7.228956228956228,1.5800256370221666,0.7401960784313726
10,3,81,7.228956228956228,2.1426293366283065,0.818840579710145
10,3,82,7.228956228956228,2.152545689747736,0.7361111111111112
10,3,83,7.228956228956228,2.496129342738543,0.81924882629108
10,3,84,7.228956228956228,2.2757663173743023,0.8196347031963471
10,3,85,7.228956228956228,2.159978933182957,0.7388888888888889
10,3,86,7.228956228956228,2.356128305311624,0.6246031746031746
10,3,87,7.4420549581839905,2.7223780180344614,0.6237373737373737
10,3,88,7.4420549581839905,2.688588528959485,0.736842105263158
10,3,89,7.4420549581839905,2.894290430863245,0.6322222222222222
10,3,90,7.4420549581839905,2.969976210987269,0.7419354838709677
10,3,91,7.4420549581839905,2.8743643578105655,0.8151515151515152
10,3,92,7.4420549581839905,2.6260236138248456,0.632132132132132
10,3,93,7.4420549581839905,2.5020314485239177,0.8252032520325203
10,3,94,7.4420549581839905,3.1741091633504284,0.8196347031963471
10,3,95,7.4420549581839905,2.752788806339408,0.7416666666666667
10,3,96,7.4420549581839905,2.8126776644283984,0.7413793103448276
10,3,97,7.4420549581839905,2.64684588414618,0.7415254237288136
10,3,98,7.4420549581839905,3.0242990839461417,0.7413793103448276
10,3,99,7.4420549581839905,3.1493685132330755,0.7412280701754386
10,3,100,7.4420549581839905,3.4446304551705453,0.8151515151515152
10,3,101,7.4420549581839905,3.39220932360935,0.7352941176470589
10,3,102,7.684546615581098,2.792859416855442,0.7415254237288136
10,3,103,7.684546615581098,3.394924664467227,0.7407407407407407
10,3,104,7.684546615581098,2.5578363661315127,0.6309523809523809
10,3,105,7.684546615581098,2.1477976611590917,0.7413793103448276
10,3,106,7.684546615581098,2.1518545960927415,0.8241590214067278
10,3,107,7.684546615581098,2.5040006670676784,0.7962962962962963
10,3,108,7.684546615581098,2.0509884725074015,0.6328647925033468
10,3,109,7.684546615581098,1.8948046912979324,0.8179487179487182
10,3,110,7.684546615581098,2.1175001647094662,0.7401960784313726
10,3,111,7.684546615581098,1.9100378660860093,0.7425373134328357
10,3,112,7.684546615581098,2.7706818863859115,0.7407407407407407
10,3,113,7.684546615581098,2.5987451921468603,0.7433333333333332
10,3,114,7.684546615581098,2.2937576902394112,0.7419354838709677
10,3,115,7.684546615581098,2.616090550559737,0.8111111111111111
10,3,116,7.684546615581098,2.696523039606394,0.7424242424242424
10,3,117,7.684546615581098,2.9832310462886267,0.8215686274509806
10,3,118,7.684546615581098,3.062874982285848,0.632132132132132
10,3,119,7.962962962962963,2.587391694894143,0.6313131313131313
10,3,120,7.962962962962963,2.4187391899281048,0.7419354838709677
10,3,121,7.980433263452132,3.222693681821629,0.823024054982818
10,3,122,7.980433263452132,3.308046620945506,0.8225806451612905
10,3,123,7.980433263452132,3.061547804969,0.7423076923076923
10,3,124,7.980433263452132,3.1929988584562636,0.8246376811594205
10,3,125,7.980433263452132,2.5528582125356634,0.7425373134328357
10,3,126,7.980433263452132,2.6643520396578073,0.6301169590643274
10,3,127,7.980433263452132,2.2124533647943863,0.6306921675774135
10,3,128,7.980433263452132,2.5366462403402457,0.7418032786885247
10,3,129,7.980433263452132,2.1531607476073393,0.7962962962962963
10,3,130,7.980433263452132,2.5146401766893347,0.7440476190476191
10,3,131,7.980433263452132,2.9584660205016773,0.8225806451612905
10,3,132,7.980433263452132,2.8014041789260857,0.7412280701754386
10,3,133,7.980433263452132,3.433360515700244,0.6313131313131313
10,3,134,7.980433263452132,2.976567778922244,0.6301169590643274
10,3,135,7.980433263452132,2.8356196885948295,0.6302681992337165
10,3,136,7.980433263452132,2.9102608877663885,0.6304143126177024
10,3,137,7.980433263452132,2.6576239619177353,0.7407407407407407
10,3,138,7.980433263452132,2.826501929714442,0.6305555555555555
10,3,139,7.980433263452132,3.064800312494658,0.6296296296296295
10,3,140,7.980433263452132,2.9098889133883854,0.6310763888888888
10,3,141,7.980433263452132,2.5711887158361875,0.6311965811965812
10,3,142,7.980433263452132,2.674169041568279,0.6284722222222223
10,3,143,7.980433263452132,2.8850683509830186,0.6322222222222222
10,3,144,7.980433263452132,2.869054260313057,0.6317460317460317
10,3,145,7.980433263452132,2.4357648107181045,0.6310763888888888
10,3,146,7.980433263452132,2.2567759900330513,0.6310763888888888
10,3,147,7.980433263452132,2.6038813981865156,0.6292735042735043
10,3,148,7.980433263452132,2.311253109663344,0.632638888888889
10,3,149,7.980433263452132,2.820350168600247,0.8234323432343236
10,3,150,7.980433263452132,3.0134545344753634,0.7428571428571429
10,3,151,7.980433263452132,2.0842646012227517,0.8250688705234159
10,3,152,7.980433263452132,2.811028648139108,0.7431506849315068
10,3,153,7.980433263452132,2.5625212150982075,0.7430555555555556
10,3,154,7.980433263452132,2.7448705443692325,0.6309523809523809
10,3,155,7.980433263452132,2.2422929994100933,0.7419354838709677
10,3,156,7.980433263452132,3.3516512458442698,0.7423076923076923
10,3,157,7.980433263452132,3.174949334418216,0.7415254237288136
10,3,158,7.980433263452132,2.369123075503361,0.739795918367347
10,3,159,7.980433263452132,2.593561696221988,0.6323953823953825
10,3,160,7.980433263452132,2.1899653605841314,0.8120567375886525
10,3,161,7.980433263452132,2.1007566979280496,0.6324786324786325
10,3,162,7.980433263452132,2.1632290447922036,0.7431506849315068
10,3,163,7.980433263452132,2.6216355468050625,0.7439759036144578
10,3,164,7.980433263452132,3.057016400249274,0.7429577464788732
10,3,165,7.980433263452132,3.1538419476499326,0.8252032520325203
10,3,166,7.980433263452132,3.278994103528676,0.7407407407407407
10,3,167,7.980433263452132,2.5763039874936093,0.8246376811594205
10,3,168,7.980433263452132,3.0904645266533803,0.7435064935064934
10,3,169,7.980433263452132,2.5649462673795167,0.823024054982818
10,3,170,7.980433263452132,2.639759266731571,0.7416666666666667
10,3,171,7.980433263452132,2.685861238978407,0.8252032520325203
10,3,172,7.980433263452132,2.6489240677145123,0.6324786324786325
10,3,173,7.980433263452132,1.4749025264242681,0.7933333333333334
10,3,174,7.980433263452132,1.8133894784756779,0.7416666666666667
10,3,175,7.980433263452132,1.9453142352680672,0.7432432432432432
10,3,176,7.980433263452132,2.027336149273802,0.7428571428571429
10,3,177,7.980433263452132,1.99559421278083,0.7933333333333334
10,3,178,7.980433263452132,2.14841888464277,0.6323099415204678
10,3,179,7.980433263452132,3.095662351343315,0.6302681992337165
10,3,180,7.980433263452132,3.200714281069091,0.7401960784313726
10,3,181,7.980433263452132,2.711636209533138,0.7415254237288136
10,3,182,7.980433263452132,3.13646771328176,0.6313131313131313
10,3,183,7.980433263452132,3.012132588896242,0.6301169590643274
10,3,184,7.980433263452132,2.176809894578048,0.7412280701754386
10,3,185,7.980433263452132,2.274089238458946,0.6313131313131313
10,3,186,7.980433263452132,2.948687592690247,0.6304143126177024
10,3,187,7.980433263452132,3.065277598230824,0.6292735042735043
10,3,188,7.980433263452132,3.203643458996032,0.7435064935064934
10,3,189,7.980433263452132,2.6665048454602407,0.6311965811965812
10,3,190,7.980433263452132,1.8838885242049137,0.6316425120772946
10,3,191,7.980433263452132,2.4478344210404965,0.6319444444444444
10,3,192,7.980433263452132,2.812458603439224,0.7419354838709677
10,3,193,7.980433263452132,2.562867793493719,0.6316425120772946
10,3,194,7.980433263452132,2.194360533720282,0.7428571428571429
10,3,195,7.980433263452132,1.8511966589197726,0.7427536231884058
10,3,196,7.980433263452132,1.7085217171232434,0.6309523809523809
10,3,197,7.980433263452132,1.9827041779337338,0.707070707070707
10,3,198,7.980433263452132,2.471393709794359,0.625
10,3,199,7.980433263452132,2.397171474798697,0.7429577464788732
10,3,200,7.980433263452132,2.5028298046058692,0.7418032786885247
10,3,201,7.980433263452132,2.541251916468407,0.7410714285714286
10,3,202,7.980433263452132,3.478196319553685,0.8220973782771535
10,3,203,7.980433263452132,3.591125380588671,0.743421052631579
10,3,204,7.980433263452132,3.5685585407630493,0.7423076923076923
10,3,205,7.980433263452132,2.9986660655581034,0.6296296296296295
10,3,206,7.980433263452132,3.6397509414218234,0.7425373134328357
10,3,207,7.980433263452132,3.123469903028821,0.6323099415204678
10,3,208,7.980433263452132,2.418113586451645,0.6306921675774135
10,3,209,7.980433263452132,2.4283918870260206,0.6308243727598566
10,3,210,7.980433263452132,2.617844235896398,0.6301169590643274
10,3,211,7.980433263452132,2.5943795111944246,0.6311965811965812
10,3,212,7.980433263452132,1.829238908163725,0.740909090909091
10,3,213,7.980433263452132,1.83540016438176,0.6311965811965812
10,3,214,7.980433263452132,1.5438873292282713,0.6315359477124183
10,3,215,7.980433263452132,1.851344391959388,0.6322222222222222
10,3,216,7.980433263452132,2.116871527193037,0.6299603174603174
10,3,217,7.980433263452132,2.0206658121316883,0.6322222222222222
10,3,218,7.980433263452132,1.7762847792826881,0.7429577464788732
10,3,219,7.980433263452132,1.8333303182032208,0.6317460317460317
10,3,220,7.980433263452132,1.9050855420549593,0.6314262023217247
10,3,221,7.980433263452132,2.034339334997563,0.8206751054852321
10,3,222,7.980433263452132,2.126537143980308,0.629454926624738
10,3,223,7.980433263452132,1.657910398410594,0.629454926624738
10,3,224,7.980433263452132,1.3875097421487466,0.6311965811965812
10,3,225,7.980433263452132,1.7822273788494862,0.6306921675774135
10,3,226,7.980433263452132,1.91982922627576,0.7424242424242424
10,3,227,7.980433263452132,2.088335142516417,0.6304143126177024
10,3,228,7.980433263452132,2.1286279123642475,0.6320395738203957
10,3,229,7.980433263452132,1.9333893882854667,0.7898550724637681
10,3,230,7.980433263452132,1.8478462088984813,0.6317460317460317
10,3,231,7.980433263452132,2.0654202542463813,0.7282608695652173
10,3,232,7.980433263452132,2.2081865616525627,0.7419354838709677
10,3,233,7.980433263452132,1.9949572637351194,0.632132132132132
10,3,234,7.980433263452132,2.5271038987494454,0.7419354838709677
10,3,235,7.980433263452132,2.2086636339280155,0.7166666666666668
10,3,236,7.980433263452132,2.532697123128204,0.7418032786885247
10,3,237,7.980433263452132,2.8861853438144727,0.7250000000000001
10,3,238,7.980433263452132,2.1550955777322196,0.6305555555555555
10,3,239,7.980433263452132,2.7552342446366094,0.7424242424242424
10,3,240,7.980433263452132,3.19058350159902,0.7421875
10,3,241,7.980433263452132,2.49646721942923,0.6319444444444444
10,3,242,7.980433263452132,2.4595328926436353,0.7419354838709677
10,3,243,7.980433263452132,2.1712908088907743,0.6302681992337165
10,3,244,7.980433263452132,1.914380958235914,0.7413793103448276
10,3,245,7.980433263452132,2.2993104476052735,0.7425373134328357
10,3,246,7.980433263452132,2.1552702977948215,0.6306921675774135
10,3,247,7.980433263452132,2.5834308608555534,0.6313131313131313
10,3,248,7.980433263452132,2.2831843506016654,0.7428571428571429
10,3,249,7.980433263452132,2.004824678485821,0.7410714285714286
10,3,250,7.980433263452132,2.288916723692597,0.7416666666666667
10,3,251,7.980433263452132,1.8471072335800713,0.825925925925926
10,3,252,7.980433263452132,1.7628082509289513,0.8084415584415585
10,3,253,7.980433263452132,2.0730327446927843,0.7430555555555556
10,3,254,7.980433263452132,2.0543489929152408,0.8250688705234159
10,3,255,7.980433263452132,1.5158783776167695,0.7393617021276597
10,3,256,7.980433263452132,1.4260329868255968,0.8063063063063063
10,3,257,7.980433263452132,1.664266410896922,0.6316425120772946
10,3,258,7.980433263452132,1.9564987804305864,0.8047619047619048
10,3,259,7.980433263452132,1.90074614976579,0.6292735042735043
10,3,260,7.980433263452132,1.9058648359660153,0.8255813953488373
10,3,261,7.980433263452132,2.2666359717126325,0.7423076923076923
10,3,262,7.980433263452132,2.335076415230935,0.7413793103448276
10,3,263,7.980433263452132,2.0657312146904903,0.8244837758112094
10,3,264,7.980433263452132,1.847659099808519,0.7391304347826086
10,3,265,7.980433263452132,2.9458728002576846,0.632716049382716
10,3,266,7.980433263452132,2.3520881463153365,0.6297979797979798
10,3,267,7.980433263452132,1.9332138766107607,0.7416666666666667
10,3,268,7.980433263452132,2.057454978571387,0.7092013888888888
10,3,269,7.980433263452132,2.395099469147583,0.7433333333333332
10,3,270,7.980433263452132,2.2013934019829655,0.6328647925033468
10,3,271,7.980433263452132,2.2773753158513226,0.8076923076923077
10,3,272,7.980433263452132,2.5518538211172235,0.7438271604938271
10,3,273,7.980433263452132,2.4587368840723043,0.6323099415204678
10,3,274,7.980433263452132,2.3381978261592353,0.8151515151515152
10,4,1,1.1023391812865497,0.8113772979037208,0.6111111111111112
10,4,2,1.2380952380952381,0.8944267186335131,0.6944444444444444
10,4,3,4.777402446126965,0.9889286911368241,0.6111111111111112
10,4,4,4.777402446126965,1.0799582344301728,0.6944444444444444
10,4,5,4.777402446126965,1.1303140662760665,0.6944444444444444
10,4,6,4.777402446126965,1.2211859874280029,0.6111111111111112
10,4,7,4.777402446126965,1.1239048549451578,0.6875
10,4,8,5.65390924002187,1.2882587663628768,0.6944444444444444
10,4,9,5.65390924002187,1.4757808346198353,0.6944444444444444
10,4,10,5.718732314657612,1.5424036276020272,0.6944444444444444
10,4,11,5.745614035087719,1.5105026078616524,0.6111111111111112
10,4,12,5.745614035087719,1.535017072220703,0.6944444444444444
10,4,13,5.745614035087719,1.4113769243804288,0.6944444444444444
10,4,14,6.0987933634992455,1.7573246541827858,0.7291666666666665
10,4,15,6.0987933634992455,2.1421237299240588,0.7
10,4,16,6.204881952781113,2.147164673972459,0.625
10,4,17,6.299541093032958,2.2059173472590943,0.7282608695652173
10,4,18,6.319148936170213,2.6312172171470865,0.7222222222222223
10,4,19,6.383760683760684,2.3801015217339136,0.71875
10,4,20,6.4222222222222225,2.3570528607364842,0.7777777777777777
10,4,21,6.496422182468694,2.371168352540276,0.71875
10,4,22,6.496422182468694,2.1205691308942276,0.71875
10,4,23,7.114285714285714,2.5870129438297442,0.7160110420979986
10,4,24,7.114285714285714,2.819308770710389,0.7777777777777777
10,4,25,7.303030303030303,3.2106907603761896,0.7236842105263159
10,4,26,7.516129032258065,3.3034946957953797,0.7361111111111112
10,4,27,7.516129032258065,2.9642809667489756,0.7896825396825398
10,4,28,7.516129032258065,3.1099478215573306,0.7777777777777777
10,4,29,7.516129032258065,2.883482149476525,0.7205882352941178
10,4,30,7.516129032258065,3.0937862119512185,0.7361111111111112
10,4,31,7.758620689655173,3.5157136250542753,0.7896825396825398
10,4,32,7.758620689655173,3.530061356051839,0.7072968490878937
10,4,33,7.758620689655173,3.6814968765113747,0.734375
10,4,34,7.758620689655173,3.8362497581991977,0.7052730696798495
10,4,35,7.758620689655173,4.513260326171397,0.734375
10,4,36,7.758620689655173,4.617195849691608,0.6944444444444444
10,4,37,8.73913043478261,3.8455293097026697,0.7361111111111112
10,4,38,8.73913043478261,3.369980540928575,0.7361111111111112
10,4,39,8.73913043478261,4.546232913772953,0.6944444444444444
10,4,40,8.73913043478261,4.674390772437932,0.6944444444444444
10,4,41,8.73913043478261,4.21089534506936,0.7896825396825398
10,4,42,8.73913043478261,3.902832657914356,0.6111111111111112
10,4,43,8.73913043478261,5.018736392478,0.6111111111111112
10,4,44,9.19047619047619,4.824169816852825,0.6111111111111112
10,4,45,9.19047619047619,4.0990269104843495,0.6944444444444444
10,4,46,9.19047619047619,3.389544842347592,0.6944444444444444
10,4,47,9.19047619047619,3.9434441287642685,0.7986111111111112
10,4,48,9.19047619047619,4.991073754258481,0.7361111111111112
10,4,49,9.19047619047619,5.663763535409093,0.7361111111111112
10,4,50,9.19047619047619,4.959304031497649,0.6944444444444444
10,4,51,9.19047619047619,4.717116296299219,0.7166666666666668
10,4,52,9.19047619047619,4.886114148962726,0.7205882352941178
10,4,53,9.19047619047619,3.4209232450972014,0.6111111111111112
10,4,54,9.19047619047619,4.122318152283699,0.6111111111111112
10,4,55,9.19047619047619,4.359925204387059,0.6944444444444444
10,4,56,9.19047619047619,4.948095001142171,0.6944444444444444
10,4,57,9.19047619047619,6.139124573987923,0.6111111111111112
10,4,58,9.19047619047619,4.472254836709568,0.6944444444444444
10,4,59,9.19047619047619,4.991266123612806,0.7361111111111112
10,4,60,9.19047619047619,3.8011235521992592,0.6111111111111112
10,4,61,9.19047619047619,4.364785654935901,0.7611111111111111
10,4,62,9.19047619047619,3.92806482054082,0.6111111111111112
10,4,63,9.19047619047619,3.730893706746852,0.7361111111111112
10,4,64,9.19047619047619,4.681769647864992,0.7611111111111111
10,4,65,9.19047619047619,4.480477344720832,0.6944444444444444
10,4,66,9.19047619047619,5.438452953422311,0.6944444444444444
10,4,67,9.19047619047619,5.015691241846938,0.6944444444444444
10,4,68,9.19047619047619,6.106347801884868,0.6111111111111112
10,4,69,9.19047619047619,5.652679161937443,0.6111111111111112
10,4,70,9.19047619047619,5.109350693154142,0.6944444444444444
10,4,71,9.19047619047619,5.48766514883069,0.7611111111111111
10,4,72,9.19047619047619,4.064387648720896,0.6111111111111112
10,4,73,9.19047619047619,3.710984911652596,0.6111111111111112
10,4,74,9.19047619047619,4.9818217191991,0.6111111111111112
10,4,75,9.19047619047619,5.370807270225349,0.6944444444444444
10,4,76,9.19047619047619,4.139696753900431,0.6111111111111112
10,4,77,9.19047619047619,4.082259832822911,0.6111111111111112
10,4,78,9.19047619047619,4.369169018803078,0.7361111111111112
10,4,79,9.19047619047619,4.215161576211406,0.6111111111111112
10,4,80,9.19047619047619,4.61509514705706,0.7896825396825398
10,4,81,9.19047619047619,3.8087720536313667,0.6944444444444444
10,4,82,9.19047619047619,3.9291494168137935,0.6944444444444444
10,4,83,9.19047619047619,4.705251849809996,0.6944444444444444
10,4,84,9.19047619047619,5.474728256360691,0.7611111111111111
10,4,85,9.19047619047619,5.526834761286763,0.6111111111111112
10,4,86,9.19047619047619,5.783059320353897,0.6944444444444444
10,4,87,9.19047619047619,4.796103573682142,0.7361111111111112
10,4,88,9.19047619047619,5.021061334688103,0.6111111111111112
10,4,89,9.19047619047619,4.984375738641561,0.6944444444444444
10,4,90,9.19047619047619,5.278506369229295,0.6944444444444444
10,4,91,9.19047619047619,4.276583194261454,0.6111111111111112
10,4,92,9.19047619047619,4.5051232731850686,0.6944444444444444
10,4,93,9.19047619047619,4.4739328736242605,0.6111111111111112
10,4,94,9.19047619047619,5.056648655011729,0.6111111111111112
10,4,95,9.19047619047619,4.755745061199573,0.6944444444444444
10,4,96,9.19047619047619,2.4800123138138237,0.6111111111111112
10,4,97,9.19047619047619,3.6991301294421355,0.6111111111111112
10,4,98,9.19047619047619,3.929032879799089,0.7611111111111111
10,4,99,9.19047619047619,5.08840383085145,0.6944444444444444
10,4,100,9.19047619047619,4.1028270680742995,0.6111111111111112
10,4,101,9.19047619047619,4.766996389654668,0.6111111111111112
10,4,102,9.19047619047619,4.774897873449668,0.6944444444444444
10,4,103,9.19047619047619,4.62986331678491,0.6111111111111112
10,4,104,9.19047619047619,5.007042533007135,0.6944444444444444
10,4,105,9.19047619047619,4.4426637288572275,0.6944444444444444
10,4,106,9.19047619047619,4.594243440855555,0.6944444444444444
10,4,107,9.19047619047619,4.500472654225777,0.6111111111111112
10,4,108,9.19047619047619,5.009727096547339,0.6111111111111112
10,4,109,9.19047619047619,5.405175772564392,0.6944444444444444
10,4,110,9.19047619047619,5.05613434939102,0.6944444444444444
10,4,111,9.19047619047619,5.345349633148371,0.6944444444444444
10,4,112,9.19047619047619,4.528784949129097,0.6944444444444444
10,4,113,9.19047619047619,4.957111854372276,0.6111111111111112
10,4,114,9.19047619047619,5.039883843994508,0.7361111111111112
10,4,115,9.736842105263158,5.481919575162429,0.6944444444444444
10,4,116,9.736842105263158,4.918852253286717,0.6111111111111112
10,4,117,9.736842105263158,5.285966855965704,0.6944444444444444
10,4,118,9.736842105263158,4.683130546092574,0.6944444444444444
10,4,119,9.736842105263158,4.462445555116989,0.6944444444444444
10,4,120,9.736842105263158,5.068271900840563,0.6111111111111112
10,4,121,9.736842105263158,6.064263857752296,0.7361111111111112
10,4,122,9.736842105263158,6.273924326423642,0.6944444444444444
10,4,123,9.736842105263158,6.420282712837636,0.7777777777777777
10,4,124,9.736842105263158,6.101985929258377,0.7361111111111112
10,4,125,9.736842105263158,5.5505841243467104,0.6944444444444444
10,4,126,9.736842105263158,5.015032378802752,0.6111111111111112
10,4,127,9.736842105263158,5.1614373068397095,0.6944444444444444
10,4,128,9.736842105263158,5.05647965220594,0.6111111111111112
10,4,129,9.736842105263158,5.920182550697162,0.6111111111111112
10,4,130,9.736842105263158,6.467713951547179,0.6944444444444444
10,4,131,9.736842105263158,6.211153627233433,0.6111111111111112
10,4,132,9.736842105263158,5.384564662974961,0.6944444444444444
10,4,133,9.736842105263158,6.284990108783636,0.7777777777777777
10,4,134,9.736842105263158,6.135424622574741,0.6111111111111112
10,4,135,9.736842105263158,6.466778349104447,0.7777777777777777
10,4,136,9.736842105263158,7.026629966842213,0.6944444444444444
10,4,137,9.736842105263158,5.56891064557529,0.6944444444444444
10,4,138,9.736842105263158,5.34069078053994,0.6944444444444444
10,4,139,9.736842105263158,5.746866362552352,0.6111111111111112
10,4,140,9.736842105263158,6.2766944029420495,0.6111111111111112
10,4,141,9.736842105263158,5.864629473046235,0.6944444444444444
10,4,142,9.736842105263158,4.740139463905025,0.6944444444444444
10,4,143,9.736842105263158,5.611590133563359,0.6944444444444444
10,4,144,9.736842105263158,6.024597885577782,0.6111111111111112
10,4,145,9.736842105263158,6.755885243710142,0.6111111111111112
10,4,146,9.736842105263158,6.250935366319103,0.7777777777777777
10,4,147,9.736842105263158,6.908706195704643,0.6111111111111112
10,4,148,9.736842105263158,6.063635812960435,0.7777777777777777
10,4,149,9.736842105263158,5.726539180555833,0.6944444444444444
10,4,150,9.736842105263158,5.658829934412917,0.6111111111111112
10,4,151,9.736842105263158,5.948827947711496,0.6111111111111112
10,4,152,9.736842105263158,6.226541542316925,0.6111111111111112
10,4,153,9.736842105263158,5.717871807308529,0.6111111111111112
10,4,154,9.736842105263158,6.271528065510738,0.6111111111111112
10,4,155,9.736842105263158,6.023256045505358,0.6111111111111112
10,4,156,9.736842105263158,5.51997221223348,0.6111111111111112
10,4,157,9.736842105263158,6.547853255008634,0.6944444444444444
10,4,158,9.736842105263158,6.306173929078206,0.6944444444444444
10,4,159,9.736842105263158,5.664506455280599,0.6111111111111112
10,4,160,9.736842105263158,4.922226924839121,0.6944444444444444
10,4,161,9.736842105263158,4.495723297466023,0.6944444444444444
10,4,162,9.736842105263158,5.05933533060931,0.6111111111111112
10,4,163,9.736842105263158,5.8190826959526385,0.6944444444444444
10,4,164,9.736842105263158,5.80235081372948,0.6944444444444444
10,4,165,9.736842105263158,5.135154156443885,0.7611111111111111
10,4,166,9.736842105263158,4.463539754822304,0.6944444444444444
10,4,167,9.736842105263158,2.4747338467138835,0.7321428571428572
10,4,168,9.736842105263158,3.5651901382212285,0.6111111111111112
10,4,169,9.736842105263158,3.2357974783003067,0.7611111111111111
10,4,170,9.736842105263158,3.7252449118573794,0.6944444444444444
10,4,171,9.736842105263158,4.902682511346186,0.7777777777777777
10,4,172,9.736842105263158,5.528167955684593,0.7361111111111112
10,4,173,9.736842105263158,6.22757966018369,0.6944444444444444
10,4,174,9.736842105263158,5.73573047698377,0.7361111111111112
10,4,175,9.736842105263158,6.246329619681109,0.7611111111111111
10,4,176,9.736842105263158,5.681781380745074,0.6944444444444444
10,4,177,9.736842105263158,6.1464991862193274,0.6111111111111112
10,4,178,9.736842105263158,5.466531216877139,0.6111111111111112
10,4,179,9.736842105263158,4.786417792474916,0.6111111111111112
10,4,180,9.736842105263158,6.171447825884835,0.6944444444444444
10,4,181,9.736842105263158,7.175035105852292,0.7777777777777777
10,4,182,9.736842105263158,5.519287693456935,0.6111111111111112
10,4,183,9.736842105263158,5.635194842429923,0.6944444444444444
10,4,184,9.736842105263158,4.445682199180117,0.6944444444444444
10,4,185,9.736842105263158,5.4023673786363045,0.6111111111111112
10,4,186,9.736842105263158,6.0569704603873324,0.6944444444444444
10,4,187,9.736842105263158,5.556770547228015,0.6111111111111112
10,4,188,9.736842105263158,5.807174454664327,0.6111111111111112
10,4,189,9.736842105263158,6.7438413876660865,0.6111111111111112
10,4,190,9.736842105263158,6.037239485512449,0.6111111111111112
10,4,191,9.736842105263158,5.352000763508625,0.6111111111111112
10,4,192,9.736842105263158,4.7842329863455175,0.6944444444444444
10,4,193,9.736842105263158,5.654781045059923,0.6111111111111112
10,4,194,9.736842105263158,6.146581769019318,0.6111111111111112
10,4,195,9.736842105263158,6.403696700798988,0.7777777777777777
10,4,196,9.736842105263158,6.798063142999288,0.6944444444444444
10,4,197,9.736842105263158,5.503937953497049,0.6944444444444444
10,4,198,9.736842105263158,4.718091729960956,0.6111111111111112
10,4,199,9.736842105263158,6.278117399646477,0.7986111111111112
10,4,200,9.736842105263158,5.690679428342263,0.6944444444444444
10,4,201,9.736842105263158,4.883440551619768,0.6944444444444444
10,4,202,9.736842105263158,4.649086616105881,0.7777777777777777
10,4,203,9.736842105263158,4.6250194807997715,0.6111111111111112
10,4,204,9.736842105263158,4.7215967318994805,0.6944444444444444
10,4,205,9.736842105263158,5.668445256171339,0.7611111111111111
10,4,206,9.736842105263158,5.142599499197728,0.7777777777777777
10,4,207,9.736842105263158,5.66361032258568,0.6944444444444444
10,4,208,9.736842105263158,5.252005828824975,0.6944444444444444
10,4,209,9.736842105263158,5.2630142581552,0.7361111111111112
10,4,210,9.736842105263158,5.976251051274159,0.6944444444444444
10,4,211,9.736842105263158,5.501014647932103,0.6944444444444444
10,4,212,9.736842105263158,5.206140189738648,0.7361111111111112
10,4,213,9.736842105263158,5.292374571247072,0.7361111111111112
10,4,214,9.736842105263158,5.539432620290009,0.6111111111111112
10,4,215,9.736842105263158,5.967387825556686,0.6111111111111112
10,4,216,9.736842105263158,6.044249527268831,0.6944444444444444
10,4,217,9.736842105263158,5.26957155688832,0.7361111111111112
10,4,218,9.736842105263158,2.9970233064220504,0.7361111111111112
10,4,219,9.736842105263158,3.6081143008783534,0.6111111111111112
10,4,220,9.736842105263158,5.97481548300864,0.6944444444444444
10,4,221,9.736842105263158,6.4211628934379075,0.6944444444444444
10,4,222,9.736842105263158,4.857348301550135,0.6111111111111112
10,4,223,9.736842105263158,5.510944639352935,0.6111111111111112
10,4,224,9.736842105263158,6.074799949765278,0.6944444444444444
10,4,225,9.736842105263158,5.648346547748381,0.7777777777777777
10,4,226,9.736842105263158,6.035918752118299,0.6111111111111112
10,4,227,9.736842105263158,5.882660973483266,0.6944444444444444
10,4,228,9.736842105263158,6.575469173809088,0.6944444444444444
10,4,229,9.736842105263158,6.293343191536425,0.6111111111111112
10,4,230,9.736842105263158,5.813910432293186,0.6111111111111112
10,4,231,9.736842105263158,6.175276632044692,0.7611111111111111
10,4,232,9.736842105263158,6.5091330865539065,0.6944444444444444
10,4,233,9.736842105263158,6.309022258368069,0.6944444444444444
10,4,234,9.736842105263158,5.8978009942275404,0.6111111111111112
10,4,235,9.736842105263158,5.43248607538692,0.6944444444444444
10,4,236,9.736842105263158,5.592174596531168,0.6111111111111112
10,4,237,9.736842105263158,4.8941601588597035,0.6111111111111112
10,4,238,9.736842105263158,4.299205754276235,0.6111111111111112
10,4,239,9.736842105263158,4.634338325061667,0.7361111111111112
10,4,240,9.736842105263158,5.58574859476285,0.6944444444444444
10,4,241,9.736842105263158,6.079588797181824,0.6944444444444444
10,4,242,9.736842105263158,5.815138279401977,0.6944444444444444
10,4,243,9.736842105263158,5.385683906757627,0.6944444444444444
10,4,244,9.736842105263158,6.009026009386281,0.7777777777777777
10,4,245,9.736842105263158,5.667188510960381,0.6111111111111112
10,4,246,9.736842105263158,4.962107892159216,0.6111111111111112
10,4,247,9.736842105263158,4.2740425411563265,0.6944444444444444
10,4,248,9.736842105263158,6.093200460184587,0.7777777777777777
10,4,249,9.736842105263158,5.827634145184529,0.7777777777777777
10,4,250,9.736842105263158,5.905757708813917,0.6111111111111112
10,4,251,9.736842105263158,5.037779615010091,0.6944444444444444
10,4,252,9.736842105263158,4.436866253849456,0.6111111111111112
10,4,253,9.736842105263158,4.421070795076308,0.6944444444444444
10,4,254,9.736842105263158,5.746529316050803,0.6111111111111112
10,4,255,9.736842105263158,5.196419847352973,0.6944444444444444
10,4,256,9.736842105263158,5.374658707576618,0.7361111111111112
10,4,257,9.736842105263158,6.062414303095649,0.6944444444444444
10,4,258,9.736842105263158,4.443559671474715,0.6899641577060933
10,4,259,9.736842105263158,4.3324244360030715,0.6944444444444444
10,4,260,9.736842105263158,4.745261444030826,0.6111111111111112
10,4,261,9.736842105263158,5.1524654661543074,0.7361111111111112
10,4,262,9.736842105263158,5.404311379920777,0.6944444444444444
10,4,263,9.736842105263158,5.241926294576892,0.6111111111111112
10,4,264,9.736842105263158,5.308067687567115,0.6111111111111112
10,4,265,9.736842105263158,5.381220496212954,0.6944444444444444
10,4,266,9.736842105263158,6.6184633299882,0.6111111111111112
10,4,267,9.736842105263158,5.6807143218637215,0.6944444444444444
10,4,268,9.736842105263158,5.528077427980804,0.7361111111111112
10,5,1,1.1888888888888889,0.8656524290731352,0.6666666666666667
10,5,2,6.794871794871795,1.1824988668524137,0.6666666666666667
10,5,3,7.114285714285714,1.4979802404648823,0.75
10,5,4,7.114285714285714,2.2007585246321515,0.7556689342403629
10,5,5,7.114285714285714,2.4837323621211405,0.7878787878787881
10,5,6,7.114285714285714,2.529155349482554,0.7777777777777777
10,5,7,7.303030303030303,2.504606828526073,0.7489898989898989
10,5,8,8.037037037037038,3.656264410092534,0.7833333333333332
10,5,9,8.037037037037038,3.892701741787766,0.8083333333333333
10,5,10,8.36,4.6406548812184845,0.8115942028985508
10,5,11,9.19047619047619,4.7884434906226305,0.8115942028985508
10,5,12,9.19047619047619,4.348889306177544,0.8055555555555556
10,5,13,9.19047619047619,4.435612446548725,0.7777777777777777
10,5,14,9.19047619047619,4.742178097288175,0.6869256474519632
10,5,15,9.19047619047619,4.903979664724344,0.7976190476190477
10,5,16,9.19047619047619,5.341493865934864,0.758274231678487
10,5,17,9.19047619047619,5.844040999847964,0.8
10,5,18,9.19047619047619,6.2816794709590225,0.8020833333333335
10,5,19,9.736842105263158,6.311747987157248,0.8020833333333335
10,5,20,9.736842105263158,5.93316469237723,0.803921568627451
10,5,21,9.736842105263158,5.183324020968139,0.7916666666666667
10,5,22,9.736842105263158,5.614660406008498,0.7601378751013788
10,5,23,9.736842105263158,6.226368995669279,0.7777777777777777
10,5,24,9.736842105263158,6.224786471248595,0.7740904621435594
10,5,25,9.736842105263158,5.465124457335609,0.7708333333333335
10,5,26,9.736842105263158,6.233120371053067,0.7833333333333332
10,5,27,9.736842105263158,5.556621098159966,0.8020833333333335
10,5,28,9.736842105263158,6.014460055810691,0.7944444444444445
10,5,29,9.736842105263158,5.140488059792696,0.7619047619047619
10,5,30,9.736842105263158,6.569318175706666,0.7976190476190477
10,5,31,9.736842105263158,6.812724725103106,0.8
10,5,32,9.736842105263158,6.565567369526804,0.7916666666666667
10,5,33,9.736842105263158,6.579878727766499,0.7708333333333335
10,5,34,9.736842105263158,5.745453321714837,0.8020833333333335
10,5,35,9.736842105263158,5.320334092731242,0.7777777777777777
10,5,36,9.736842105263158,6.209586727373516,0.7878787878787881
10,5,37,9.736842105263158,6.510238507248497,0.7976190476190477
10,5,38,9.736842105263158,6.210259583247668,0.7708333333333335
10,5,39,9.736842105263158,5.747381883371606,0.7916666666666667
10,5,40,9.736842105263158,6.477701067641451,0.7948717948717949
10,5,41,9.736842105263158,5.574187731026905,0.7708333333333335
10,5,42,9.736842105263158,5.730780373464756,0.8
10,5,43,9.736842105263158,6.110869885879615,0.8
10,5,44,9.736842105263158,5.762981218957095,0.7976190476190477
10,5,45,9.736842105263158,6.474596006066577,0.7916666666666667
10,5,46,9.736842105263158,6.813506636433531,0.7916666666666667
10,5,47,9.736842105263158,6.263304452992105,0.7916666666666667
10,5,48,9.736842105263158,5.73674609469323,0.7619047619047619
10,5,49,9.736842105263158,5.73321755995401,0.7777777777777777
10,5,50,9.736842105263158,6.997816515424837,0.7631467345207803
10,5,51,9.736842105263158,6.0197854437332765,0.8020833333333335
10,5,52,9.736842105263158,6.098655654706342,0.6820987654320987
10,5,53,10.411764705882353,5.863889238651051,0.7833333333333332
10,5,54,10.411764705882353,5.516524727606692,0.7777777777777777
10,5,55,10.411764705882353,5.486503717579509,0.7621136173767753
10,5,56,10.411764705882353,7.1873654906558215,0.6666666666666667
10,5,57,10.411764705882353,5.908385120490636,0.7976190476190477
10,5,58,10.411764705882353,7.380775952302828,0.8020833333333335
10,5,59,10.411764705882353,7.432164149278966,0.8
10,5,60,10.411764705882353,5.965639559513007,0.7333333333333334
10,5,61,10.411764705882353,6.144186263546624,0.6799516908212562
10,5,62,10.411764705882353,5.758858630814635,0.687352245862884
10,5,63,10.411764705882353,6.72486414390245,0.7976190476190477
10,5,64,10.411764705882353,6.709158168634547,0.7833333333333332
10,5,65,10.411764705882353,6.6123571102424945,0.7083333333333335
10,5,66,10.411764705882353,7.112596467691049,0.7611111111111111
10,5,67,10.411764705882353,6.6523107271595165,0.8
10,5,68,10.411764705882353,6.6219592940458,0.8083333333333333
10,5,69,10.411764705882353,6.162281017552755,0.6829501915708813
10,5,70,10.411764705882353,6.497948033133305,0.803921568627451
10,5,71,10.411764705882353,6.24513435479833,0.8106060606060606
10,5,72,10.411764705882353,6.560770155690745,0.8020833333333335
10,5,73,10.411764705882353,6.572535250083895,0.8
10,5,74,10.411764705882353,7.745541640901216,0.7948717948717949
10,5,75,10.411764705882353,6.7171756068789525,0.8020833333333335
10,5,76,10.411764705882353,6.838557192485921,0.7333333333333334
10,5,77,10.411764705882353,6.5420682838858655,0.8055555555555556
10,5,78,11.266666666666667,6.500540087067742,0.8070175438596492
10,5,79,11.266666666666667,6.253971324372835,0.6666666666666667
10,5,80,11.266666666666667,6.421539212070712,0.8083333333333333
10,5,81,11.266666666666667,6.602096609627223,0.8055555555555556
10,5,82,11.266666666666667,8.726262913140818,0.8083333333333333
10,5,83,11.266666666666667,8.533340317368864,0.8055555555555556
10,5,84,11.266666666666667,7.416723550441504,0.8
10,5,85,11.266666666666667,7.15443160489663,0.7976190476190477
10,5,86,11.266666666666667,6.914301809861236,0.7948717948717949
10,5,87,11.266666666666667,6.9533364078946,0.7878787878787881
10,5,88,11.266666666666667,7.019733770541071,0.7948717948717949
10,5,89,11.266666666666667,7.558080378752855,0.8367208672086721
10,5,90,11.266666666666667,8.9439476936908,0.8340840840840842
10,5,91,11.266666666666667,8.31667950446212,0.7976190476190477
10,5,92,11.266666666666667,8.537004358200836,0.8388888888888888
10,5,93,11.266666666666667,8.998978871560999,0.8
10,5,94,11.266666666666667,7.217697220853356,0.8
10,5,95,11.266666666666667,8.38525583521569,0.822695035460993
10,5,96,11.266666666666667,7.340773880869156,0.8576388888888888
10,5,97,11.266666666666667,7.117148902409038,0.8106060606060606
10,5,98,11.266666666666667,8.491059644538257,0.8095238095238095
10,5,99,11.266666666666667,8.682786755106314,0.8415032679738561
10,5,100,11.266666666666667,7.9575913819453605,0.7619047619047619
10,5,101,11.266666666666667,7.3997229057633875,0.8531746031746033
10,5,102,11.266666666666667,6.929513879111425,0.8555555555555556
10,5,103,11.266666666666667,6.362102899405379,0.6666666666666667
10,5,104,11.266666666666667,7.920285501316243,0.8680555555555556
10,5,105,11.266666666666667,7.547059307205488,0.840702947845805
10,5,106,11.266666666666667,7.223017597773042,0.803921568627451
10,5,107,11.266666666666667,7.97123954110043,0.8555555555555556
10,5,108,11.266666666666667,7.9938261840964415,0.7916666666666667
10,5,109,11.266666666666667,8.18154060404446,0.7916666666666667
10,5,110,11.266666666666667,8.498871551959073,0.7976190476190477
10,5,111,11.266666666666667,8.269789712316685,0.7083333333333335
10,5,112,11.266666666666667,8.801377077931837,0.8555555555555556
10,5,113,11.266666666666667,8.419721228192326,0.8198198198198199
10,5,114,11.266666666666667,8.554342488489363,0.8133333333333335
10,5,115,11.266666666666667,8.400347267575867,0.8148148148148149
10,5,116,11.266666666666667,7.360801251046967,0.7700746965452847
10,5,117,11.266666666666667,8.061161110100608,0.8125
10,5,118,11.266666666666667,7.923891579984756,0.8288530465949822
10,5,119,11.266666666666667,7.172533986571773,0.840702947845805
10,5,120,11.266666666666667,7.845131562900204,0.8115942028985508
10,5,121,11.266666666666667,8.26887433550363,0.6847357065803668
10,5,122,11.266666666666667,8.059886685906928,0.8531746031746033
10,5,123,11.266666666666667,8.080383110408109,0.6666666666666667
10,5,124,11.266666666666667,7.885594062419061,0.8070175438596492
10,5,125,11.266666666666667,8.12181996970524,0.8531746031746033
10,5,126,11.266666666666667,7.7199989556365916,0.7818230852211434
10,5,127,11.266666666666667,7.911671508282094,0.8671497584541064
10,5,128,11.266666666666667,8.405924874217238,0.8095238095238095
10,5,129,11.266666666666667,7.712426645401705,0.6820987654320987
10,5,130,11.266666666666667,6.074219209465165,0.8115942028985508
10,5,131,11.266666666666667,7.16371776008279,0.7878787878787881
10,5,132,11.266666666666667,7.329495011331699,0.8095238095238095
10,5,133,11.266666666666667,8.332952536860663,0.8141025641025641
10,5,134,11.266666666666667,8.383987926593687,0.925170068027211
10,5,135,11.266666666666667,8.20268528967237,0.6869256474519632
10,5,136,11.266666666666667,8.06375765423984,0.7948717948717949
10,5,137,11.266666666666667,7.587157169014193,0.803921568627451
10,5,138,11.266666666666667,7.718651216373819,0.8083333333333333
10,5,139,11.266666666666667,8.114818272599841,0.8325396825396825
10,5,140,11.266666666666667,7.200581464149188,0.8083333333333333
10,5,141,11.266666666666667,8.19541804906384,0.803921568627451
10,5,142,11.266666666666667,7.686631856278023,0.6834554334554335
10,5,143,11.266666666666667,8.199099068603237,0.7948717948717949
10,5,144,11.266666666666667,8.710636837220893,0.8
10,5,145,11.266666666666667,8.269258319189454,0.8
10,5,146,11.266666666666667,8.45032296096047,0.8503584229390682
10,5,147,11.266666666666667,8.334282673326895,0.8177083333333335
10,5,148,11.266666666666667,8.439310324346833,0.8496168582375478
10,5,149,11.266666666666667,7.909457310043823,0.8217054263565893
10,5,150,11.266666666666667,8.067010460188762,0.8186274509803924
10,5,151,11.266666666666667,7.521035292039265,0.8070175438596492
10,5,152,11.266666666666667,8.373811627875961,0.8250000000000002
10,5,153,11.266666666666667,6.933400694893581,0.7591926458832934
10,5,154,11.266666666666667,6.1540449771163885,0.6748366013071894
10,5,155,11.266666666666667,7.589119599813163,0.6731678486997636
10,5,156,11.266666666666667,7.9101169880898805,0.7833333333333332
10,5,157,11.266666666666667,8.796817600091451,0.8415032679738561
10,5,158,11.266666666666667,7.447355151824678,0.7833333333333332
10,5,159,11.266666666666667,7.738300050779948,0.7916666666666667
10,5,160,11.266666666666667,8.079634467612923,0.8154761904761905
10,5,161,11.266666666666667,8.147628809865765,0.7621136173767753
10,5,162,11.266666666666667,8.33592165701729,0.7777777777777777
10,5,163,11.266666666666667,8.113300675964636,0.8070175438596492
10,5,164,11.266666666666667,7.532226907266784,0.8250000000000002
10,5,165,11.266666666666667,7.731464012538071,0.7700746965452847
10,5,166,11.266666666666667,6.796408989168609,0.7878787878787881
10,5,167,11.266666666666667,7.048851786786839,0.8055555555555556
10,5,168,11.266666666666667,7.986955677355284,0.7916666666666667
10,5,169,11.266666666666667,8.004436338303288,0.803921568627451
10,5,170,11.266666666666667,8.445246323542094,0.803921568627451
10,5,171,11.266666666666667,8.476164159511363,0.8055555555555556
10,5,172,11.266666666666667,7.794695109897165,0.8308080808080809
10,5,173,11.266666666666667,7.42961050696186,0.8190476190476192
10,5,174,11.266666666666667,7.303255496937825,0.8115942028985508
10,5,175,11.266666666666667,7.1510502373193825,0.75
10,5,176,11.266666666666667,7.729547145383553,0.8020833333333335
10,5,177,11.266666666666667,8.348832418095053,0.7948717948717949
10,5,178,11.266666666666667,7.666851914812553,0.7833333333333332
10,5,179,11.266666666666667,8.898122981679132,0.7916666666666667
10,5,180,11.266666666666667,8.445733715798063,0.803921568627451
10,5,181,11.266666666666667,7.218750160343699,0.6790598290598291
10,5,182,11.266666666666667,8.194340288191519,0.8115942028985508
10,5,183,11.266666666666667,8.545053800502963,0.8201754385964912
10,5,184,11.266666666666667,8.355167006835629,0.827450980392157
10,5,185,11.266666666666667,9.223210305991701,0.8186274509803924
10,5,186,11.266666666666667,8.076445061777912,0.8531746031746033
10,5,187,11.266666666666667,8.459705500020931,0.8125
10,5,188,11.266666666666667,8.05994998168193,0.7708333333333335
10,5,189,11.266666666666667,8.805957312435787,0.8141025641025641
10,5,190,11.266666666666667,8.023002178531224,0.8504273504273505
10,5,191,11.266666666666667,8.647773804864817,0.8177083333333335
10,5,192,11.266666666666667,8.986313855593927,0.8160919540229885
10,5,193,11.266666666666667,8.538217012700196,0.8181818181818183
10,5,194,11.266666666666667,9.238995624198616,0.925170068027211
10,5,195,11.266666666666667,8.022495573298889,0.8115942028985508
10,5,196,11.266666666666667,7.307686296003866,0.8020833333333335
10,5,197,11.266666666666667,8.036989060543142,0.8
10,5,198,11.266666666666667,8.568142999868304,0.8
10,5,199,11.266666666666667,7.829078359563962,0.8504273504273505
10,5,200,11.266666666666667,7.197438439428465,0.7916666666666667
10,5,201,11.266666666666667,7.555927976791323,0.8472222222222223
10,5,202,11.266666666666667,8.337688182003678,0.7976190476190477
10,5,203,11.266666666666667,8.557988718906891,0.803921568627451
10,5,204,11.266666666666667,8.847090031516666,0.8194444444444446
10,5,205,11.266666666666667,7.948330392611639,0.8
10,5,206,11.266666666666667,8.17841898165151,0.8070175438596492
10,5,207,11.266666666666667,8.031245711906108,0.8133333333333335
10,5,208,11.266666666666667,9.233818220803261,0.672222222222222
10,5,209,11.266666666666667,8.135684112719707,0.8095238095238095
10,5,210,11.266666666666667,8.594151005003333,0.6688034188034186
10,5,211,11.266666666666667,8.57650912368094,0.8378552971576227
10,5,212,11.266666666666667,8.662103510021254,0.7948717948717949
10,5,213,11.266666666666667,8.430211057606405,0.8501221001221002
10,5,214,11.266666666666667,7.490043382717646,0.8070175438596492
10,5,215,11.266666666666667,7.306571891413672,0.7833333333333332
10,5,216,11.266666666666667,7.4366930160540585,0.7833333333333332
10,5,217,11.266666666666667,8.125312391639861,0.7777777777777777
10,5,218,11.266666666666667,8.058757604325445,0.7916666666666667
10,5,219,11.266666666666667,8.544348073271966,0.8531746031746033
10,5,220,11.266666666666667,8.167000984853168,0.8115942028985508
10,5,221,11.266666666666667,8.30711148861793,0.803921568627451
10,5,222,11.266666666666667,8.552838022049453,0.8190476190476192
10,5,223,11.266666666666667,8.276680478739047,0.8125
10,5,224,11.266666666666667,6.930164522238667,0.803921568627451
10,5,225,11.266666666666667,7.561445167901245,0.7833333333333332
10,5,226,11.266666666666667,7.234118844565814,0.75
10,5,227,11.266666666666667,8.474676966272051,0.7878787878787881
10,5,228,11.266666666666667,7.130899180660253,0.7948717948717949
10,5,229,11.266666666666667,8.018155655427163,0.7333333333333334
10,5,230,11.266666666666667,8.14772355063345,0.7916666666666667
10,5,231,11.266666666666667,7.241948746390659,0.7948717948717949
15,1,1,0.9373376623376624,0.7883251328587343,0
15,1,2,0.9408105939004816,0.8241130329767427,0.7233709273182958
15,1,3,0.9866359447004609,0.8382709181706136,0.7235221674876848
15,1,4,1.0126050420168067,0.8454795938651642,0.6179197994987469
15,1,5,1.0126050420168067,0.8785316183911004,0.7987170596393898
15,1,6,1.0126050420168067,0.8394343277521874,0.3818553459119498
15,1,7,1.0126050420168067,0.8498776359898144,0.7243303571428572
15,1,8,1.013592750533049,0.8752131229302087,0.7779503105590062
15,1,9,1.013592750533049,0.8820402804307331,0.7989417989417991
15,1,10,1.0167410714285714,0.8763745888988975,0.7916666666666667
15,1,11,1.0178571428571428,0.8856669189404172,0.7215045592705167
15,1,12,1.0178571428571428,0.8948946568409455,0.7547619047619047
15,1,13,1.0240147783251232,0.8849377533252202,0.720514950166113
15,1,14,1.0240147783251232,0.8882418445014877,0.7843915343915344
15,1,15,1.0240147783251232,0.8863501385201605,0.8018207282913163
15,1,16,1.0240147783251232,0.8852396733035832,0.7891705069124424
15,1,17,1.025375939849624,0.8951940047116581,0.7814285714285714
15,1,18,1.0421732522796352,0.8809039966585991,0.7922077922077921
15,1,19,1.0442546583850931,0.8939178849307915,0.7955069124423964
15,1,20,1.0442546583850931,0.8964400254230576,0.7919435215946844
15,1,21,1.0464285714285715,0.9032048917985992,0.7956349206349207
15,1,22,1.0589285714285714,0.8798259657426597,0.7246801705756929
15,1,23,1.0589285714285714,0.894253567098303,0.7941374663072778
15,1,24,1.0618131868131868,0.9190288535304145,0.7956349206349207
15,1,25,1.0618131868131868,0.9072914402643328,0.7929331306990881
15,1,26,1.0618131868131868,0.9110660366682682,0.7547619047619047
15,1,27,1.0618131868131868,0.9120428352487545,0.768796992481203
15,1,28,1.0618131868131868,0.8913172473579778,0.7305194805194803
15,1,29,1.0618131868131868,0.90509947272012,0.7928571428571427
15,1,30,1.0618131868131868,0.9197849953592606,0.7941374663072778
15,1,31,1.0648496240601504,0.9089231023500325,0.7944015444015444
15,1,32,1.0648496240601504,0.9102901392336432,0.7911255411255411
15,1,33,1.0648496240601504,0.9160978095142904,0.7928571428571427
15,1,34,1.0714285714285714,0.9054271909606543,0.7869458128078817
15,1,35,1.0714285714285714,0.9053750133040733,0.7891705069124424
15,1,36,1.0714285714285714,0.9373344054595413,0.49814988290398127
15,1,37,1.0714285714285714,0.9215537742175638,0.7957875457875456
15,1,38,1.075,0.933255597722231,0.7814285714285714
15,1,39,1.075,0.9210484903700937,0.7944015444015444
15,1,40,1.075,0.9089602003087209,0.7843915343915344
15,1,41,1.075,0.8941256242518874,0.2717316017316017
15,1,42,1.075,0.9177583199211168,0.7928571428571427
15,1,43,1.075,0.9420883844640636,0.798172757475083
15,1,44,1.0827922077922079,0.9564476376585546,0.7843915343915344
15,1,45,1.0827922077922079,0.9711238546128865,0.7944015444015444
15,1,46,1.0827922077922079,0.9569750135484658,0.7928571428571427
15,1,47,1.0827922077922079,0.980470675629027,0.7944015444015444
15,1,48,1.0827922077922079,0.9443482594056863,0.7928571428571427
15,1,49,1.0827922077922079,0.9585250955665436,0.7891705069124424
15,1,50,1.0827922077922079,0.924736753868698,0.7814285714285714
15,1,51,1.0827922077922079,0.91137686637667,0.7891705069124424
15,1,52,1.0827922077922079,0.8966807462603004,0.7869458128078817
15,1,53,1.0827922077922079,0.9285047624552867,0.793956043956044
15,1,54,1.0827922077922079,0.9183982829712092,0.7911255411255411
15,1,55,1.0827922077922079,0.9160051870274907,0.7911255411255411
15,1,56,1.0827922077922079,0.9263654458269651,0.7869458128078817
15,1,57,1.0827922077922079,0.9287140792618519,0.7239461358313817
15,1,58,1.0827922077922079,0.9299158971617646,0.7843915343915344
15,1,59,1.0827922077922079,0.9248431858061692,0.7911255411255411
15,1,60,1.0870535714285714,0.9284791302281181,0.7944015444015444
15,1,61,1.0870535714285714,0.9205250683326998,0.768796992481203
15,1,62,1.0870535714285714,0.9210592723444865,0.7891705069124424
15,1,63,1.0870535714285714,0.9004320093691734,0.7891705069124424
15,1,64,1.0870535714285714,0.9197837015424477,0.7395168067226892
15,1,65,1.0870535714285714,0.9111719888401362,0.7891705069124424
15,1,66,1.0870535714285714,0.9304653326267902,0.7891705069124424
15,1,67,1.0870535714285714,0.9187574762630054,0.7869458128078817
15,1,68,1.0870535714285714,0.9304845221068089,0.7891705069124424
15,1,69,1.0870535714285714,0.9074699255951885,0.7869458128078817
15,1,70,1.0870535714285714,0.9163121453856954,0.7891705069124424
15,1,71,1.0870535714285714,0.8851824326135851,0.7228835978835979
15,1,72,1.0870535714285714,0.902363055918314,0.7970383275261324
15,1,73,1.0870535714285714,0.9020933366757123,0.7928571428571427
15,1,74,1.0870535714285714,0.9065194755620416,0.7891705069124424
15,1,75,1.0870535714285714,0.8971238839686531,0.7928571428571427
15,1,76,1.0870535714285714,0.9005456468337849,0.7911255411255411
15,1,77,1.0870535714285714,0.8944855307890159,0.7891705069124424
15,1,78,1.0870535714285714,0.9291013661210862,0.7869458128078817
15,1,79,1.0870535714285714,0.9107680925562758,0.7869458128078817
15,1,80,1.0870535714285714,0.9107878327732167,0.7911255411255411
15,1,81,1.0870535714285714,0.9349076919655391,0.7814285714285714
15,1,82,1.0870535714285714,0.9251483457590246,0.7843915343915344
15,1,83,1.0870535714285714,0.903299841497817,0.7957875457875456
15,1,84,1.0870535714285714,0.9407639786388637,0.7928571428571427
15,1,85,1.0870535714285714,0.9178585020764823,0.7869458128078817
15,1,86,1.0870535714285714,0.9332850475240771,0.7843915343915344
15,1,87,1.0870535714285714,0.9227400231678855,0.7843915343915344
15,1,88,1.0915898617511521,0.9172950031622742,0.7956349206349207
15,1,89,1.0915898617511521,0.9006423849321472,0.7891705069124424
15,1,90,1.0915898617511521,0.911554254968614,0.7891705069124424
15,1,91,1.0915898617511521,0.9192892439165979,0.7957875457875456
15,1,92,1.0915898617511521,0.8927499886896395,0.7869458128078817
15,1,93,1.0915898617511521,0.9090480572785579,0.7944015444015444
15,1,94,1.0964285714285713,0.9277105862275118,0.798172757475083
15,1,95,1.0964285714285713,0.8916145279079444,0.45603448275862063
15,1,96,1.0964285714285713,0.9257444333159203,0.7738095238095237
15,1,97,1.0964285714285713,0.9096703150543952,0.7911255411255411
15,1,98,1.0964285714285713,0.9206615557468686,0.7869458128078817
15,1,99,1.0964285714285713,0.8968252183830181,0.7814285714285714
15,1,100,1.0964285714285713,0.9218989212245567,0.7869458128078817
15,1,101,1.0964285714285713,0.9029378708224409,0.7869458128078817
15,1,102,1.0964285714285713,0.9234691919898763,0.7891705069124424
15,1,103,1.0964285714285713,0.9048861201457137,0.7843915343915344
15,1,104,1.0964285714285713,0.9060917801826562,0.7814285714285714
15,1,105,1.0964285714285713,0.9274987228072638,0.7928571428571427
15,1,106,1.0964285714285713,0.9429603384391535,0.7911255411255411
15,1,107,1.0964285714285713,0.9280085653908009,0.7869458128078817
15,1,108,1.0964285714285713,0.9135846195256001,0.7814285714285714
15,1,109,1.0964285714285713,0.913612635208029,0.7891705069124424
15,1,110,1.0964285714285713,0.9217605872950589,0.7891705069124424
15,1,111,1.0964285714285713,0.9049659274159229,0.7814285714285714
15,1,112,1.0964285714285713,0.9031966925776558,0.7891705069124424
15,1,113,1.1016009852216748,0.9243570925584883,0.7843915343915344
15,1,114,1.1016009852216748,0.9417677238111054,0.7911255411255411
15,1,115,1.1016009852216748,0.9362135826910515,0.7911255411255411
15,1,116,1.1016009852216748,0.9198954675120514,0.7911255411255411
15,1,117,1.1016009852216748,0.9192234618359424,0.7928571428571427
15,1,118,1.1071428571428572,0.9166912694253342,0.7891705069124424
15,1,119,1.1071428571428572,0.9118960643361393,0.7891705069124424
15,1,120,1.1130952380952381,0.9244285204275203,0.7869458128078817
15,1,121,1.1130952380952381,0.927675103845007,0.7881187122736419
15,1,122,1.1130952380952381,0.9299943978197657,0.798172757475083
15,1,123,1.1130952380952381,0.9301316037057379,0.7911255411255411
15,1,124,1.1130952380952381,0.9052237230550737,0.7869458128078817
15,1,125,1.1195054945054945,0.9248644615575096,0.7869458128078817
15,1,126,1.1339285714285714,0.9254200867754875,0.7738095238095237
15,1,127,1.1339285714285714,0.9520794360575557,0.7928571428571427
15,1,128,1.1339285714285714,0.9658495566587915,0.7869458128078817
15,1,129,1.1339285714285714,0.9203678931962151,0.7445054945054945
15,1,130,1.1339285714285714,0.9459722888584942,0.7891705069124424
15,1,131,1.1339285714285714,0.9590986443674762,0.7779503105590062
15,1,132,1.1339285714285714,0.9537437668258056,0.7928571428571427
15,1,133,1.1339285714285714,0.9248317834161321,0.7928571428571427
15,1,134,1.1339285714285714,0.9523847261018417,0.7814285714285714
15,1,135,1.1339285714285714,0.9797089098695672,0.7843915343915344
15,1,136,1.1339285714285714,0.9973948331214479,0.7869458128078817
15,1,137,1.1420807453416149,0.9819426400378218,0.7814285714285714
15,1,138,1.1420807453416149,0.9723259262636849,0.7869458128078817
15,1,139,1.1607142857142856,0.9811239563792792,0.7843915343915344
15,1,140,1.1607142857142856,0.970735342056094,0.7814285714285714
15,1,141,1.1607142857142856,0.9728464055336141,0.7843915343915344
15,1,142,1.1607142857142856,0.944950258062964,0.7814285714285714
15,1,143,1.1607142857142856,0.9518993967536247,0.7779503105590062
15,1,144,1.1607142857142856,0.9394245891339598,0.7869458128078817
15,1,145,1.1607142857142856,0.919859380811197,0.7814285714285714
15,1,146,1.1607142857142856,0.9472277962447264,0.7779503105590062
15,1,147,1.1607142857142856,0.956979609625963,0.7891705069124424
15,1,148,1.1607142857142856,0.9895051826742473,0.7928571428571427
15,1,149,1.1607142857142856,0.9716447098704001,0.7911255411255411
15,1,150,1.1714285714285715,0.975917670285153,0.7869458128078817
15,1,151,1.1714285714285715,0.9841531775299935,0.7928571428571427
15,1,152,1.1714285714285715,0.9521901669100364,0.7738095238095237
15,1,153,1.1714285714285715,0.9629578587356603,0.7779503105590062
15,1,154,1.1714285714285715,0.9295821851660057,0.768796992481203
15,1,155,1.1714285714285715,0.9230643111643064,0.7244505494505495
15,1,156,1.1714285714285715,0.9458889994719599,0.7626050420168067
15,1,157,1.1714285714285715,0.9862170314547596,0.7814285714285714
15,1,158,1.1714285714285715,0.9717932101707774,0.7779503105590062
15,1,159,1.1964285714285714,0.9809166122234996,0.7779503105590062
15,1,160,1.1964285714285714,0.9611862357989465,0.7738095238095237
15,1,161,1.1964285714285714,0.9727968965561301,0.7626050420168067
15,1,162,1.1964285714285714,0.9637656894124755,0.7738095238095237
15,1,163,1.1964285714285714,0.9845784410090875,0.7779503105590062
15,1,164,1.1964285714285714,0.9851673978119136,0.7738095238095237
15,1,165,1.1964285714285714,0.9654844663188737,0.768796992481203
15,1,166,1.1964285714285714,0.9430665258948099,0.7814285714285714
15,1,167,1.1964285714285714,0.9502646887588235,0.768796992481203
15,1,168,1.1964285714285714,0.9654235174099008,0.7232142857142858
15,1,169,1.1964285714285714,0.9765806513075396,0.7779503105590062
15,1,170,1.1964285714285714,0.9758608870536756,0.7547619047619047
15,1,171,1.1964285714285714,0.9484037410498707,0.7738095238095237
15,1,172,1.1964285714285714,0.9597701101516144,0.7738095238095237
15,1,173,1.2111344537815125,0.9702155103256317,0.7626050420168067
15,1,174,1.2111344537815125,0.9699404536340378,0.7547619047619047
15,1,175,1.2111344537815125,0.9490300109690627,0.7445054945054945
15,1,176,1.2111344537815125,0.9826027572686908,0.7928571428571427
15,1,177,1.2111344537815125,0.959143105638577,0.7626050420168067
15,1,178,1.2111344537815125,0.9841153331318315,0.7272884882108184
15,1,179,1.2111344537815125,0.9744879506814698,0.768796992481203
15,1,180,1.2111344537815125,1.006760502964397,0.768796992481203
15,1,181,1.2111344537815125,0.9698014922342353,0.7738095238095237
15,1,182,1.2111344537815125,0.9775405888579343,0.7738095238095237
15,1,183,1.2111344537815125,0.9478578624790653,0.7626050420168067
15,1,184,1.2111344537815125,0.989352886987061,0.7445054945054945
15,1,185,1.2111344537815125,0.9676868886224248,0.7626050420168067
15,1,186,1.2111344537815125,0.9619661047556853,0.7626050420168067
15,1,187,1.2111344537815125,0.9706974354143394,0.7626050420168067
15,1,188,1.2111344537815125,0.9845247136045439,0.7738095238095237
15,1,189,1.2111344537815125,0.9573590323664152,0.7626050420168067
15,1,190,1.2111344537815125,0.9630421729400304,0.7445054945054945
15,1,191,1.2111344537815125,0.9666617844869694,0.7626050420168067
15,1,192,1.2111344537815125,0.9942417925150031,0.7547619047619047
15,1,193,1.2111344537815125,0.9353963787719013,0
15,1,194,1.2111344537815125,0.9642756210380456,0.7738095238095237
15,1,195,1.2111344537815125,0.9878087684422674,0.7547619047619047
15,1,196,1.2111344537815125,0.9611544457979895,0.7305194805194803
15,1,197,1.2111344537815125,0.9691157803845049,0.7245670995670996
15,1,198,1.2111344537815125,0.967175581136821,0.7626050420168067
15,1,199,1.2111344537815125,0.9763557626925724,0.7547619047619047
15,1,200,1.2111344537815125,0.962156198127509,0.7626050420168067
15,1,201,1.2111344537815125,0.9500155973305556,0.768796992481203
15,1,202,1.2111344537815125,1.0045428456890797,0.7738095238095237
15,1,203,1.2111344537815125,0.9479896158079038,0.7626050420168067
15,1,204,1.2111344537815125,0.9966348077931196,0.7626050420168067
15,1,205,1.2111344537815125,1.0020459423621906,0.7547619047619047
15,1,206,1.2111344537815125,0.9870759268461842,0.7547619047619047
15,1,207,1.2111344537815125,0.9919867609833869,0.7626050420168067
15,1,208,1.2111344537815125,0.9733143909049297,0.7779503105590062
15,1,209,1.2111344537815125,0.9929260008828759,0.7626050420168067
15,1,210,1.2111344537815125,1.0099645255916645,0.7547619047619047
15,1,211,1.2111344537815125,0.9768719443770838,0.7445054945054945
15,1,212,1.2111344537815125,0.9580633823210887,0.7626050420168067
15,1,213,1.2111344537815125,0.9382237086716887,0.768796992481203
15,1,214,1.2111344537815125,0.9512437485400694,0.7445054945054945
15,1,215,1.2111344537815125,0.9530474926381598,0.7547619047619047
15,1,216,1.2111344537815125,0.9467145975061172,0.7445054945054945
15,1,217,1.2111344537815125,0.9565126036575932,0.7445054945054945
15,1,218,1.2111344537815125,0.9769316970426314,0.7547619047619047
15,1,219,1.2111344537815125,0.9819523340962233,0.7626050420168067
15,1,220,1.2111344537815125,0.9728040634364775,0.7738095238095237
15,1,221,1.2111344537815125,0.9776489203121124,0.7626050420168067
15,1,222,1.2111344537815125,0.9902648428512438,0.7445054945054945
15,1,223,1.2111344537815125,0.9619096413449466,0.7445054945054945
15,1,224,1.2111344537815125,0.9431239062293143,0.7445054945054945
15,1,225,1.2111344537815125,0.8897253706298655,0.7814285714285714
15,1,226,1.2111344537815125,0.9174550652992636,0.7445054945054945
15,1,227,1.2111344537815125,0.9207414923353242,0.4186217303822937
15,1,228,1.2111344537815125,0.9531721308190199,0.7738095238095237
15,1,229,1.2111344537815125,0.9500651220828839,0.7626050420168067
15,1,230,1.2111344537815125,0.9687755731959024,0.7445054945054945
15,1,231,1.2111344537815125,0.9800041502480521,0.7445054945054945
15,1,232,1.2111344537815125,0.971208951598767,0.7547619047619047
15,1,233,1.2111344537815125,0.9530458723938766,0.7626050420168067
15,1,234,1.2111344537815125,0.9567000232476509,0.7738095238095237
15,1,235,1.2111344537815125,0.9467381309639019,0.7445054945054945
15,1,236,1.2111344537815125,0.9336729560922172,0.7445054945054945
15,1,237,1.2111344537815125,0.9452238977601071,0.7814285714285714
15,1,238,1.2111344537815125,0.9500463962720622,0.7814285714285714
15,1,239,1.2111344537815125,0.9696848102951349,0.7779503105590062
15,1,240,1.2111344537815125,0.972001097044933,0.7445054945054945
15,1,241,1.2111344537815125,0.9509494115954764,0.7626050420168067
15,1,242,1.2111344537815125,0.9292645225493068,0.7547619047619047
15,1,243,1.2111344537815125,0.942787232417991,0.7547619047619047
15,1,244,1.2111344537815125,0.9830322419468669,0.768796992481203
15,1,245,1.2111344537815125,1.0000328917629613,0.7626050420168067
15,1,246,1.2111344537815125,0.972103517247469,0.7626050420168067
15,1,247,1.2111344537815125,0.9971772318735671,0.7305194805194803
15,1,248,1.2111344537815125,0.9790545757405741,0.768796992481203
15,1,249,1.2111344537815125,0.9897679893330563,0.7738095238095237
15,1,250,1.2111344537815125,0.9801914899816611,0.7626050420168067
15,1,251,1.2111344537815125,0.9838280590481695,0.7738095238095237
15,1,252,1.2111344537815125,1.0002083592505644,0.7814285714285714
15,1,253,1.2111344537815125,0.9591063851792028,0.7626050420168067
15,1,254,1.2111344537815125,0.9373656824770574,0.7547619047619047
15,1,255,1.2111344537815125,0.9420723602842768,0.7445054945054945
15,1,256,1.2111344537815125,1.0065797046384382,0.7779503105590062
15,1,257,1.2111344537815125,0.9693957346609834,0.7626050420168067
15,1,258,1.2111344537815125,0.9664088139250289,0.7547619047619047
15,1,259,1.2111344537815125,1.0048435922166363,0.7869458128078817
15,1,260,1.2111344537815125,0.9848439503474189,0.7626050420168067
15,1,261,1.2111344537815125,0.9784898062222119,0.7547619047619047
15,1,262,1.2111344537815125,0.9837010806929382,0.7626050420168067
15,1,263,1.2111344537815125,0.9804034568205127,0.7445054945054945
15,1,264,1.2111344537815125,0.9995299135093063,0.768796992481203
15,1,265,1.2276785714285714,0.9874140101962431,0.768796992481203
15,1,266,1.2276785714285714,0.9412280448458524,0.7305194805194803
15,1,267,1.2276785714285714,0.9797523061901567,0.7445054945054945
15,1,268,1.2276785714285714,0.9629004452300655,0.7547619047619047
15,1,269,1.2276785714285714,0.9620990342254339,0.7626050420168067
15,1,270,1.2276785714285714,0.969928192785136,0.7626050420168067
15,1,271,1.2276785714285714,0.9884649767799685,0.7445054945054945
15,1,272,1.2276785714285714,0.9758575996649331,0.7738095238095237
15,1,273,1.2276785714285714,0.9608281722157613,0.7626050420168067
15,1,274,1.2276785714285714,0.9608461804425911,0.607406015037594
15,1,275,1.2276785714285714,1.004598130647012,0.7814285714285714
15,1,276,1.2276785714285714,0.9832673850679918,0.768796992481203
15,1,277,1.2276785714285714,0.973291366677246,0.7843915343915344
15,1,278,1.2276785714285714,0.9935508584032006,0.7547619047619047
15,1,279,1.2276785714285714,0.9701105401132711,0.7738095238095237
15,1,280,1.2276785714285714,0.9415579291449468,0.7305194805194803
15,1,281,1.2276785714285714,0.9935129506145429,0.7738095238095237
15,1,282,1.2276785714285714,0.9767126470571025,0.7103174603174602
15,1,283,1.2276785714285714,0.9816164352290753,0.7305194805194803
15,1,284,1.2276785714285714,0.9756545189699852,0.7547619047619047
15,1,285,1.2276785714285714,0.9754256128559912,0.7738095238095237
15,1,286,1.2276785714285714,0.9750040058694114,0.7547619047619047
15,1,287,1.2276785714285714,0.9276505707435225,0.7445054945054945
15,1,288,1.2276785714285714,0.9585393915233147,0.7626050420168067
15,1,289,1.2276785714285714,0.9391577056207736,0.7445054945054945
15,1,290,1.2276785714285714,0.9691809053426995,0.7305194805194803
15,1,291,1.2276785714285714,0.9574735152522623,0.768796992481203
15,1,292,1.2276785714285714,0.9432230678675413,0.7445054945054945
15,1,293,1.2276785714285714,0.9404592985252392,0.7547619047619047
15,1,294,1.2276785714285714,0.9140639574131931,0.7267226890756303
15,1,295,1.2276785714285714,0.939469978395264,0.7445054945054945
15,1,296,1.2276785714285714,0.9665897972337281,0.7547619047619047
15,1,297,1.2276785714285714,0.9811178544122332,0.7738095238095237
15,1,298,1.2276785714285714,0.9423738120879801,0.7445054945054945
15,1,299,1.2276785714285714,0.9286534526708157,0.7445054945054945
15,1,300,1.2276785714285714,0.9215868918101725,0.768796992481203
15,1,301,1.2276785714285714,0.9521172764279977,0.7445054945054945
15,1,302,1.2276785714285714,1.0173451942346348,0.7445054945054945
15,1,303,1.2276785714285714,0.939903021300297,0.7445054945054945
15,1,304,1.2276785714285714,0.9777804306912178,0.7626050420168067
15,1,305,1.2276785714285714,0.9682784158182336,0.7305194805194803
15,1,306,1.2276785714285714,0.9579085259030446,0.7305194805194803
15,1,307,1.2276785714285714,0.9742917493029378,0.7626050420168067
15,1,308,1.2276785714285714,0.9810838443257149,0.7445054945054945
15,1,309,1.2276785714285714,0.940972966283251,0.7445054945054945
15,1,310,1.2276785714285714,0.9840116086939338,0.768796992481203
15,1,311,1.2276785714285714,1.006491624455968,0.7738095238095237
15,1,312,1.2276785714285714,0.9822819150637531,0.7305194805194803
15,1,313,1.2276785714285714,0.9790077785125467,0.768796992481203
15,1,314,1.2276785714285714,0.9457458016792267,0.7445054945054945
15,1,315,1.2276785714285714,0.9661965328268884,0.7305194805194803
15,1,316,1.2276785714285714,0.9515210278364923,0.7103174603174602
15,1,317,1.2276785714285714,0.870052744978462,0.7738095238095237
15,1,318,1.2276785714285714,0.916121202870761,0.7547619047619047
15,1,319,1.2276785714285714,0.9597854040782381,0.7305194805194803
15,1,320,1.2276785714285714,0.9476414712077108,0.7305194805194803
15,1,321,1.2276785714285714,0.9148879513488087,0.7305194805194803
15,1,322,1.2276785714285714,0.949948635210253,0.7547619047619047
15,1,323,1.2276785714285714,0.9843341664010262,0.7626050420168067
15,1,324,1.2276785714285714,0.9686510434354854,0.7626050420168067
15,1,325,1.2276785714285714,0.9836029557597341,0.7547619047619047
15,1,326,1.2276785714285714,0.958093707026046,0.7445054945054945
15,1,327,1.2276785714285714,0.9634930683060322,0.7103174603174602
15,1,328,1.2276785714285714,1.004202168414445,0.7779503105590062
15,1,329,1.2276785714285714,1.0003273501449164,0.7814285714285714
15,1,330,1.2276785714285714,0.9545401703042664,0.7305194805194803
15,1,331,1.2276785714285714,0.9867542924295853,0.7814285714285714
15,1,332,1.2276785714285714,0.9660824772717751,0.768796992481203
15,1,333,1.2276785714285714,0.9685927730870811,0.7626050420168067
15,1,334,1.2276785714285714,0.9351465510930741,0.7305194805194803
15,1,335,1.2276785714285714,0.9251766908089032,0.7445054945054945
15,1,336,1.2276785714285714,0.9790445329877703,0.7814285714285714
15,1,337,1.2276785714285714,0.9344856549575078,0.768796992481203
15,1,338,1.2276785714285714,0.923247599608374,0.7626050420168067
15,1,339,1.2276785714285714,0.9321796291220181,0.768796992481203
15,1,340,1.2276785714285714,0.9251977684533711,0.7305194805194803
15,1,341,1.2276785714285714,0.9374757833386167,0.768796992481203
15,1,342,1.2276785714285714,0.9596420890361723,0.7779503105590062
15,1,343,1.2276785714285714,0.9643297869687434,0.7779503105590062
15,1,344,1.2276785714285714,0.9874465156553741,0.7547619047619047
15,1,345,1.2276785714285714,0.96071089936271,0.7738095238095237
15,1,346,1.2276785714285714,0.9980411253375475,0.7626050420168067
15,1,347,1.2276785714285714,0.9514419103416798,0.7305194805194803
15,1,348,1.2276785714285714,0.9880878720333296,0.7445054945054945
15,1,349,1.2276785714285714,0.9598087657520368,0.7103174603174602
15,1,350,1.2276785714285714,0.9568313804082716,0.7547619047619047
15,1,351,1.2276785714285714,0.9622005806391148,0.7445054945054945
15,1,352,1.2276785714285714,0.9895858482615387,0.7547619047619047
15,1,353,1.2276785714285714,0.9934293450586961,0.7814285714285714
15,1,354,1.2276785714285714,0.9537063101886574,0.768796992481203
15,1,355,1.2276785714285714,0.9743777356842511,0.768796992481203
15,1,356,1.2276785714285714,1.0210032986769841,0.7779503105590062
15,1,357,1.2276785714285714,1.0281622203947363,0.7445054945054945
15,1,358,1.2276785714285714,0.989704276070314,0.7445054945054945
15,1,359,1.2276785714285714,0.998485728474677,0.7103174603174602
15,1,360,1.2276785714285714,0.9463040558176736,0.7779503105590062
15,1,361,1.2276785714285714,0.9137560363769793,0.7547619047619047
15,1,362,1.2276785714285714,0.9771822787128371,0.7547619047619047
15,1,363,1.2276785714285714,0.9546354874683709,0.768796992481203
15,1,364,1.2276785714285714,0.9521552656431347,0.7445054945054945
15,1,365,1.2276785714285714,0.9791692625823484,0.7305194805194803
15,1,366,1.2276785714285714,0.9858804594272725,0.7738095238095237
15,1,367,1.2276785714285714,0.948850719387407,0.7445054945054945
15,1,368,1.2276785714285714,0.9054289221044997,0.7305194805194803
15,1,369,1.2276785714285714,0.9170869996626103,0.768796992481203
15,1,370,1.2276785714285714,0.9290455307196255,0.7547619047619047
15,1,371,1.2276785714285714,0.9244529229709993,0.7445054945054945
15,1,372,1.2276785714285714,0.9481188784490385,0.7445054945054945
15,1,373,1.2276785714285714,0.9531124745558326,0.7445054945054945
15,1,374,1.2276785714285714,0.970945533744601,0.7445054945054945
15,1,375,1.2276785714285714,0.9963900523262005,0.7445054945054945
15,1,376,1.2276785714285714,0.9786557923357946,0.7626050420168067
15,1,377,1.2276785714285714,0.9559298827316266,0.768796992481203
15,1,378,1.2276785714285714,0.974915630692867,0.7305194805194803
15,1,379,1.2276785714285714,0.9688312477221156,0.7305194805194803
15,1,380,1.2276785714285714,0.9712732978025223,0.7547619047619047
15,1,381,1.2276785714285714,0.9592578893436623,0.7305194805194803
15,1,382,1.2276785714285714,0.9698767126574239,0.7547619047619047
15,1,383,1.2276785714285714,0.9828541382371767,0.7738095238095237
15,1,384,1.2276785714285714,0.9568933927767891,0.7445054945054945
15,1,385,1.2276785714285714,0.9643373568747176,0.7305194805194803
15,1,386,1.2276785714285714,0.9593386775871972,0.7547619047619047
15,1,387,1.2276785714285714,0.9622025438914039,0.7814285714285714
15,1,388,1.2276785714285714,0.9429313897017988,0.7738095238095237
15,1,389,1.2276785714285714,0.9504059267356176,0.7103174603174602
15,1,390,1.2276785714285714,0.9540398851005417,0.7547619047619047
15,1,391,1.2276785714285714,0.960148866503379,0.7779503105590062
15,1,392,1.2276785714285714,0.9598107735144005,0.7738095238095237
15,1,393,1.2276785714285714,0.9847855099044247,0.7305194805194803
15,1,394,1.2276785714285714,0.9830084694703239,0.7547619047619047
15,1,395,1.2276785714285714,0.9349074681643635,0.7260452961672474
15,1,396,1.2276785714285714,0.9161677431755478,0.768796992481203
15,1,397,1.2276785714285714,0.9622379708386126,0.768796992481203
15,1,398,1.2276785714285714,0.9458653163652005,0.7738095238095237
15,1,399,1.2276785714285714,0.9390962994547347,0.7738095238095237
15,1,400,1.2276785714285714,0.9306758792588774,0.7445054945054945
15,1,401,1.2276785714285714,0.9464092930982864,0.7305194805194803
15,1,402,1.2276785714285714,0.9697789334069007,0.7445054945054945
15,1,403,1.2276785714285714,0.9493938816813621,0.7305194805194803
15,1,404,1.2276785714285714,0.9598739427730868,0.7547619047619047
15,1,405,1.2276785714285714,0.9597417504209677,0.7305194805194803
15,1,406,1.2276785714285714,0.9574291804443962,0.768796992481203
15,1,407,1.2276785714285714,0.9602219256244711,0.7445054945054945
15,1,408,1.2276785714285714,0.9474198021329708,0.7547619047619047
15,1,409,1.2276785714285714,0.9401643416493638,0.7305194805194803
15,1,410,1.2276785714285714,0.9672664214393667,0.7779503105590062
15,1,411,1.2276785714285714,1.0015722957960336,0.7779503105590062
15,1,412,1.2276785714285714,0.9882751046525183,0.7547619047619047
15,1,413,1.2276785714285714,0.9898690226665552,0.7305194805194803
15,1,414,1.2276785714285714,0.9502160725856694,0.7445054945054945
15,1,415,1.2276785714285714,0.9710851238595295,0.7445054945054945
15,1,416,1.2276785714285714,0.954800092650902,0.7547619047619047
15,1,417,1.2276785714285714,0.9951963043274555,0.7305194805194803
15,1,418,1.2276785714285714,1.0325813712776786,0.7626050420168067
15,2,1,1.0370051635111877,0.8471798060711615,0
15,2,2,1.1122448979591837,0.9157693591004358,0.7210317460317461
15,2,3,4.697802197802198,1.012159628673,0.8055555555555554
15,2,4,5.0038197097020625,1.325745991036677,0.7869458128078817
15,2,5,5.0038197097020625,1.4742893329374278,0.7282668881506091
15,2,6,5.745614035087719,1.9243641666929958,0.7427007299270074
15,2,7,6.046345811051693,2.0524295638035035,0.7445945945945946
15,2,8,6.133580705009277,2.5692907457683782,0.8493788819875776
15,2,9,6.133580705009277,2.678721024377191,0.8010204081632653
15,2,10,6.133580705009277,2.9208501755384244,0.806503198294243
15,2,11,6.460809646856158,3.065493546141874,0.7978896103896105
15,2,12,6.460809646856158,3.007558851660171,0.625231092436975
15,2,13,6.584462511291779,3.5019932030866068,0.811119293078056
15,2,14,6.945945945945946,3.1252902366943203,0.7953747072599531
15,2,15,6.945945945945946,3.3019991754011886,0.8151392632524708
15,2,16,6.945945945945946,2.5992962630797307,0.7977574750830565
15,2,17,6.945945945945946,2.197565295498692,0.7984693877551021
15,2,18,6.945945945945946,3.1238477462841296,0.11925129087779685
15,2,19,6.945945945945946,2.616439317562292,0.7103174603174602
15,2,20,6.945945945945946,2.693924517075745,0.727869352869353
15,2,21,6.945945945945946,2.7811401817149655,0.7445945945945946
15,2,22,7.114285714285714,3.139598739735721,0.7277180783817951
15,2,23,7.114285714285714,2.4913230484997424,0.7943121693121693
15,2,24,7.114285714285714,3.483308708644371,0.7260452961672474
15,2,25,7.303030303030303,3.451788282214518,0.8147171620325984
15,2,26,7.303030303030303,3.7068600691119844,0.7986209335219236
15,2,27,7.303030303030303,4.084230519591941,0.8132984901277585
15,2,28,7.516129032258065,3.9434302892590747,0.806503198294243
15,2,29,7.516129032258065,4.0092370056167095,0.8069358178053831
15,2,30,7.516129032258065,4.1099072947378215,0.7985714285714285
15,2,31,7.516129032258065,5.054439579603939,0.7675375208449138
15,2,32,7.758620689655173,4.8633520060875695,0.6790257252326217
15,2,33,7.758620689655173,4.89718662208943,0.7372091621458711
15,2,34,8.037037037037038,4.126549458691731,0.8044794188861986
15,2,35,8.037037037037038,4.408012558136983,0.5015384615384617
15,2,36,8.037037037037038,3.666052484183817,0.4051584592881521
15,2,37,8.037037037037038,4.705874567533335,0.37867176301958916
15,2,38,8.037037037037038,4.967389803140503,0.8038847117794485
15,2,39,8.037037037037038,4.446550711609842,0.6290548614883216
15,2,40,8.037037037037038,4.106826614016487,0.04054945054945047
15,2,41,8.037037037037038,5.700680734067355,0
15,2,42,8.037037037037038,5.079013833610227,0.8093803786574871
15,2,43,8.037037037037038,5.1649910187240025,0.8106758832565284
15,2,44,8.36,3.9051138613425365,0
15,2,45,8.36,4.072099876384982,0.8090828924162257
15,2,46,8.36,3.905321866138235,0.025396825396825418
15,2,47,8.36,4.531552447358094,0
15,2,48,8.36,4.257604489314778,0
15,2,49,8.36,4.425511064369824,0.035355994487827336
15,2,50,8.36,4.786164281192875,0
15,2,51,8.36,4.270474786943423,0
15,2,52,8.36,4.561059704406145,0.8060439560439561
15,2,53,8.36,3.716929909344645,0.28527109853842536
15,2,54,8.36,4.743945057110729,0.26518159806295405
15,2,55,8.36,4.2685364891239646,0.26529274004683845
15,2,56,8.36,3.7288681729169695,0.28527109853842536
15,2,57,8.36,3.22746516205903,0
15,2,58,8.36,3.8359995761909333,0.26515845928815207
15,2,59,8.36,4.522847578703134,0
15,2,60,8.36,4.478651979085984,0.2652269469660774
15,2,61,8.36,4.004595532703534,0.28533518261673596
15,2,62,8.36,4.6026629207362495,0.26524916943521604
15,2,63,8.36,4.414487093272093,0.41142857142857125
15,2,64,8.36,5.257091746189904,0.8044794188861986
15,2,65,8.36,4.471370113990141,0.8038847117794485
15,2,66,8.36,3.757452280398145,0.8060439560439561
15,2,67,8.36,4.361823102115377,0
15,2,68,8.36,4.254781448086188,0
15,2,69,8.36,4.639896521177313,0.8032467532467531
15,2,70,8.36,4.175150432143367,0.2652269469660774
15,2,71,8.36,4.528110360784356,0.5378443420378904
15,2,72,8.36,4.65631968503401,0
15,2,73,8.36,5.854970281107237,0.806503198294243
15,2,74,8.36,4.283871563832809,0.5778443420378905
15,2,75,8.36,4.063131381648364,0.28518159806295407
15,2,76,8.36,4.725268936357189,0.26531409958120056
15,2,77,8.36,4.137410406082936,0
15,2,78,8.36,4.568197231423952,0.7867337357478201
15,2,79,8.36,4.396171534022994,0.8050351288056206
15,2,80,8.36,4.423438739877647,0
15,2,81,8.36,5.058132956998846,0.27520442520442534
15,2,82,8.36,4.808201591135806,0.25533518261673593
15,2,83,8.36,4.691094059463136,0.7990669240669241
15,2,84,8.36,4.702383565671471,0.6660674749604638
15,2,85,8.36,4.915746890249219,0.8055555555555554
15,2,86,8.36,3.8135741908726892,0.7887755102040815
15,2,87,8.36,4.309737947652414,0
15,2,88,8.36,4.240638377564684,0.8073440643863179
15,2,89,8.36,4.449835846887805,0
15,2,90,8.36,5.3456697219729135,0.2694673123486683
15,2,91,8.36,5.5919978774107,0.8069358178053831
15,2,92,8.36,4.900714147502532,0
15,2,93,8.36,5.2850486445773255,0.058253968253968225
15,2,94,8.36,5.329702927219348,0.37794425087108013
15,2,95,8.36,4.999094216548641,0.806503198294243
15,2,96,8.36,2.648912028203363,0
15,2,97,8.36,3.0923581253133294,0.2551350024545901
15,2,98,8.36,3.7046955840513762,0
15,2,99,8.36,4.7883838407095265,0.024964390448261375
15,2,100,8.36,5.245626113430872,0.8060439560439561
15,2,101,8.36,5.207558233138717,0
15,2,102,8.36,5.379588785757281,0.8044794188861986
15,2,103,8.36,4.799917938959901,0.8050351288056206
15,2,104,8.36,4.9886448567536945,0.8055555555555554
15,2,105,8.36,5.112413996767002,0
15,2,106,8.36,4.614420756017261,0
15,2,107,8.36,5.071736168547266,0.26518159806295405
15,2,108,8.36,4.252570688164469,0.8010204081632653
15,2,109,8.36,4.423488980009496,0.2751584592881521
15,2,110,8.36,4.6613662073320725,0
15,2,111,8.36,4.8679035281095615,0.7922077922077921
15,2,112,8.36,4.653072076021269,0.8050351288056206
15,2,113,8.36,4.599496289105025,0.806503198294243
15,2,114,8.36,4.672069848733892,0.25518159806295404
15,2,115,8.36,3.967390214980582,0.2650378596668349
15,2,116,8.36,4.090924732151971,0.24513500245459008
15,2,117,8.36,3.608324375348343,0.27553191489361717
15,2,118,8.36,3.3161933496656686,0.4175103353238401
15,2,119,8.36,4.198672102208899,0
15,2,120,8.36,4.9902158662561495,0.5964912280701754
15,2,121,8.36,5.2887619031464554,0.2548813916710596
15,2,122,8.36,5.165270871216271,0.05547545333923043
15,2,123,8.36,5.144887465847399,0
15,2,124,8.36,4.684985139216883,0
15,2,125,8.36,4.698960811071886,0.2652269469660774
15,2,126,8.36,4.628610090138445,0.2980156021452949
15,2,127,8.36,5.251105731098346,0
15,2,128,8.36,5.285867941711033,0.8044794188861986
15,2,129,8.36,5.07625669456702,0
15,2,130,8.36,4.496975449813453,0.25531409958120055
15,2,131,8.36,4.746668489305257,0.2652269469660774
15,2,132,8.36,4.689662944317162,0
15,2,133,8.36,4.594797854565249,0.26518159806295405
15,2,134,8.36,4.33577901111626,0.27520442520442534
15,2,135,8.36,4.7399747745526835,0
15,2,136,8.36,4.5331512108984375,0.26511122095897177
15,2,137,8.36,4.68019150407808,0
15,2,138,8.36,4.44925743613994,0.26518159806295405
15,2,139,8.36,4.07722746280761,0.8050351288056206
15,2,140,8.36,3.943653143619955,0
15,2,141,8.36,4.6250898484864384,0.265062656641604
15,2,142,8.36,5.018618662589762,0.8050351288056206
15,2,143,8.36,4.877630146792958,0.8055555555555554
15,2,144,8.36,5.0786445841762,0.8038847117794485
15,2,145,8.36,3.8623688303777857,0
15,2,146,8.36,4.038621996992244,0
15,2,147,8.36,3.310587703888471,0
15,2,148,8.36,4.65228186984078,0.8055555555555554
15,2,149,8.36,3.9554417731672,0.25518159806295404
15,2,150,8.36,4.155332814370002,0
15,2,151,8.36,4.659467465649762,0.2851584592881521
15,2,152,8.36,4.0684993405574685,0.38551332459589327
15,2,153,8.36,4.523122321273477,0.26529274004683845
15,2,154,8.36,4.594419644702365,0.8060439560439561
15,2,155,8.36,4.287556107668996,0
15,2,156,8.36,4.915096098004529,0
15,2,157,8.36,4.915512063527785,0.02545616377392068
15,2,158,8.36,5.0875483610969,0
15,2,159,8.36,4.489788109909811,0.26515845928815207
15,2,160,8.36,4.521806653483388,0.5791118245050828
15,2,161,8.36,4.833988988440655,0.015416854438936478
15,2,162,8.36,4.739477608996125,0.2552044252044253
15,2,163,8.36,5.091805629476071,0.8060439560439561
15,2,164,8.36,4.746605285881407,0.26527109853842534
15,2,165,8.36,5.01538809894342,0
15,2,166,8.36,5.223273679037691,0.26511122095897177
15,2,167,8.36,6.352854407440671,0.5391671059567739
15,2,168,8.36,5.2663493668108945,0.8084415584415585
15,2,169,8.36,5.146415794532902,0.8060439560439561
15,2,170,8.36,4.787171283501577,0.25529274004683844
15,2,171,8.36,4.014507423335007,0.4400992063492065
15,2,172,8.36,4.177792996341685,0
15,2,173,8.36,4.284943486498929,0
15,2,174,8.36,3.63251984154632,0.005416854438936469
15,2,175,8.36,4.006738602165576,0
15,2,176,8.36,4.335656944894374,0.7879464285714286
15,2,177,8.36,3.317765595988724,0.26518159806295405
15,2,178,8.36,4.173063837386789,0
15,2,179,8.36,4.4863473553817785,0.3051815980629541
15,2,180,8.36,4.874872576523725,0.6001503759398498
15,2,181,8.36,5.665165734805928,0.7963250517598344
15,2,182,8.36,5.098922096264696,0.8069358178053831
15,2,183,8.36,5.515281327189025,0
15,2,184,8.36,4.638578928816686,0
15,2,185,8.36,4.295792335026373,0.28696259576385763
15,2,186,8.36,4.339941926315004,0
15,2,187,8.36,4.613723861160146,0
15,2,188,8.36,3.9999311797120627,0.25533518261673593
15,2,189,8.36,4.825126094412511,0
15,2,190,8.36,4.832913889019222,0.25518159806295404
15,2,191,8.36,4.759930171621417,0
15,2,192,8.36,4.3713332798177165,0
15,2,193,8.36,4.335966510205406,0
15,2,194,8.36,4.129943521741021,0
15,2,195,8.36,4.415330826473907,0.4251112209589718
15,2,196,8.36,4.8108130188846845,0.1855319148936172
15,2,197,8.36,4.70452468525645,0
15,3,1,0.8821428571428571,0.4513375513375518,0.2142857142857143
15,3,2,0.9018647281921619,0.6319201608015486,0.2142857142857143
15,3,3,0.9018647281921619,0.7003236331624132,0.2142857142857143
15,3,4,0.9018647281921619,0.7091118716848783,0.2142857142857143
15,3,5,1.0191480206540446,0.7853724971138955,0.2142857142857143
15,3,6,1.0191480206540446,0.7881467949203982,0.2142857142857143
15,3,7,1.0191480206540446,0.8319371950479699,0.2142857142857143
15,3,8,1.0191480206540446,0.7973857760468723,0
15,3,9,1.0191480206540446,0.7868009426912974,0.2142857142857143
15,3,10,1.0191480206540446,0.8466880366272567,0.6142857142857143
15,3,11,1.1178571428571429,0.8302791121974358,0
15,3,12,1.1178571428571429,0.8311397702179093,0
15,3,13,1.1178571428571429,0.820253311601384,0.2142857142857143
15,3,14,1.1178571428571429,0.8507670476790863,0.2142857142857143
15,3,15,1.1178571428571429,0.8688063590570847,0.2142857142857143
15,3,16,1.1178571428571429,0.8707144771363566,0.2142857142857143
15,3,17,1.1414835164835164,0.8073449385897428,0.2142857142857143
15,3,18,1.1414835164835164,0.8238281146369387,0.2142857142857143
15,3,19,1.1414835164835164,0.7969469256978367,0.2142857142857143
15,3,20,1.1414835164835164,0.8320611545641399,0.2142857142857143
15,3,21,1.1414835164835164,0.8027399153651801,0.2142857142857143
15,3,22,1.1414835164835164,0.8044176807210462,0.2142857142857143
15,3,23,1.1414835164835164,0.8194765389773905,0.2142857142857143
15,3,24,1.1414835164835164,0.7911532840988391,0.2142857142857143
15,3,25,1.1414835164835164,0.8152465816089748,0.2142857142857143
15,3,26,1.153957528957529,0.8216848748326369,0.2142857142857143
15,3,27,1.153957528957529,0.8761311139336041,0.2142857142857143
15,3,28,1.153957528957529,0.8496852975414239,0.2142857142857143
15,3,29,1.153957528957529,0.8353256601368747,0.2142857142857143
15,3,30,1.153957528957529,0.7942136734608476,0.2142857142857143
15,3,31,1.153957528957529,0.840276584778565,0.2142857142857143
15,3,32,1.153957528957529,0.8357938732963446,0.2142857142857143
15,3,33,1.153957528957529,0.8248154785429191,0.18332164767747583
15,3,34,1.153957528957529,0.8430894098357132,0.2142857142857143
15,3,35,1.153957528957529,0.8728547421497044,0.2142857142857143
15,3,36,1.153957528957529,0.8754685407609668,0.2142857142857143
15,3,37,1.153957528957529,0.8168734209292726,0.2142857142857143
15,3,38,1.153957528957529,0.8520675860449509,0.2142857142857143
15,3,39,1.153957528957529,0.8541168126688083,0.2142857142857143
15,3,40,1.1678571428571427,0.8743975968261023,0.2142857142857143
15,3,41,1.1678571428571427,0.8741175963815253,0.2142857142857143
15,3,42,1.1678571428571427,0.7951663542854128,0.2142857142857143
15,3,43,1.1678571428571427,0.8472478324987458,0.2142857142857143
15,3,44,1.1678571428571427,0.815584950967695,0.2142857142857143
15,3,45,1.1678571428571427,0.7695562110438635,0.2142857142857143
15,3,46,1.1678571428571427,0.8297889271931673,0.2142857142857143
15,3,47,1.1678571428571427,0.8473356203710166,0.2142857142857143
15,3,48,1.1678571428571427,0.7969498135661282,0.2142857142857143
15,3,49,1.1678571428571427,0.8035158828158296,0.2142857142857143
15,3,50,1.1678571428571427,0.8288748355864105,0
15,3,51,1.1678571428571427,0.836793768021909,0
15,3,52,1.1678571428571427,0.8338936557071551,0.2142857142857143
15,3,53,1.1678571428571427,0.8289510965613467,0.2142857142857143
15,3,54,1.1678571428571427,0.7973518131441061,0.2142857142857143
15,3,55,1.1678571428571427,0.8469238192078329,0.2142857142857143
15,3,56,1.1834415584415585,0.7884290123601878,0.2142857142857143
15,3,57,1.1834415584415585,0.7759486266218377,0.2142857142857143
15,3,58,1.201036866359447,0.8123759054515398,0.2142857142857143
15,3,59,1.201036866359447,0.8442871320464781,0.2142857142857143
15,3,60,1.201036866359447,0.8439352393292503,0.2142857142857143
15,3,61,1.201036866359447,0.8800294852023371,0.2142857142857143
15,3,62,1.2210591133004924,0.9066918321139584,0.4642857142857143
15,3,63,1.2210591133004924,0.7986730013244748,0.2142857142857143
15,3,64,1.2210591133004924,0.8359461909638436,0.4642857142857143
15,3,65,1.2210591133004924,0.8140752749653813,0.2142857142857143
15,3,66,1.2210591133004924,0.8242416701003462,0.2142857142857143
15,3,67,1.2210591133004924,0.8259275293407227,0.2142857142857143
15,3,68,1.2210591133004924,0.857612239311998,0.2142857142857143
15,3,69,1.2210591133004924,0.8498667522135005,0.2142857142857143
15,3,70,1.2210591133004924,0.8139479962588415,0
15,3,71,1.2210591133004924,0.8370405835688031,0.2142857142857143
15,3,72,1.2210591133004924,0.7902380648525046,0.2142857142857143
15,3,73,1.2210591133004924,0.838498551398544,0.2142857142857143
15,3,74,1.2210591133004924,0.8084207383615347,0.2142857142857143
15,3,75,1.2210591133004924,0.8404067726223494,0.2142857142857143
15,3,76,1.2210591133004924,0.8589000970059576,0.2142857142857143
15,3,77,1.2210591133004924,0.8153481661784838,0.2142857142857143
15,3,78,1.2210591133004924,0.8520479716371098,0.2142857142857143
15,3,79,1.2210591133004924,0.8225840891016378,0.2142857142857143
15,3,80,1.2210591133004924,0.878153334770928,0.2142857142857143
15,3,81,1.2210591133004924,0.8926742243601011,0
15,3,82,1.2210591133004924,0.8898424177394548,0.33080745341614903
15,3,83,1.2210591133004924,0.8897961426529244,0.6190476190476191
15,3,84,1.2210591133004924,0.8430212651839883,0.2142857142857143
15,3,85,1.2210591133004924,0.8446573039897269,0.2142857142857143
15,3,86,1.2210591133004924,0.8318997270531108,0.2142857142857143
15,3,87,1.2210591133004924,0.8354040886917913,0.2142857142857143
15,3,88,1.2210591133004924,0.8084648192801097,0.2142857142857143
15,3,89,1.2210591133004924,0.8690325873093299,0.2142857142857143
15,3,90,1.2210591133004924,0.817714427715773,0.2142857142857143
15,3,91,1.2210591133004924,0.8548633845583232,0.2142857142857143
15,3,92,1.2210591133004924,0.8291425439910591,0.2142857142857143
15,3,93,1.2210591133004924,0.854028026906648,0.2142857142857143
15,3,94,1.2210591133004924,0.8389791573202214,0.35964285714285693
15,3,95,1.2210591133004924,0.8484074849936829,0.2142857142857143
15,3,96,1.2210591133004924,0.806810581425297,0.2142857142857143
15,3,97,1.2210591133004924,0.8507131432433297,0.2142857142857143
15,3,98,1.2210591133004924,0.8188757160344626,0.2142857142857143
15,3,99,1.2210591133004924,0.8366765656169797,0.0655076741440378
15,3,100,1.2210591133004924,0.793717460235872,0.2142857142857143
15,3,101,1.2210591133004924,0.8173709329364627,0
15,3,102,1.2210591133004924,0.7682091781221831,0
15,3,103,1.2210591133004924,0.8359306289905263,0.2142857142857143
15,3,104,1.2210591133004924,0.7991220829703798,0.14842532467532465
15,3,105,1.2210591133004924,0.8356371380299603,0
15,3,106,1.2210591133004924,0.797847647846705,0.2142857142857143
15,3,107,1.2210591133004924,0.7828174324445543,0.2142857142857143
15,3,108,1.2210591133004924,0.8220874505913633,0.2142857142857143
15,3,109,1.2210591133004924,0.7825249066261083,0
15,3,110,1.2210591133004924,0.7831913729944805,0
15,3,111,1.2210591133004924,0.8467345111476403,0.2142857142857143
15,3,112,1.2210591133004924,0.8194201815401537,0.2142857142857143
15,3,113,1.2210591133004924,0.8607915967039947,0.2142857142857143
15,3,114,1.2210591133004924,0.7580644150371465,0.2142857142857143
15,3,115,1.2210591133004924,0.8195909598435936,0.4642857142857143
15,3,116,1.2210591133004924,0.8417916767179165,0.2142857142857143
15,3,117,1.2210591133004924,0.7921806691881826,0.2142857142857143
15,3,118,1.2210591133004924,0.7966077428201775,0.2142857142857143
15,3,119,1.2210591133004924,0.8490215317843999,0.4642857142857143
15,3,120,1.2210591133004924,0.8404374989732882,0.2142857142857143
15,3,121,1.2210591133004924,0.8113662431270654,0.2142857142857143
15,3,122,1.2210591133004924,0.8643492923461777,0.4642857142857143
15,3,123,1.2210591133004924,0.8280685268588449,0.2142857142857143
15,3,124,1.2210591133004924,0.7751411998203386,0
15,3,125,1.2210591133004924,0.8221281880632051,0.2142857142857143
15,3,126,1.2210591133004924,0.8125926670759596,0.2142857142857143
15,3,127,1.2210591133004924,0.731073429194271,0
15,3,128,1.2210591133004924,0.8384510366602211,0.2142857142857143
15,3,129,1.2210591133004924,0.8340529907353696,0.2142857142857143
15,3,130,1.2210591133004924,0.8623867728273262,0.2142857142857143
15,3,131,1.2210591133004924,0.8408527547085615,0.2142857142857143
15,3,132,1.2210591133004924,0.8301795554549112,0.2142857142857143
15,3,133,1.2210591133004924,0.8784800948298096,0.2142857142857143
15,3,134,1.2210591133004924,0.8297351239770007,0.2142857142857143
15,3,135,1.2210591133004924,0.811806630461328,0.2142857142857143
15,3,136,1.2210591133004924,0.8204967716365613,0.2142857142857143
15,3,137,1.2210591133004924,0.8132485334499083,0.2142857142857143
15,3,138,1.2210591133004924,0.8463292665114366,0.6190476190476191
15,3,139,1.2210591133004924,0.7173131741608492,0.2142857142857143
15,3,140,1.2210591133004924,0.804100038187853,0.2142857142857143
15,3,141,1.2210591133004924,0.778875234349503,0
15,3,142,1.2210591133004924,0.8017898847970606,0.20984509466437162
15,3,143,1.2210591133004924,0.7846616664928294,0.2142857142857143
15,3,144,1.2210591133004924,0.8276863252267316,0.2142857142857143
15,3,145,1.2210591133004924,0.8185604762694589,0.2142857142857143
15,3,146,1.2210591133004924,0.8139168628278433,0.2142857142857143
15,3,147,1.2210591133004924,0.8664596889736528,0.2142857142857143
15,3,148,1.2210591133004924,0.8414439604595058,0
15,3,149,1.2210591133004924,0.8414917564619745,0.2142857142857143
15,3,150,1.2210591133004924,0.8677029591104015,0.2142857142857143
15,3,151,1.2210591133004924,0.8212476565353534,0
15,3,152,1.2210591133004924,0.8559964107700353,0.2142857142857143
15,3,153,1.2210591133004924,0.8819369598659109,0.2142857142857143
15,3,154,1.2210591133004924,0.8664514497479545,0.18749885163068458
15,3,155,1.2210591133004924,0.8666570457661886,0.2142857142857143
15,3,156,1.2210591133004924,0.8439184967580299,0.2142857142857143
15,3,157,1.2210591133004924,0.867569458123281,0.2142857142857143
15,3,158,1.2210591133004924,0.8104571362914521,0.2142857142857143
15,3,159,1.2210591133004924,0.8372761304724873,0.2142857142857143
15,3,160,1.2210591133004924,0.8221137038162987,0.2142857142857143
15,3,161,1.2210591133004924,0.8555229238781945,0.6190476190476191
15,3,162,1.2210591133004924,0.7826609859074086,0
15,3,163,1.2210591133004924,0.8454669554127989,0.2142857142857143
15,3,164,1.2210591133004924,0.8262682780194561,0.2142857142857143
15,3,165,1.2210591133004924,0.6929945879481086,0.2142857142857143
15,3,166,1.2210591133004924,0.7729255611077176,0.2142857142857143
15,3,167,1.2210591133004924,0.8530288589885658,0.2142857142857143
15,3,168,1.2210591133004924,0.8128843390925913,0.4642857142857143
15,3,169,1.2210591133004924,0.7778010550575876,0.2142857142857143
15,3,170,1.2210591133004924,0.834885998761316,0.2142857142857143
15,3,171,1.2210591133004924,0.8001267524447593,0.14917293233082707
15,3,172,1.2210591133004924,0.8459272801762119,0.39875166889185554
15,3,173,1.2210591133004924,0.830374628844814,0.2142857142857143
15,3,174,1.2210591133004924,0.8642305606375383,0.2142857142857143
15,3,175,1.2210591133004924,0.8452504339383248,0.04606639839034188
15,3,176,1.2210591133004924,0.8392592830300027,0.6190476190476191
15,3,177,1.2210591133004924,0.7960707629552165,0.2142857142857143
15,3,178,1.2210591133004924,0.7954228118734253,0.2142857142857143
15,3,179,1.2210591133004924,0.8808521552597969,0.2142857142857143
15,3,180,1.2210591133004924,0.8000650288990887,0.2142857142857143
15,3,181,1.2210591133004924,0.8184785749844735,0.2142857142857143
15,3,182,1.2210591133004924,0.8753413987690436,0.6190476190476191
15,3,183,1.2210591133004924,0.8315925593061897,0.2142857142857143
15,3,184,1.2210591133004924,0.8305326512218646,0
15,3,185,1.2210591133004924,0.8334781510684219,0.2142857142857143
15,3,186,1.2210591133004924,0.8135662717111881,0.2142857142857143
15,3,187,1.2210591133004924,0.8597512698881935,0
15,3,188,1.2210591133004924,0.8221088146623008,0.20932773109243685
15,3,189,1.2210591133004924,0.8489066239999459,0.2142857142857143
15,3,190,1.2210591133004924,0.8179294448538186,0.2142857142857143
15,3,191,1.2210591133004924,0.8473863564357856,0.2142857142857143
15,3,192,1.2210591133004924,0.8638195596765793,0.2142857142857143
15,3,193,1.2210591133004924,0.8177660689733872,0.2142857142857143
15,3,194,1.2210591133004924,0.793186505291595,0.2142857142857143
15,3,195,1.2210591133004924,0.8087879157009316,0.2142857142857143
15,3,196,1.2210591133004924,0.8316231881955797,0.2142857142857143
15,3,197,1.2210591133004924,0.8175324254595941,0.2142857142857143
15,3,198,1.2210591133004924,0.8304914247444252,0.2142857142857143
15,3,199,1.2210591133004924,0.8078722280096293,0.2142857142857143
15,3,200,1.2210591133004924,0.8368930547260518,0.017447306791568917
15,3,201,1.2210591133004924,0.8643854791155775,0.2142857142857143
15,3,202,1.2210591133004924,0.8378743847435882,0.15917293233082708
15,3,203,1.2210591133004924,0.8255745679067269,0.2142857142857143
15,3,204,1.2210591133004924,0.836051676990503,0.2142857142857143
15,3,205,1.2210591133004924,0.8627297842576545,0.2142857142857143
15,3,206,1.2210591133004924,0.8678818228987225,0.2142857142857143
15,3,207,1.2210591133004924,0.8351664839356617,0.2142857142857143
15,3,208,1.2210591133004924,0.8497227052422066,0.2142857142857143
15,3,209,1.2210591133004924,0.8240520904682953,0.06932773109243684
15,3,210,1.2210591133004924,0.8564222095574848,0.2142857142857143
15,3,211,1.2210591133004924,0.8344370089904747,0.2142857142857143
15,3,212,1.2210591133004924,0.8567421887166293,0.6190476190476191
15,3,213,1.2210591133004924,0.8014961951867673,0.2142857142857143
15,3,214,1.2210591133004924,0.8119563027797189,0.2142857142857143
15,3,215,1.2210591133004924,0.8567554557837695,0.2142857142857143
15,4,1,0.9360902255639099,0.7017672166053843,0.4967481203007519
15,4,2,0.9996830092983939,0.7787538451276435,0.5892857142857144
15,4,3,1.0355374823196606,0.8192131933506472,0.6309523809523809
15,4,4,1.0355374823196606,0.825377310333868,0.6517857142857144
15,4,5,1.0373376623376622,0.8324171971246863,0
15,4,6,1.0392120765832105,0.8575718263014093,0.6587301587301586
15,4,7,1.0432027649769584,0.8791903926410005,0
15,4,8,1.0475521669341894,0.8698234147289874,0.6587301587301586
15,4,9,1.0603526220614827,0.8741150905173929,0.0684253246753247
15,4,10,1.1162398921832883,0.885955322988814,0.6202135493372607
15,4,11,1.1162398921832883,0.8838373276296302,0.6587301587301586
15,4,12,1.1162398921832883,0.9179450134389822,0.668831168831169
15,4,13,1.1228991596638656,0.9146097724824306,0.6587301587301586
15,4,14,1.1228991596638656,0.8859063515191995,0.6642857142857141
15,4,15,1.1228991596638656,0.9051138309339577,0.7023809523809523
15,4,16,1.1228991596638656,0.9165206390108172,0.6726190476190477
15,4,17,1.1228991596638656,0.9132157477478242,0.7142857142857144
15,4,18,1.1228991596638656,0.9129761584742339,0.7042857142857142
15,4,19,1.1228991596638656,0.9203967556160084,0.7440476190476191
15,4,20,1.1771978021978022,0.9622484923418064,0.6857142857142857
15,4,21,1.1771978021978022,0.9333335215192443,0.668831168831169
15,4,22,1.1771978021978022,0.9361577444044191,0.6758241758241759
15,4,23,1.1771978021978022,0.918161842300713,0.6626584673604541
15,4,24,1.1771978021978022,0.9334058107456593,0.7440476190476191
15,4,25,1.1771978021978022,0.9438328554274684,0.7142857142857144
15,4,26,1.1771978021978022,0.9634717450617627,0.7402597402597402
15,4,27,1.1771978021978022,0.9601176899236192,0.6587301587301586
15,4,28,1.1771978021978022,0.9617676777464065,0.7142857142857144
15,4,29,1.1771978021978022,0.9375978644977659,0.7142857142857144
15,4,30,1.1771978021978022,0.9220115977037974,0.7023809523809523
15,4,31,1.1896718146718146,0.9488136902423547,0.7075289575289574
15,4,32,1.1896718146718146,0.9734409791406727,0.7301587301587302
15,4,33,1.1896718146718146,0.9460979496950763,0.6857142857142857
15,4,34,1.1896718146718146,0.9716917412050903,0.18458188153310107
15,4,35,1.1896718146718146,0.9899661617648087,0.7402597402597402
15,4,36,1.1896718146718146,0.9613545433894063,0.7023809523809523
15,4,37,1.1896718146718146,0.949324876899052,0.7357142857142858
15,4,38,1.1896718146718146,0.9367202683206708,0.7142857142857144
15,4,39,4.07852152355195,1.0165523856706358,0.4328215333054042
15,4,40,4.07852152355195,1.0045332883190716,0.7357142857142858
15,4,41,4.07852152355195,1.015779165280761,0.7357142857142858
15,4,42,4.07852152355195,0.9798983311275546,0.7232142857142856
15,4,43,4.07852152355195,0.9742494545282105,0.22664133738601822
15,4,44,4.07852152355195,0.9470456158959368,0
15,4,45,4.07852152355195,0.9838051408083794,0.6857142857142857
15,4,46,4.07852152355195,0.9692338374956992,0.23599194573972004
15,4,47,4.07852152355195,0.9759538278758239,0.09640386990531069
15,4,48,4.167119637623235,1.116475460779546,0.7098997493734336
15,4,49,4.167119637623235,1.020463238724302,0.6428571428571428
15,4,50,4.167119637623235,1.0868808054814367,0
15,4,51,4.167119637623235,1.0713383959498588,0
15,4,52,4.167119637623235,1.0279452887598282,0.6758241758241759
15,4,53,4.167119637623235,1.0429707729099271,0.7068230277185501
15,4,54,4.167119637623235,1.0607225183495823,0.7069327731092439
15,4,55,4.167119637623235,1.0844084217579717,0.2127380952380954
15,4,56,4.167119637623235,1.1095157189912301,0
15,4,57,4.167119637623235,1.0797257511625478,0.16342556842556832
15,4,58,4.197024572351925,1.0978850493135919,0.6642857142857141
15,4,59,4.197024572351925,1.1674783478938817,0.7071428571428573
15,4,60,4.197024572351925,1.2999462146490786,0.6587301587301586
15,4,61,4.516968023514742,1.2435887687783116,0.7357142857142858
15,4,62,4.516968023514742,1.2455150088483427,0.7402597402597402
15,4,63,4.516968023514742,1.2808042994852968,0.6642857142857141
15,4,64,4.516968023514742,1.2702251390018382,0.7056650246305418
15,4,65,4.5255421468106345,1.3344165564187773,0
15,4,66,4.582426936536461,1.516164413474592,0.2126603934987169
15,4,67,4.591001059832354,1.221855087793702,0.1412917023096666
15,4,68,4.596059605960596,1.5203291914993113,0.582358581016299
15,4,69,4.682247092385341,1.6720788214170883,0.7142857142857144
15,4,70,4.708006279434851,1.7576748455848823,0.6758241758241759
15,4,71,4.708006279434851,1.7359881299417805,0.7056650246305418
15,4,72,4.708006279434851,1.6598820415780466,0.6517857142857144
15,4,73,4.708006279434851,1.3673670175113415,0.6587301587301586
15,4,74,4.773706896551723,1.458561803264409,0.7048517520215634
15,4,75,4.773706896551723,1.4031418915984473,0.7053571428571428
15,4,76,4.779189352692074,1.5888194110666642,0.7053571428571428
15,4,77,4.779189352692074,1.6467030141607162,0.7053571428571428
15,4,78,4.779189352692074,1.2679596945811835,0.6785714285714286
15,4,79,4.779189352692074,1.3489868974475625,0.7026578073089702
15,4,80,4.779189352692074,1.2038889333607026,0.705811138014528
15,4,81,4.779189352692074,1.1180294460188192,0.6758241758241759
15,4,82,4.967982129560685,1.499430486386375,0.7142857142857144
15,4,83,5.010822510822511,1.264588382012127,0
15,4,84,5.010822510822511,1.2700004509244822,0.7023809523809526
15,4,85,5.010822510822511,1.1454301591960556,0.7023809523809523
15,4,86,5.017994054138633,1.303973265038143,0.7011278195488722
15,4,87,5.05574297188755,1.2832972199168435,0.7023809523809523
15,4,88,5.05574297188755,1.2430776755877326,0.6879699248120301
15,4,89,5.05574297188755,1.5525570034242202,0.6857142857142857
15,4,90,5.118150684931507,1.9495888623425452,0.7023809523809526
15,4,91,5.118150684931507,2.2703650140519236,0.7023809523809523
15,4,92,5.118150684931507,1.672654247097935,0.6857142857142857
15,4,93,5.118150684931507,1.5265062066358166,0.7007722007722008
15,4,94,5.118150684931507,1.5972608376520927,0.668831168831169
15,4,95,5.168122660010697,1.9998221543388044,0.704481792717087
15,4,96,5.168122660010697,1.930515049118104,0.7014652014652016
15,4,97,5.168122660010697,1.6708744610800053,0.7026578073089702
15,4,98,5.168122660010697,1.4400116250403585,0.6995798319327733
15,4,99,5.168122660010697,1.523225562822798,0.7000000000000002
15,4,100,5.168122660010697,1.4511931930373914,0.7088509316770186
15,4,101,5.168122660010697,1.3505504605998262,0
15,4,102,5.2207357859531776,1.6012151578324494,0.704481792717087
15,4,103,5.2207357859531776,1.4984846064669446,0.7011278195488722
15,4,104,5.267891312667433,1.841088121195528,0.7053571428571428
15,4,105,5.267891312667433,1.5474153020201047,0.5892857142857144
15,4,106,5.317948717948718,1.6996076155750872,0.6309523809523809
15,4,107,5.317948717948718,1.6074934309423698,0.6991341991341993
15,4,108,5.415090237008045,1.4585559686792127,0.6986607142857144
15,4,109,5.415090237008045,1.5751299858133039,0
15,4,110,5.415090237008045,1.442621705651892,0.5075482625482627
15,4,111,5.415090237008045,1.7138432410460152,0.6976190476190476
15,4,112,5.415090237008045,1.4368155581119277,0.7014652014652016
15,4,113,5.415090237008045,1.2709290658138623,0.6573441994247364
15,4,114,5.415090237008045,1.4229985845938327,0.7007722007722008
15,4,115,5.415090237008045,1.5491423465548784,0.7026578073089702
15,4,116,5.415090237008045,1.6435318456548182,0.7038690476190477
15,4,117,5.415090237008045,1.4896243615738083,0
15,4,118,5.462560921577315,1.3677526029933984,0
15,4,119,5.462560921577315,1.1043402906532231,0.6879699248120301
15,4,120,5.462560921577315,1.3471638172947673,0.16342556842556832
15,4,121,5.462560921577315,1.13838414778633,0.6964285714285714
15,4,122,5.462560921577315,1.3941091315062673,0.6981566820276499
15,4,123,5.462560921577315,1.1381803212954336,0.630231092436975
15,4,124,5.462560921577315,1.3837804268615448,0.6964285714285714
15,4,125,5.462560921577315,1.8184437274276781,0.7007722007722008
15,4,126,5.462560921577315,1.7975378486031,0.7048517520215634
15,4,127,5.462560921577315,1.9256153501848428,0.6981566820276499
15,4,128,5.462560921577315,1.5808756031625535,0.680952380952381
15,4,129,5.523133302794319,1.7262080549526573,0.705811138014528
15,4,130,5.523133302794319,1.5181804065274829,0.3455547850208044
15,4,131,5.523133302794319,1.7273217771217046,0.7051948051948052
15,4,132,5.523133302794319,1.7274100804598027,0.6857142857142857
15,4,133,5.523133302794319,1.6203033957176294,0.7051948051948052
15,4,134,5.523133302794319,1.8404870235530395,0.7042857142857142
15,4,135,5.523133302794319,1.400461374269825,0.7023809523809523
15,4,136,5.523133302794319,1.6283151157484497,0.6517857142857144
15,4,137,5.523133302794319,1.8450185580875758,0.668831168831169
15,4,138,5.523133302794319,2.093715097156006,0.7023809523809523
15,4,139,5.523133302794319,1.8905294650035274,0.6995798319327733
15,4,140,5.523133302794319,1.981691727049422,0.13353002070393383
15,4,141,5.523133302794319,1.4254665188716837,0.2859187109187109
15,4,142,5.523133302794319,1.354911370061504,0.375941232680363
15,4,143,5.523133302794319,1.258660193469115,0.6857142857142857
15,4,144,5.523133302794319,1.3223703748231608,0
15,4,145,5.523133302794319,1.3937699504705543,0.7031746031746033
15,4,146,5.523133302794319,1.2768888314671911,0.7007722007722008
15,4,147,5.523133302794319,1.385102901658982,0.2860702802021129
15,4,148,5.523133302794319,1.5622247699876872,0.7023809523809526
15,4,149,5.523133302794319,1.430963011685087,0.6857142857142857
15,4,150,5.523133302794319,1.4579693191489989,0.6986607142857144
15,4,151,5.523133302794319,1.4896888272957622,0.6726190476190477
15,4,152,5.523133302794319,1.3513872628645254,0.6986607142857144
15,4,153,5.523133302794319,1.527421988331974,0.6857142857142857
15,4,154,5.523133302794319,1.2702439593262644,0.7000000000000002
15,4,155,5.523133302794319,1.398187313604884,0.7003968253968256
15,4,156,5.523133302794319,1.5305134758877161,0.7026578073089702
15,4,157,5.523133302794319,1.7398893040205556,0.7034161490683228
15,4,158,5.523133302794319,1.4766058418527281,0.680952380952381
15,4,159,5.523133302794319,1.29329724493005,0.6642857142857141
15,4,160,5.523133302794319,1.265891967164015,0.7007722007722008
15,4,161,5.523133302794319,1.1091838141887111,0.246808650065531
15,4,162,5.523133302794319,1.3315744671609764,0.7051948051948052
15,4,163,5.523133302794319,1.217143556143198,0.7042857142857142
15,4,164,5.523133302794319,1.2449353859297907,0.7042857142857142
15,4,165,5.523133302794319,1.430277012082617,0.704481792717087
15,4,166,5.532389133967959,1.6527448452924292,0.7031746031746033
15,4,167,5.532389133967959,1.7265463473865004,0.6970443349753694
15,4,168,5.532389133967959,1.866177035692181,0.7011278195488722
15,4,169,5.532389133967959,1.9696418192488139,0.6981566820276499
15,4,170,5.532389133967959,1.5628636835237533,0.7011278195488722
15,4,171,5.532389133967959,1.2970428239700125,0.6428571428571428
15,4,172,5.532389133967959,1.2353794174537267,0.6642857142857141
15,4,173,5.532389133967959,1.1934163987728486,0.6642857142857141
15,4,174,5.532389133967959,1.367663290400595,0
15,4,175,5.532389133967959,1.129435878129194,0.6428571428571428
15,4,176,5.532389133967959,1.3165382814081013,0.6587301587301586
15,4,177,5.532389133967959,1.670049946202235,0.6642857142857141
15,4,178,5.532389133967959,1.295246526251593,0.6976190476190476
15,4,179,5.532389133967959,1.1075029194712536,0.7007722007722008
15,4,180,5.532389133967959,1.2215868268577206,0.6785714285714286
15,4,181,5.532389133967959,1.1979663031470986,0.7003968253968256
15,4,182,5.561743341404358,1.3651526897291604,0
15,4,183,5.561743341404358,1.462099844279782,0.6830357142857144
15,4,184,5.561743341404358,1.2743212229258716,0.7014652014652016
15,4,185,5.561743341404358,1.2805455708381688,0.6758241758241759
15,4,186,5.561743341404358,1.394589738660314,0.6991341991341993
15,4,187,5.561743341404358,1.6707401899176315,0.7003968253968256
15,4,188,5.561743341404358,1.6924573943128436,0.7034161490683228
15,4,189,5.561743341404358,1.580922828704615,0.6991341991341993
15,4,190,5.561743341404358,1.6236842214395548,0.6964285714285714
15,4,191,5.561743341404358,1.2663346419589019,0.7026578073089702
15,4,192,5.561743341404358,1.5222023015119301,0.7011278195488722
15,4,193,5.5720953082780635,1.9120069178755488,0.7036474164133739
15,4,194,5.5720953082780635,1.6116641834394738,0.7007722007722008
15,4,195,5.5720953082780635,1.2077252479660292,0.6970443349753694
15,4,196,5.5720953082780635,1.081567446797674,0.7003968253968256
15,4,197,5.5720953082780635,1.3166801334843754,0.6174044265593561
15,4,198,5.636918382913806,1.526878593676697,0.6915584415584415
15,4,199,5.636918382913806,1.4693890930279203,0.08537267080745337
15,4,200,5.636918382913806,1.216545766604465,0.3186016751977665
15,4,201,5.636918382913806,1.2140803608238107,0.4282246210381259
15,4,202,5.636918382913806,1.1099612124487235,0
15,4,203,5.636918382913806,1.138451378666591,0.6995798319327733
15,4,204,5.636918382913806,1.2388178653064343,0.14617044948820657
15,4,205,5.636918382913806,1.233134325323593,0
15,4,206,5.636918382913806,1.348325616915926,0.5386016751977665
15,4,207,5.636918382913806,1.4323732501039748,0.7000000000000002
15,4,208,5.636918382913806,1.3288369748365698,0.7003968253968256
15,4,209,5.636918382913806,1.653444907145377,0.7007722007722008
15,4,210,5.636918382913806,1.5893968820437865,0.6964285714285714
15,4,211,5.696103896103897,1.5779237526839633,0
15,4,212,5.696103896103897,1.6640649418556075,0
15,4,213,5.696103896103897,1.3542339406916801,0
15,4,214,5.696103896103897,1.2953351397692412,0.30615091804746974
15,4,215,5.696103896103897,1.2224029559472145,0.668831168831169
15,4,216,5.696103896103897,1.30915870672685,0.6925465838509317
15,4,217,5.696103896103897,1.3970911153812826,0.6964285714285714
15,4,218,5.696103896103897,1.1660759443298945,0
15,4,219,5.696103896103897,1.4659330415827097,0.6857142857142857
15,4,220,5.696103896103897,1.8244601514071344,0.3341952983725136
15,4,221,5.696103896103897,1.794791892425006,0.25419529837251353
15,4,222,5.706455862977602,2.102338545791691,0.41591871091871097
15,4,223,5.706455862977602,1.9986054304410126,0.695054945054945
15,4,224,5.706455862977602,2.0234544751075974,0.6957671957671958
15,4,225,5.706455862977602,1.5314635902035374,0.6957671957671958
15,4,226,5.706455862977602,1.474936233423783,0.6934523809523809
15,4,227,5.706455862977602,1.8181512373422215,0
15,4,228,5.706455862977602,2.2302809285281926,0.6934523809523809
15,4,229,5.706455862977602,1.8682407474814562,0.6957671957671958
15,4,230,5.706455862977602,2.046750952849798,0.6934523809523809
15,4,231,5.706455862977602,1.8082366973137705,0.6970443349753694
15,4,232,5.706455862977602,1.6520235256039217,0.695054945054945
15,4,233,5.706455862977602,1.6835083335912493,0
15,4,234,5.706455862977602,1.407702872346031,0
15,4,235,5.791897891231964,1.5077188381533013,0.6991341991341993
15,4,236,5.791897891231964,1.3982832783443604,0.6942857142857144
15,4,237,5.791897891231964,1.388866734238331,0.6995798319327733
15,4,238,5.791897891231964,1.4268694690315145,0.6934523809523809
15,4,239,5.791897891231964,1.5241548792502209,0
15,4,240,5.791897891231964,1.4346443939432334,0.6995798319327733
15,4,241,5.791897891231964,1.8259031829721435,0.6587301587301586
15,4,242,5.791897891231964,1.7376789361875666,0.6970443349753694
15,4,243,5.791897891231964,1.5164367564055052,0.6942857142857144
15,4,244,5.791897891231964,1.70491013870737,0.6957671957671958
15,4,245,5.791897891231964,1.7397013120789546,0.6964285714285714
15,4,246,5.791897891231964,1.6880852057822864,0.6942857142857144
15,4,247,5.791897891231964,1.4467647711658194,0.6642857142857141
15,4,248,5.791897891231964,1.1992881581404837,0.6976190476190476
15,4,249,5.791897891231964,1.26872596568182,0
15,4,250,5.791897891231964,1.370819745121527,0.6981566820276499
15,4,251,5.791897891231964,1.2048835478924094,0.41441558441558457
15,4,252,5.791897891231964,1.276512027270009,0.695054945054945
15,4,253,5.791897891231964,1.35424336359682,0.6904761904761905
15,4,254,5.791897891231964,1.4048654103031704,0.7055137844611528
15,4,255,5.791897891231964,1.544707449218004,0.6925465838509317
15,4,256,5.825834542815675,1.6098378794999433,0.443192325473879
15,4,257,5.825834542815675,1.2595905464235395,0.7069327731092439
15,4,258,5.825834542815675,1.3354808304508499,0.6970443349753694
15,4,259,5.825834542815675,1.4252183998118613,0.7003968253968256
15,4,260,5.825834542815675,1.2735506840179875,0.6925465838509317
15,4,261,5.825834542815675,1.2737433884742637,0.702922077922078
15,4,262,5.825834542815675,1.2173511603622276,0.4859156279961648
15,4,263,5.825834542815675,1.2018680149705283,0.616326530612245
15,4,264,5.825834542815675,1.3106445725595575,0.7232142857142856
15,4,265,5.825834542815675,1.2216034543764416,0.7003968253968256
15,4,266,5.825834542815675,1.3874928048857842,0.6991341991341993
15,4,267,5.825834542815675,1.3483189336322723,0.6942857142857144
15,4,268,5.825834542815675,1.2417392674652803,0.6428571428571428
15,4,269,5.825834542815675,1.2998662266191834,0.362358581016299
15,4,270,5.825834542815675,1.596733502826404,0.6995798319327733
15,4,271,5.825834542815675,1.5292375742550681,0.7023809523809523
15,4,272,5.825834542815675,1.2175169605625635,0.6865079365079365
15,4,273,5.825834542815675,1.2422004616555233,0.6879699248120301
15,4,274,5.825834542815675,1.3523769493775546,0.6970443349753694
15,4,275,5.825834542815675,1.360747992148999,0.7080357142857143
15,4,276,5.825834542815675,1.3277509400435588,0.3931533101045294
15,4,277,5.825834542815675,1.368168289385104,0.17346121237812628
15,4,278,5.825834542815675,1.4567252889841418,0.5906625258799171
15,4,279,5.825834542815675,1.5350298081644644,0.21103896103896114
15,4,280,5.825834542815675,1.74041774267986,0.6942857142857144
15,4,281,5.825834542815675,1.905136912811184,0.6991341991341993
15,4,282,5.825834542815675,2.0674979849346387,0.6970443349753694
15,4,283,5.825834542815675,1.5952825583759784,0.6976190476190476
15,4,284,5.825834542815675,1.465954108952506,0.7000000000000002
15,4,285,5.825834542815675,1.2765782343712253,0.6986607142857144
15,4,286,5.825834542815675,1.378446702358361,0.20313480288257724
15,4,287,5.825834542815675,1.3570915476664698,0.6857142857142857
15,4,288,5.825834542815675,1.3600943337496565,0.6964285714285714
15,4,289,5.825834542815675,1.264954497951596,0.6976190476190476
15,4,290,5.825834542815675,1.1920534435271657,0.6934523809523809
15,4,291,5.825834542815675,1.396669288371555,0.6976190476190476
15,4,292,5.825834542815675,1.6329946706622391,0.6970443349753694
15,4,293,5.825834542815675,1.4514380123060457,0.6934523809523809
15,4,294,5.825834542815675,1.670280633158947,0.7034161490683228
15,4,295,5.825834542815675,1.9344963427690407,0.49219315895372234
15,4,296,5.825834542815675,1.9314990275080586,0.7050264550264549
15,4,297,5.825834542815675,1.7190024958373713,0.3976768814781433
15,4,298,5.825834542815675,2.019967312811877,0.707436399217221
15,4,299,5.825834542815675,2.208609765806026,0.7077067669172932
15,4,300,5.825834542815675,1.304667032485327,0.4623359073359073
15,4,301,5.825834542815675,1.7205466821178785,0.5023585810162989
15,4,302,5.825834542815675,1.727288766712846,0.7077067669172932
15,4,303,5.825834542815675,2.00432950723699,0.6981566820276499
15,4,304,5.825834542815675,2.2781378608908094,0.6986607142857144
15,4,305,5.825834542815675,2.0261574378753076,0.2908134920634921
15,4,306,5.825834542815675,1.8336576701796516,0.7076190476190476
15,4,307,5.825834542815675,1.5487395122270764,0.6986607142857144
15,4,308,5.825834542815675,1.1338876177348807,0.5892857142857144
15,4,309,5.825834542815675,1.3252697618928957,0.6915584415584415
15,4,310,5.825834542815675,1.1341465581190544,0.6964285714285714
15,4,311,5.825834542815675,1.314572166788708,0.37252957233848955
15,4,312,5.825834542815675,1.42072629780561,0.6942857142857144
15,4,313,5.825834542815675,1.2073842046001761,0.6915584415584415
15,4,314,5.825834542815675,1.5074239835336427,0.6857142857142857
15,4,315,5.825834542815675,1.4204447345682956,0.6986607142857144
15,4,316,5.825834542815675,1.617814790139845,0.3324675324675323
15,4,317,5.825834542815675,1.6014972427835423,0.6934523809523809
15,4,318,5.825834542815675,2.270312585466359,0
15,4,319,5.825834542815675,2.002030953073281,0.6986607142857144
15,4,320,5.825834542815675,1.8760222059668041,0.03149820931157987
15,4,321,5.825834542815675,1.6778653593487751,0.6120646506777893
15,4,322,5.825834542815675,2.0057286155892706,0.6995798319327733
15,4,323,5.825834542815675,1.886635574545641,0.6964285714285714
15,4,324,5.825834542815675,1.896596618370911,0.7014652014652016
15,4,325,5.825834542815675,1.534237924725312,0.6957671957671958
15,4,326,5.825834542815675,1.3630208848362715,0.695054945054945
15,4,327,5.825834542815675,1.5368051245191514,0.7089093701996929
15,4,328,5.825834542815675,1.263465341726552,0.7357142857142858
15,4,329,5.825834542815675,1.4641515428059955,0.7664835164835164
15,4,330,5.825834542815675,1.313405350433616,0.7639751552795031
15,4,331,5.825834542815675,1.3992496483747678,0
15,4,332,5.825834542815675,1.6057111502369488,0.7011278195488722
15,4,333,5.825834542815675,1.8334583658706283,0.7014652014652016
15,4,334,5.825834542815675,1.9820357111709495,0.30086105675146774
15,4,335,5.825834542815675,1.7297050936567078,0.605801393728223
15,4,336,5.825834542815675,1.9201169386218504,0.6964285714285714
15,4,337,5.825834542815675,2.039737148328288,0.6991341991341993
15,4,338,5.825834542815675,1.5348409739970506,0.6857142857142857
15,4,339,5.825834542815675,1.8229132926444944,0.6981566820276499
15,4,340,5.825834542815675,1.5344258939498163,0.6942857142857144
15,4,341,5.825834542815675,1.31724893379732,0
15,4,342,5.825834542815675,1.3252213809106255,0.6925465838509317
15,4,343,5.825834542815675,1.452850990381562,0.6942857142857144
15,4,344,5.825834542815675,1.4849123279892122,0.6970443349753694
15,4,345,5.825834542815675,1.425945801449217,0
15,4,346,5.825834542815675,1.2174745916127565,0.6981566820276499
15,4,347,5.825834542815675,1.3264294444660925,0
15,4,348,5.825834542815675,1.5237019926847373,0.6925465838509317
15,4,349,5.825834542815675,1.4406963435848783,0.6857142857142857
15,4,350,5.906485671191553,1.5209565815439967,0.6986607142857144
15,4,351,5.906485671191553,1.382896116802898,0.7003968253968256
15,4,352,5.906485671191553,1.6740120933626566,0.6204978354978355
15,4,353,5.906485671191553,1.8791427777670606,0.6915584415584415
15,4,354,5.906485671191553,1.6736035208865832,0.6995798319327733
15,4,355,5.906485671191553,1.7405534323649063,0.6976190476190476
15,4,356,5.906485671191553,1.750700239821901,0.695054945054945
15,4,357,5.906485671191553,2.0032211442110093,0.695054945054945
15,4,358,5.906485671191553,1.929849101182178,0.6995798319327733
15,4,359,5.906485671191553,1.6479694935331555,0.7007722007722008
15,4,360,5.906485671191553,1.6624474458528438,0.7023809523809523
15,4,361,5.906485671191553,2.1323269038392567,0.6925465838509317
15,4,362,5.906485671191553,2.2062597520092964,0.6915584415584415
15,4,363,5.906485671191553,2.2749681040284586,0.6857142857142857
15,4,364,5.906485671191553,2.276599447051448,0.6942857142857144
15,4,365,5.906485671191553,1.8270632053647313,0.6970443349753694
15,4,366,5.906485671191553,1.977346229776269,0.22110100090991813
15,4,367,5.906485671191553,2.4302334947774105,0.6934523809523809
15,4,368,5.906485671191553,1.9106678120994218,0.7046703296703298
15,4,369,5.906485671191553,2.247128107064847,0.7003968253968256
15,4,370,5.906485671191553,2.3686943113035435,0.704481792717087
15,4,371,5.906485671191553,2.049753825531436,0.6925465838509317
15,4,372,5.906485671191553,1.796985138953332,0.6785714285714286
15,4,373,5.906485671191553,1.5249946321038672,0.6957671957671958
15,4,374,5.906485671191553,1.6926037785103016,0.6925465838509317
15,4,375,5.906485671191553,1.8484518168983524,0.7051948051948052
15,4,376,5.906485671191553,2.093675491920467,0.705811138014528
15,4,377,5.906485671191553,1.3169136105249597,0.7026578073089702
15,4,378,5.906485671191553,1.21478967489491,0
15,4,379,5.906485671191553,1.4357663662177296,0.7023809523809523
15,4,380,5.906485671191553,1.8214093061195018,0.6934523809523809
15,4,381,5.906485671191553,1.3556788575649628,0.704481792717087
15,4,382,5.906485671191553,1.8833294925227606,0.6879699248120301
15,4,383,5.906485671191553,1.5507555005384426,0.6892857142857143
15,4,384,5.906485671191553,1.6421099208743417,0.7048517520215634
15,4,385,5.906485671191553,1.6276877315333997,0
15,4,386,5.906485671191553,1.7415082143972438,0.6957671957671958
15,4,387,5.906485671191553,1.9166827172952552,0.7023809523809523
15,4,388,5.906485671191553,1.3036590062757147,0.7073412698412698
15,4,389,5.906485671191553,1.1493159655463498,0.7000000000000002
15,4,390,5.906485671191553,1.5323206194335492,0.7003968253968256
15,4,391,5.906485671191553,1.6952579120880982,0.6758241758241759
15,4,392,5.906485671191553,1.6158173835586889,0.7070393374741202
15,4,393,5.906485671191553,1.9320962467763154,0.7048517520215634
15,4,394,5.906485671191553,1.925183997560158,0.5476190476190477
15,4,395,5.906485671191553,1.7075842202450682,0.6904761904761905
15,4,396,5.906485671191553,2.028450327666795,0.6857142857142857
15,4,397,5.906485671191553,1.7469717545745582,0.6857142857142857
15,4,398,5.906485671191553,1.7293879093000175,0.6120646506777893
15,4,399,5.906485671191553,1.939200014879003,0.4744659546061414
15,4,400,5.906485671191553,1.8462131948203708,0.705811138014528
15,4,401,5.906485671191553,1.6541396826108723,0.7073412698412698
15,4,402,5.906485671191553,1.2351378609885473,0.6915584415584415
15,4,403,5.906485671191553,1.3438850810345655,0.6957671957671958
15,4,404,5.906485671191553,1.316853502159625,0.6995798319327733
15,4,405,5.906485671191553,1.6039852647856023,0.33598538425271096
15,4,406,5.906485671191553,1.4528267009281206,0
15,4,407,5.906485671191553,1.6987550421098967,0.7095687331536387
15,4,408,5.906485671191553,1.5642024144982465,0
15,4,409,5.906485671191553,1.4902005941350953,0.7023809523809523
15,4,410,5.906485671191553,1.5953779850306213,0.7063492063492065
15,4,411,5.906485671191553,1.6782589764642228,0.6991341991341993
15,4,412,5.906485671191553,1.4191384842068593,0.6915584415584415
15,4,413,5.906485671191553,1.3459440888540966,0.7023809523809523
15,4,414,5.906485671191553,1.1592146693489986,0.6857142857142857
15,4,415,5.906485671191553,1.2565895951294324,0.5476190476190477
15,4,416,5.906485671191553,1.6293092001093978,0.5892857142857144
15,4,417,5.906485671191553,1.6096508908609009,0.5476190476190477
15,4,418,5.906485671191553,1.6281290598356362,0.6904761904761905
15,4,419,5.906485671191553,1.8054360618198453,0.6957671957671958
15,4,420,5.906485671191553,1.5886229162292949,0
15,4,421,5.906485671191553,1.5416984709028616,0.705811138014528
15,4,422,5.906485671191553,2.084646510064959,0.3695238095238096
15,4,423,5.906485671191553,1.4993472152650065,0.7007722007722008
15,4,424,5.906485671191553,1.463064909038243,0.6942857142857144
15,4,425,5.906485671191553,1.8009149796238972,0.6957671957671958
15,4,426,5.906485671191553,1.8270385351415974,0.7000000000000002
15,4,427,5.906485671191553,2.377005649084977,0.6857142857142857
15,4,428,5.906485671191553,2.3842198066750093,0.6991341991341993
15,4,429,5.906485671191553,1.8264978903716154,0.6934523809523809
15,4,430,5.906485671191553,1.90791899627625,0.6587301587301586
15,4,431,5.906485671191553,2.1127091528388893,0.5006625258799171
15,4,432,5.906485671191553,2.353837716286906,0.6915584415584415
15,4,433,5.906485671191553,1.990622272317448,0.6904761904761905
15,4,434,5.906485671191553,2.0041275942288137,0.7031746031746033
15,4,435,5.906485671191553,1.797040173401143,0.7007722007722008
15,4,436,5.906485671191553,1.9831212384407217,0.7023809523809523
15,4,437,5.906485671191553,2.373609060537547,0.6915584415584415
15,4,438,5.906485671191553,1.9750435624070988,0.6957671957671958
15,4,439,5.906485671191553,1.4066939790928603,0.6995798319327733
15,4,440,5.906485671191553,1.4255433907233326,0.7017857142857142
15,4,441,5.906485671191553,1.5195927203633652,0.6964285714285714
15,4,442,5.906485671191553,1.3388643962618447,0.6964285714285714
15,4,443,5.906485671191553,1.258839934678004,0.7046703296703298
15,4,444,5.906485671191553,1.664086971585508,0.11272027373823768
15,4,445,5.906485671191553,1.8458590406421762,0
15,4,446,5.906485671191553,1.5419907430521915,0.7067099567099566
15,4,447,5.906485671191553,1.9209606315242138,0.6942857142857144
15,4,448,5.906485671191553,2.2454442876112943,0
15,4,449,5.906485671191553,2.548069404092352,0.6976190476190476
15,4,450,5.906485671191553,2.0767674020505664,0.6942857142857144
15,4,451,5.906485671191553,1.5950314365661449,0.6915584415584415
15,4,452,5.906485671191553,1.9090090626835925,0.7011278195488722
15,4,453,5.906485671191553,1.1977755391645046,0.6915584415584415
15,4,454,5.906485671191553,1.1938479665768993,0.6915584415584415
15,4,455,5.906485671191553,1.4012520312622794,0.6970443349753694
15,4,456,5.906485671191553,1.3994664867116844,0.6857142857142857
15,4,457,5.906485671191553,1.6102317313543484,0.6942857142857144
15,4,458,5.906485671191553,1.69351927316372,0.6986607142857144
15,4,459,5.906485671191553,1.8992266396933508,0.7023809523809523
15,4,460,5.906485671191553,2.0079999438065816,0.6986607142857144
15,4,461,5.906485671191553,1.3174961411793253,0.7007722007722008
15,4,462,5.906485671191553,2.0128606833543756,0.7065934065934067
15,4,463,5.906485671191553,1.8959909285597962,0.6934523809523809
15,4,464,5.906485671191553,1.5067807652816785,0.6915584415584415
15,4,465,5.906485671191553,1.311214529819187,0.695054945054945
15,4,466,5.906485671191553,1.4536677640349274,0.6934523809523809
15,4,467,5.906485671191553,1.911806034111231,0
15,4,468,5.906485671191553,1.7958501051910074,0.6904761904761905
15,4,469,5.906485671191553,2.296699608237603,0.7048517520215634
15,4,470,5.906485671191553,2.548066142961258,0.1825696316262354
15,4,471,5.906485671191553,2.261079838198142,0.6857142857142857
15,4,472,5.906485671191553,2.1538233161864464,0
15,4,473,5.906485671191553,2.1220471484599197,0.312358581016299
15,4,474,5.906485671191553,1.7745452514547435,0.6934523809523809
15,4,475,5.906485671191553,2.2761951521799175,0.7023809523809523
15,4,476,5.906485671191553,2.1461405608198367,0
15,4,477,5.906485671191553,1.8115891304121854,0.7023809523809523
15,4,478,5.906485671191553,1.8378617575520255,0.7000000000000002
15,4,479,5.906485671191553,1.8267204459702557,0.695054945054945
15,4,480,5.906485671191553,1.9176021463991981,0.6857142857142857
15,4,481,5.906485671191553,1.7174519170474896,0.6995798319327733
15,4,482,5.906485671191553,2.2844824357260625,0.695054945054945
15,4,483,5.906485671191553,1.972822911474295,0.6957671957671958
15,4,484,5.906485671191553,2.097972881335168,0.6934523809523809
15,4,485,5.906485671191553,2.2869623721651697,0.7017857142857142
15,4,486,5.906485671191553,1.444785257343369,0.6942857142857144
15,4,487,5.906485671191553,2.465883127798461,0.695054945054945
15,4,488,5.906485671191553,2.623499993574335,0.7000000000000002
15,4,489,5.906485671191553,2.3947694607813563,0.7048517520215634
15,4,490,5.906485671191553,2.0894574055495663,0.695054945054945
15,4,491,5.906485671191553,1.8806804034093003,0.6857142857142857
15,4,492,5.906485671191553,2.291113921567511,0.552142857142857
15,4,493,5.906485671191553,1.7011536481713898,0.6995798319327733
15,4,494,5.906485671191553,1.6825882270385906,0.4607645875251509
15,4,495,5.906485671191553,1.7683267944191683,0.6957671957671958
15,4,496,5.906485671191553,1.6262888300887597,0.7007722007722008
15,4,497,5.906485671191553,2.021080581704532,0.7003968253968256
15,4,498,5.906485671191553,1.6244364202256583,0.7023809523809523
15,4,499,5.906485671191553,2.1315263229755175,0.695054945054945
15,4,500,5.906485671191553,2.3789991954550356,0.6915584415584415
15,4,501,5.906485671191553,1.702790381509079,0.24254972875226022
15,4,502,5.906485671191553,2.2777580619473765,0.17112115732368904
15,4,503,5.906485671191553,2.2323012592692586,0.6857142857142857
15,5,1,0.9404761904761905,0.7999590396752532,0.5773809523809523
15,5,2,1.0134770889487872,0.8642462039689919,0.7107142857142859
15,5,3,1.0134770889487872,0.864116849330705,0.5773809523809523
15,5,4,1.1517857142857144,0.8923242645487767,0.7575478645066274
15,5,5,1.1517857142857144,0.8813126445071892,0.7107142857142859
15,5,6,4.306591386554622,0.9562608239257684,0.7107142857142859
15,5,7,4.306591386554622,0.9765677397360771,0.7623626373626373
15,5,8,4.306591386554622,0.9691956994984523,0.5773809523809523
15,5,9,4.306591386554622,0.970092579239314,0.5773809523809523
15,5,10,4.306591386554622,1.007484493222053,0.7613211951447245
15,5,11,4.306591386554622,0.9877350689151346,0.5773809523809523
15,5,12,4.306591386554622,0.9592645034154493,0.5773809523809523
15,5,13,4.306591386554622,0.9549376215479621,0.2945998138669148
15,5,14,4.306591386554622,0.9854054395308343,0.817063492063492
15,5,15,4.306591386554622,1.004205019565069,0.5773809523809523
15,5,16,4.306591386554622,1.0723844633829733,0.5773809523809523
15,5,17,4.306591386554622,1.0355852509938466,0.5773809523809523
15,5,18,4.306591386554622,1.0651349691148155,0.5773809523809523
15,5,19,4.306591386554622,1.0550624616093227,0.5773809523809523
15,5,20,4.306591386554622,1.0818462402712334,0.7575478645066274
15,5,21,4.306591386554622,1.0715869495370043,0.5773809523809523
15,5,22,4.306591386554622,1.1149829757293959,0.5773809523809523
15,5,23,4.312791783380019,1.1086448308088233,0.5773809523809523
15,5,24,4.312791783380019,1.0384506478500621,0.5773809523809523
15,5,25,4.312791783380019,1.129660634194134,0.5773809523809523
15,5,26,4.312791783380019,1.0963336695503592,0.795807453416149
15,5,27,4.312791783380019,1.0691495339807746,0.7996031746031744
15,5,28,4.322470451595272,1.1093995535106664,0.5773809523809523
15,5,29,4.322470451595272,1.1947977159943037,0.5773809523809523
15,5,30,4.322470451595272,1.032422602072368,0.5773809523809523
15,5,31,4.322470451595272,1.0656508080186367,0.7726190476190475
15,5,32,4.322470451595272,1.208119904618882,0.7107142857142859
15,5,33,4.322470451595272,1.0587293294100717,0.5773809523809523
15,5,34,4.322470451595272,1.1467694990819228,0.5773809523809523
15,5,35,4.322470451595272,1.0818487069674845,0.7678571428571428
15,5,36,4.322470451595272,1.105421903740378,0.7726190476190475
15,5,37,4.322470451595272,1.1391312874634503,0.8070276497695854
15,5,38,4.322470451595272,1.2591292829701488,0.7726190476190475
15,5,39,4.322470451595272,1.1298578093233973,0
15,5,40,4.322470451595272,1.0957849420917594,0.7726190476190475
15,5,41,4.322470451595272,1.1333780795682222,0.5773809523809523
15,5,42,4.322470451595272,1.2056384106783227,0.7996031746031744
15,5,43,4.322470451595272,1.108112619146377,0.5773809523809523
15,5,44,4.322470451595272,1.123250739181996,0.5773809523809523
15,5,45,4.322470451595272,1.0980361390550817,0.5773809523809523
15,5,46,4.322470451595272,1.1169962572461947,0.7726190476190475
15,5,47,4.322470451595272,1.1004247257356232,0.5773809523809523
15,5,48,4.322470451595272,1.100468004244961,0.5773809523809523
15,5,49,4.322470451595272,1.1274521416344276,0.5773809523809523
15,5,50,4.322470451595272,1.238022129393757,0.8198051948051948
15,5,51,4.338127996664582,1.1663848226552727,0.5773809523809523
15,5,52,5.597212208603701,1.1838384218853022,0.5773809523809523
15,5,53,5.686043533930858,1.2106138129526272,0.5773809523809523
15,5,54,5.723270440251572,1.517886670533207,0.7996031746031744
15,5,55,5.723270440251572,1.306305112333297,0.7107142857142859
15,5,56,5.723270440251572,1.3686587356108055,0.7107142857142859
15,5,57,6.464988198269079,1.3766962916447323,0.5773809523809523
15,5,58,6.464988198269079,1.341975056585045,0.7107142857142859
15,5,59,6.464988198269079,1.5975666484258344,0
15,5,60,6.464988198269079,1.4469323677974262,0.5773809523809523
15,5,61,6.752397558849172,1.6705176512847317,0.5773809523809523
15,5,62,6.752397558849172,2.094235281093956,0.5773809523809523
15,5,63,6.752397558849172,1.908849248294955,0.5773809523809523
15,5,64,6.933957845433255,2.1241903446338815,0.5773809523809523
15,5,65,6.933957845433255,1.9070788575719229,0.5773809523809523
15,5,66,6.933957845433255,2.1542499220274767,0.7678571428571428
15,5,67,6.933957845433255,2.3180514674426234,0.7107142857142859
15,5,68,6.933957845433255,2.3404328515037647,0.5773809523809523
15,5,69,6.933957845433255,2.0852724401148195,0.5773809523809523
15,5,70,6.933957845433255,2.363160993924618,0.7107142857142859
15,5,71,6.933957845433255,1.7097898702741705,0.5773809523809523
15,5,72,6.933957845433255,1.293858635132722,0.5773809523809523
15,5,73,6.933957845433255,1.3663923520696626,0.5773809523809523
15,5,74,6.933957845433255,1.587105749336008,0.5773809523809523
15,5,75,6.933957845433255,1.5060030981102395,0.5773809523809523
15,5,76,6.933957845433255,1.5973850001741903,0.5773809523809523
15,5,77,7.122702434177844,1.7269185296127079,0.5773809523809523
15,5,78,7.150487930148946,1.3841684482665326,0.5773809523809523
15,5,79,7.150487930148946,1.2615723123125322,0.5773809523809523
15,5,80,7.150487930148946,1.9588053643927692,0.5773809523809523
15,5,81,7.150487930148946,1.9901238171358917,0.7107142857142859
15,5,82,7.150487930148946,1.866904056409541,0.5773809523809523
15,5,83,7.150487930148946,1.4068534467453098,0.5773809523809523
15,5,84,7.150487930148946,1.7199168785197485,0.5773809523809523
15,5,85,7.150487930148946,1.5967705913857477,0.5773809523809523
15,5,86,7.150487930148946,1.4655415478886598,0.5773809523809523
15,5,87,7.150487930148946,1.4029730893171708,0.5773809523809523
15,5,88,7.150487930148946,1.4965457161864806,0.5773809523809523
15,5,89,7.150487930148946,1.68988430153794,0.7107142857142859
15,5,90,7.150487930148946,1.6629642492356038,0.5773809523809523
15,5,91,7.150487930148946,2.520556358652046,0.5773809523809523
15,5,92,7.150487930148946,2.45345029851124,0.5773809523809523
15,5,93,7.150487930148946,2.55719947586415,0.5773809523809523
15,5,94,7.150487930148946,2.971458645901734,0.7107142857142859
15,5,95,7.150487930148946,3.2940760913126157,0.5773809523809523
15,5,96,7.150487930148946,2.594926060886004,0.5773809523809523
15,5,97,7.150487930148946,3.0162676561450046,0.5773809523809523
15,5,98,7.150487930148946,3.210568042707378,0.5773809523809523
15,5,99,7.150487930148946,3.2470228636182044,0.5773809523809523
15,5,100,7.363586659376709,2.5663943614849,0.5773809523809523
15,5,101,7.363586659376709,2.865501436584844,0.5773809523809523
15,5,102,7.363586659376709,2.482312741662101,0.5773809523809523
15,5,103,7.363586659376709,2.3476880229623913,0.5773809523809523
15,5,104,7.363586659376709,2.8403188224819633,0.5773809523809523
15,5,105,7.363586659376709,3.119598115951946,0.5773809523809523
15,5,106,7.363586659376709,3.076581281113482,0.5773809523809523
15,5,107,7.363586659376709,2.5038631232274313,0.5773809523809523
15,5,108,7.363586659376709,2.8261171093470456,0.5773809523809523
15,5,109,7.363586659376709,2.506222860250254,0.5773809523809523
15,5,110,7.606078316773816,2.4223964920311407,0.30446731234866825
15,5,111,7.635813672111313,1.9770922477091006,0.7678571428571428
15,5,112,7.635813672111313,1.922653486368705,0.5773809523809523
15,5,113,7.635813672111313,1.9024265571365024,0.7107142857142859
15,5,114,7.635813672111313,2.6434382662238756,0.5773809523809523
15,5,115,7.635813672111313,2.3601161851353964,0
15,5,116,7.635813672111313,1.8873745462694071,0.5773809523809523
15,5,117,7.635813672111313,2.417098675153201,0.5773809523809523
15,5,118,7.635813672111313,1.9922486597916937,0.7617221735319895
15,5,119,7.635813672111313,2.2387854323202383,0.8337912087912089
15,5,120,7.635813672111313,2.4936504801571844,0.5773809523809523
15,5,121,7.635813672111313,3.0087510618087765,0
15,5,122,7.635813672111313,2.789424283004576,0.5773809523809523
15,5,123,7.635813672111313,2.4229129258878923,0.7107142857142859
15,5,124,7.635813672111313,2.021428085871471,0.7107142857142859
15,5,125,7.635813672111313,2.274328978472586,0
15,5,126,7.914230019493178,2.8179933074781127,0.5773809523809523
15,5,127,8.23719298245614,2.9204387528425286,0
15,5,128,8.23719298245614,3.8554508844714097,0
15,5,129,8.23719298245614,2.796550956851365,0.5773809523809523
15,5,130,8.23719298245614,3.1228874420571713,0.7678571428571428
15,5,131,8.23719298245614,2.8131475389985905,0.5773809523809523
15,5,132,8.23719298245614,3.0820433651365904,0.5773809523809523
15,5,133,8.23719298245614,3.07286103085018,0.5773809523809523
15,5,134,8.23719298245614,2.90156967016799,0.5773809523809523
15,5,135,8.23719298245614,2.627510415042431,0.7107142857142859
15,5,136,8.23719298245614,2.9270878063981693,0.5773809523809523
15,5,137,8.23719298245614,3.5809297138945335,0.5773809523809523
15,5,138,8.23719298245614,3.7085887073363204,0.8198051948051948
15,5,139,8.23719298245614,3.0466338510016597,0.7107142857142859
15,5,140,8.23719298245614,3.7406874412235513,0.5773809523809523
15,5,141,8.23719298245614,3.2926044353591415,0.7107142857142859
15,5,142,8.23719298245614,2.794135489661672,0.5773809523809523
15,5,143,8.23719298245614,3.092104661423715,0.5773809523809523
15,5,144,8.23719298245614,3.044228916500411,0.5773809523809523
15,5,145,8.23719298245614,2.601090325390638,0.5773809523809523
15,5,146,8.23719298245614,3.027429954517304,0.5773809523809523
15,5,147,8.23719298245614,3.8168835463274733,0.5773809523809523
15,5,148,8.23719298245614,2.851808496138079,0.5773809523809523
15,5,149,8.616323417238748,3.277979236470041,0.7107142857142859
15,5,150,8.616323417238748,2.7712426866177666,0.5773809523809523
15,5,151,8.616323417238748,2.9728389863351556,0
15,5,152,8.616323417238748,2.8148910073801243,0
15,5,153,8.616323417238748,2.7469655326985687,0.7617965367965367
15,5,154,8.616323417238748,2.7582898286106605,0.7107142857142859
15,5,155,8.616323417238748,2.5921537074471512,0.5773809523809523
15,5,156,8.616323417238748,2.7084149084609335,0.5773809523809523
15,5,157,8.616323417238748,2.9902658827071598,0.5773809523809523
15,5,158,8.616323417238748,2.4466862050524383,0.5773809523809523
15,5,159,8.616323417238748,3.210881503143977,0.7107142857142859
15,5,160,8.616323417238748,3.0156918532082613,0.7107142857142859
15,5,161,8.616323417238748,2.990993269749195,0
15,5,162,8.616323417238748,2.812761334355967,0.5773809523809523
15,5,163,8.616323417238748,2.5542619999468,0.5773809523809523
15,5,164,8.616323417238748,2.7634160944570425,0.5773809523809523
15,5,165,8.616323417238748,2.589233721372028,0.5773809523809523
15,5,166,8.616323417238748,2.1073583393976394,0.5773809523809523
15,5,167,8.616323417238748,2.1479224750237353,0.7107142857142859
15,5,168,8.616323417238748,2.3128450394947753,0.5773809523809523
15,5,169,8.616323417238748,2.2107347499971626,0.5773809523809523
15,5,170,8.616323417238748,2.0857996593415247,0.5773809523809523
15,5,171,8.616323417238748,2.3044656747134638,0.5773809523809523
15,5,172,8.616323417238748,2.733698973018051,0.5773809523809523
15,5,173,8.616323417238748,2.4520158314649745,0.5773809523809523
15,5,174,8.616323417238748,3.1934547748152657,0.5773809523809523
15,5,175,8.616323417238748,2.634043303552939,0.5773809523809523
15,5,176,8.616323417238748,2.59798680413818,0.5773809523809523
15,5,177,8.616323417238748,2.3478923697792675,0.5773809523809523
15,5,178,8.616323417238748,1.9989883076533843,0.7107142857142859
15,5,179,8.616323417238748,2.2586098715611596,0.5773809523809523
15,5,180,8.616323417238748,1.6412711306856864,0.5773809523809523
15,5,181,8.616323417238748,1.716617212890004,0.5773809523809523
15,5,182,8.616323417238748,2.151486708262089,0.7678571428571428
15,5,183,8.616323417238748,2.8283769317723677,0.5773809523809523
15,5,184,8.616323417238748,2.4359473118637816,0.5773809523809523
15,5,185,8.616323417238748,2.258401333185806,0.5773809523809523
15,5,186,8.616323417238748,2.345448823517185,0.5773809523809523
15,5,187,8.616323417238748,2.0524980969293782,0.5773809523809523
15,5,188,8.616323417238748,2.3148047875416595,0.5773809523809523
15,5,189,8.616323417238748,2.648455178708352,0.5773809523809523
15,5,190,8.616323417238748,4.066488240040323,0.5773809523809523
15,5,191,8.616323417238748,3.2442622517365987,0
15,5,192,8.616323417238748,2.777569209602138,0.5773809523809523
15,5,193,8.616323417238748,3.6632267473740687,0.5773809523809523
15,5,194,8.616323417238748,3.8330917205389867,0.5773809523809523
15,5,195,8.616323417238748,3.1622690165493372,0
15,5,196,8.616323417238748,3.0208863012294227,0.5773809523809523
15,5,197,8.616323417238748,2.2892837936324817,0
15,5,198,8.616323417238748,3.076021782774868,0.5773809523809523
15,5,199,8.616323417238748,2.589686594849316,0.5773809523809523
15,5,200,8.616323417238748,2.5693212923820665,0.5773809523809523
15,5,201,8.616323417238748,1.477155576117473,0.5773809523809523
15,5,202,8.616323417238748,1.7727220239672503,0.5773809523809523
15,5,203,8.616323417238748,2.2451940092606018,0.5773809523809523
15,5,204,8.616323417238748,2.5386065332238106,0.7107142857142859
15,5,205,8.616323417238748,3.0508494539357587,0.5773809523809523
15,5,206,8.616323417238748,2.4868330029783006,0.5773809523809523
15,5,207,8.616323417238748,2.5324959118710395,0.5773809523809523
15,5,208,8.616323417238748,3.258432514733563,0.5773809523809523
15,5,209,8.616323417238748,2.2385465320883333,0.5773809523809523
15,5,210,8.616323417238748,2.9122793785792402,0.7107142857142859
15,5,211,8.616323417238748,2.8931101458187936,0.5773809523809523
15,5,212,8.616323417238748,3.5188040772304015,0.7107142857142859
15,5,213,8.616323417238748,3.0935707363622282,0.5773809523809523
15,5,214,8.616323417238748,2.770333250497637,0.5773809523809523
15,5,215,8.616323417238748,3.3332974839136864,0.7107142857142859
15,5,216,8.616323417238748,3.0174227098292805,0.5773809523809523
15,5,217,8.616323417238748,3.3336337424183693,0.5773809523809523
15,5,218,8.616323417238748,3.750641296507995,0.5773809523809523
15,5,219,8.616323417238748,3.7690675126804307,0.5773809523809523
15,5,220,8.616323417238748,4.017636444460326,0.5773809523809523
15,5,221,8.616323417238748,3.694794254704145,0.5773809523809523
15,5,222,8.616323417238748,3.6046564507327226,0.5773809523809523
15,5,223,8.616323417238748,3.0889969665955515,0.5773809523809523
15,5,224,8.616323417238748,3.182976481349343,0.5773809523809523
15,5,225,8.616323417238748,2.8420757619583834,0.5773809523809523
15,5,226,8.616323417238748,3.170611186577614,0.5773809523809523
15,5,227,8.616323417238748,2.7973871467708453,0.7678571428571428
15,5,228,8.616323417238748,2.9366433478526064,0.5773809523809523
15,5,229,8.616323417238748,2.40281245026808,0.7107142857142859
15,5,230,8.616323417238748,2.4015503106955496,0.5773809523809523
15,5,231,8.616323417238748,2.493556016190735,0.5773809523809523
15,5,232,8.616323417238748,2.6640719937649817,0.7107142857142859
15,5,233,8.616323417238748,3.2247264800677886,0.5773809523809523
15,5,234,8.616323417238748,2.699234481087407,0.5773809523809523
15,5,235,8.616323417238748,2.246309700601317,0
15,5,236,8.616323417238748,2.579622203661969,0.5773809523809523
15,5,237,8.616323417238748,3.3519996116722024,0.7107142857142859
15,5,238,8.616323417238748,3.0957270144997864,0.5773809523809523
15,5,239,8.616323417238748,2.85557179040241,0.5773809523809523
15,5,240,8.616323417238748,3.302247918512768,0
15,5,241,8.616323417238748,3.2970164527445602,0.7107142857142859
15,5,242,8.616323417238748,3.1521894781893343,0.5773809523809523
15,5,243,8.616323417238748,2.3969245002711155,0.5773809523809523
15,5,244,8.616323417238748,3.1685446077385793,0.5773809523809523
15,5,245,8.616323417238748,2.6620403985131005,0.5773809523809523
15,5,246,8.616323417238748,2.523436776096069,0.5773809523809523
15,5,247,8.616323417238748,3.2589292145231683,0.5773809523809523
15,5,248,8.616323417238748,2.7881774458697817,0.5773809523809523
15,5,249,8.616323417238748,2.5705291340383853,0.5773809523809523
15,5,250,8.616323417238748,3.361012244171601,0.5773809523809523
15,5,251,8.616323417238748,2.4797851718215775,0.5398261102193687
15,5,252,8.616323417238748,1.367182702692254,0.3400871080139373
15,5,253,8.616323417238748,1.4310954102200903,0.5773809523809523
15,5,254,8.616323417238748,1.3055604720622735,0.5773809523809523
15,5,255,8.616323417238748,1.6089857146102369,0.7107142857142859
15,5,256,8.616323417238748,2.114895481424456,0.5773809523809523
15,5,257,8.616323417238748,2.5497458298325983,0.5773809523809523
15,5,258,8.616323417238748,2.875266748961609,0.7107142857142859
15,5,259,8.616323417238748,3.1630985986595244,0.5773809523809523
15,5,260,8.616323417238748,3.0204980672845947,0.7107142857142859
15,5,261,8.616323417238748,2.0126414819721226,0
15,5,262,8.616323417238748,2.7059992528185357,0.5773809523809523
15,5,263,8.616323417238748,2.7152326906720274,0
15,5,264,8.616323417238748,2.6569621804732098,0.5773809523809523
15,5,265,8.616323417238748,2.331799111735462,0.5773809523809523
15,5,266,8.616323417238748,3.148197268961999,0.5773809523809523
15,5,267,8.616323417238748,2.648052807093176,0.7107142857142859
15,5,268,8.616323417238748,2.6249437382538883,0.5773809523809523
15,5,269,8.616323417238748,2.6071705729025485,0.5773809523809523
15,5,270,8.616323417238748,3.1120589108110566,0
15,5,271,8.616323417238748,3.0271697229148877,0.5773809523809523
15,5,272,8.616323417238748,2.662220510749836,0.5773809523809523
15,5,273,8.616323417238748,3.0838160357487268,0
15,5,274,8.616323417238748,3.024130535600158,0.5773809523809523
15,5,275,8.616323417238748,2.72616897581756,0
15,5,276,8.616323417238748,3.1797247709015735,0.5773809523809523
15,5,277,8.616323417238748,2.7205191862206317,0.5773809523809523
15,5,278,8.616323417238748,2.896910683162883,0.5773809523809523
15,5,279,8.616323417238748,2.903164571417995,0.5773809523809523
15,5,280,8.616323417238748,2.83943220193645,0.5773809523809523
15,5,281,8.616323417238748,2.529520920113074,0.5773809523809523
15,5,282,8.616323417238748,2.5312158853817723,0
15,5,283,8.616323417238748,2.2761545292893595,0
15,5,284,8.616323417238748,3.087030880905203,0.5773809523809523
15,5,285,8.616323417238748,2.6848725783115346,0.5773809523809523
15,5,286,8.616323417238748,1.9369007763305603,0.7107142857142859
15,5,287,8.616323417238748,2.414119882397193,0.5773809523809523
15,5,288,8.616323417238748,2.584068122842041,0.7107142857142859
15,5,289,8.616323417238748,2.9291250907764517,0.5773809523809523
15,5,290,8.616323417238748,3.3623215901291745,0.5773809523809523
15,5,291,8.616323417238748,3.312044161741361,0.5773809523809523
15,5,292,8.616323417238748,3.5344203080516916,0.5773809523809523
15,5,293,8.616323417238748,3.2612155992857224,0
15,5,294,8.616323417238748,2.959529087855591,0.2202044252044254
15,5,295,8.616323417238748,3.1067618191075974,0.5773809523809523
15,5,296,8.616323417238748,3.678395536674985,0.5620129870129871
15,5,297,8.616323417238748,3.351681342619477,0.7107142857142859
15,5,298,8.616323417238748,3.6070087116707974,0.5773809523809523
15,5,299,8.616323417238748,3.4916663289345,0.017957477305303282
15,5,300,8.616323417238748,3.146500522858405,0.5773809523809523
15,5,301,8.616323417238748,3.399932739411886,0
15,5,302,8.616323417238748,2.8884356664420925,0.5773809523809523
20,1,1,0.9148797920727745,0.8419020611958803,0.6896929824561404
20,1,2,0.9155581260844419,0.8521660437131969,0
20,1,3,0.9752694990488269,0.8347461897595919,0
20,1,4,0.9752694990488269,0.8543766338570135,0
20,1,5,0.9752694990488269,0.8645329480732112,0.4499320882852294
20,1,6,0.9835526315789473,0.8713861206599678,0.12691470054446474
20,1,7,0.9835526315789473,0.8678181247289994,0.135497076023392
20,1,8,0.9835526315789473,0.8624401289852084,0
20,1,9,0.9835526315789473,0.8748847189615506,0.3560284145947692
20,1,10,0.9835526315789473,0.8684985496026265,0
20,1,11,0.9835526315789473,0.8707122770458084,0
20,1,12,0.9872291021671826,0.8663299267477628,0
20,1,13,0.9872291021671826,0.8928509770220908,0.7042763157894738
20,1,14,0.9872291021671826,0.8472488392385381,0
20,1,15,0.9872291021671826,0.8995602204383512,0.7059391598261708
20,1,16,0.9892344497607655,0.8780310414991402,0.1532284980744545
20,1,17,0.9913651315789473,0.8934819568050696,0.6424561403508772
20,1,18,0.9913651315789473,0.8896554572471264,0.6943972835314092
20,1,19,0.9936332767402376,0.9132338531534944,0.7840973401245048
20,1,20,0.9936332767402376,0.8889095603785998,0.04339683564740082
20,1,21,0.9936332767402376,0.8664766661739189,0
20,1,22,0.9960526315789473,0.8859068526971761,0
20,1,23,0.9986388384754992,0.9224486397080223,0.6994152046783626
20,1,24,1,0.9291351412419094,0.6724412094064949
20,1,25,1,0.911808920110762,0
20,1,26,1,0.9211151694178308,0.3469020652898067
20,1,27,1,0.9398543690491107,0.7705263157894737
20,1,28,1,0.8976308911326114,0
20,1,29,1.0075910931174088,0.920027360243041,0
20,1,30,1.0110526315789474,0.9355158974224217,0
20,1,31,1.0110526315789474,0.8795644058830713,0
20,1,32,1.0128893662728249,0.8732222549844498,0
20,1,33,1.0128893662728249,0.9507774780349094,0.868421052631579
20,1,34,1.0128893662728249,0.9242218097894401,0
20,1,35,1.0128893662728249,0.8613834172496937,0
20,1,36,1.0128893662728249,0.942245507234,0.8591617933723197
20,1,37,1.0148026315789473,0.9412512963877211,0.8464357095269821
20,1,38,1.0148026315789473,0.9141721429101293,0
20,1,39,1.0148026315789473,0.9131957472844744,0
20,1,40,1.0148026315789473,0.9317065402703689,0
20,1,41,3.840248447204969,0.9610846157124325,0
20,1,42,3.840248447204969,1.038377461110501,0.23510979435343315
20,1,43,3.840248447204969,0.9966775287994919,0
20,1,44,3.840248447204969,1.0179947310728084,0
20,1,45,3.840248447204969,1.1241831667776054,0.43462642620537373
20,1,46,4.076224611708483,1.2383923408464503,0.6938993469074144
20,1,47,4.076224611708483,1.098259639435315,0
20,1,48,4.076224611708483,1.036483885851161,0.4010331384015595
20,1,49,4.222714852812291,1.2430951007986424,0.8593301435406699
20,1,50,4.238372397881601,1.5410942255460223,0
20,1,51,4.271350236169173,1.924891577894768,0.23721542227662185
20,1,52,4.271350236169173,1.6776492047166816,0.3213121845710166
20,1,53,4.288730448239651,1.9839723765704125,0
20,1,54,4.288730448239651,2.3428512871914697,0.8812233285917497
20,1,55,4.288730448239651,2.1075159918369373,0
20,1,56,4.288730448239651,2.1485523726616513,0
20,1,57,4.319896408062155,2.5461929841798443,0.880451127819549
20,1,58,4.323569637565534,2.155102005293228,0
20,1,59,4.363130475964954,2.205877236287199,0.15126461988304096
20,1,60,4.363130475964954,2.6400838134129274,0
20,1,61,4.376723764764084,2.723911321231587,0
20,1,62,4.376723764764084,2.4250501379762768,0
20,1,63,4.387849896100721,2.153907074330501,0
20,1,64,4.432353315514827,2.34963496810529,0
20,1,65,4.463824117255163,2.392709554791748,0.695668016194332
20,1,66,4.463824117255163,2.8267115851814344,0
20,1,67,4.463824117255163,2.8415225601658243,0
20,1,68,4.463824117255163,2.887985270920966,0.8780701754385964
20,1,69,4.463824117255163,3.125194348678174,0
20,1,70,4.463824117255163,2.9681512526916602,0
20,1,71,4.478791477010357,2.861808171521129,0
20,1,72,4.50644417311084,2.655289820611555,0
20,1,73,4.50644417311084,2.630683226779955,0
20,1,74,4.539184509928627,2.437795297741422,0
20,1,75,4.539184509928627,2.911664929706426,0
20,1,76,4.539184509928627,2.360762379955409,0
20,1,77,4.539184509928627,2.7161084051671285,0
20,1,78,4.539184509928627,3.037429028617536,0.8747368421052633
20,1,79,4.598808637379002,3.08764501641192,0
20,1,80,4.598808637379002,2.4376303506044903,0
20,1,81,4.598808637379002,2.3085697121237927,0
20,1,82,4.598808637379002,2.467220819076611,0
20,1,83,4.598808637379002,2.542802052898742,0
20,1,84,4.598808637379002,2.397574653779766,0.8003508771929825
20,1,85,4.602865761689291,2.4584580598194394,0.8774954627949183
20,1,86,4.602865761689291,2.4700590012488353,0.8795853269537481
20,1,87,4.602865761689291,2.52938518650309,0.2068226120857699
20,1,88,4.602865761689291,2.449085627637057,0
20,1,89,4.602865761689291,2.213848459524558,0
20,1,90,4.602865761689291,2.9504930562665623,0.06113856068743273
20,1,91,4.602865761689291,2.5590639209428896,0.8360212457749882
20,1,92,4.602865761689291,2.7847474585320695,0
20,1,93,4.602865761689291,2.110377113431873,0
20,1,94,4.602865761689291,2.104159878510927,0.1150877192982458
20,1,95,4.602865761689291,2.3761828811897123,0.8614766081871346
20,1,96,4.602865761689291,2.3709028878141836,0
20,1,97,4.602865761689291,2.7418215155028305,0.8786078098471988
20,1,98,4.602865761689291,2.71949773914841,0
20,1,99,4.602865761689291,2.3818140909096797,0
20,1,100,4.602865761689291,2.3524954797318363,0
20,1,101,4.602865761689291,2.4789254330735564,0.8843201754385965
20,1,102,4.602865761689291,2.9421588277239215,0.21676691729323294
20,1,103,4.602865761689291,2.475629281297718,0
20,1,104,4.666191832858499,2.481761589761393,0.8791118421052633
20,1,105,4.7002596559558585,2.437842640502223,0
20,1,106,4.7002596559558585,2.617435606948715,0
20,1,107,4.7002596559558585,2.702782343131584,0
20,1,108,4.7002596559558585,2.56987390676304,0
20,1,109,4.7002596559558585,2.7748369786450047,0.02700518902891036
20,1,110,4.7002596559558585,3.150599066594499,0
20,1,111,4.7002596559558585,2.793134354529764,0
20,1,112,4.7002596559558585,2.8513864330186074,0
20,1,113,4.7002596559558585,2.708195485239105,0
20,1,114,4.7002596559558585,2.445507406018686,0
20,1,115,4.7002596559558585,2.421632967132492,0
20,1,116,4.7002596559558585,2.4456523755378456,0
20,1,117,4.7002596559558585,2.5238297194181984,0.8768796992481203
20,1,118,4.736097236097236,2.8042992555125488,0
20,1,119,4.736097236097236,2.6861817942658734,0
20,1,120,4.736097236097236,2.5711475861531956,0
20,1,121,4.736097236097236,2.5589872714405852,0
20,1,122,4.773846153846153,2.5506600450155723,0
20,1,123,4.773846153846153,2.3759012670664164,0
20,1,124,4.773846153846153,2.636466207583162,0
20,1,125,4.773846153846153,2.8602458948702223,0
20,1,126,4.773846153846153,2.6118931732530837,0
20,1,127,4.773846153846153,2.8952700045010276,0
20,1,128,4.778008658008658,2.656436921913728,0
20,1,129,4.778008658008658,3.0478011352948107,0
20,1,130,4.778008658008658,2.997103627794648,0
20,1,131,4.778008658008658,2.422668865267088,0
20,1,132,4.859886592280959,2.3975064250066556,0
20,1,133,4.859886592280959,2.367655982772267,0
20,1,134,4.904385469602861,2.3560842477978996,0
20,1,135,4.904385469602861,2.391883807876716,0
20,1,136,4.904385469602861,2.6391933320083165,0.8114035087719298
20,1,137,4.904385469602861,2.7052507443781333,0
20,1,138,4.904385469602861,2.689201911560224,0
20,1,139,4.904385469602861,1.9312846867918592,0
20,1,140,4.904385469602861,1.9184380943585593,0
20,1,141,4.904385469602861,2.2174854771824526,0
20,1,142,4.904385469602861,1.932784876284105,0
20,1,143,4.904385469602861,2.1196208918841375,0.07106037151702782
20,1,144,5.001598401598401,2.2959285638903593,0
20,1,145,5.001598401598401,2.262675642089798,0
20,1,146,5.001598401598401,2.043762304923711,0
20,1,147,5.001598401598401,2.3987820702278664,0
20,1,148,5.001598401598401,2.6399275772449005,0
20,1,149,5.001598401598401,2.376752844733325,0
20,1,150,5.001598401598401,2.4420077738354227,0
20,1,151,5.001598401598401,2.478506150182172,0
20,1,152,5.001598401598401,2.7055748043797694,0
20,1,153,5.001598401598401,2.0812204654559174,0
20,1,154,5.001598401598401,2.239923890917095,0.8808479532163744
20,1,155,5.001598401598401,1.9079021982291438,0
20,1,156,5.001598401598401,2.191579325202333,0
20,1,157,5.001598401598401,2.4131481328123687,0.8768796992481203
20,1,158,5.001598401598401,2.0388441948821328,0.6376379974326059
20,1,159,5.001598401598401,2.2373157039177656,0.38598684210526324
20,1,160,5.001598401598401,2.7044736365529967,0.862468671679198
20,1,161,5.001598401598401,2.40569920618281,0
20,1,162,5.001598401598401,2.435786921820347,0
20,1,163,5.001598401598401,2.711722675370309,0.6001913875598086
20,1,164,5.001598401598401,2.5373148783546298,0
20,1,165,5.001598401598401,2.027458718922789,0
20,1,166,5.001598401598401,2.0771082843190705,0
20,1,167,5.001598401598401,2.079727529796382,0
20,1,168,5.001598401598401,2.064792983736551,0.30103313840155954
20,1,169,5.001598401598401,2.3169553935111646,0.7842105263157895
20,1,170,5.001598401598401,2.470971317697306,0.13687668075297743
20,1,171,5.001598401598401,2.398563634980946,0
20,1,172,5.001598401598401,2.5355822691128185,0
20,1,173,5.001598401598401,2.5914338970996447,0.6002725563909774
20,1,174,5.001598401598401,2.3118776048989114,0.8729977116704806
20,1,175,5.001598401598401,2.2478367553893612,0.8870445344129556
20,1,176,5.001598401598401,1.9138372354112076,0
20,1,177,5.001598401598401,2.74309381579371,0
20,1,178,5.054834054834055,2.8612503727871488,0.8613787991104522
20,1,179,5.054834054834055,2.901006969024358,0
20,1,180,5.054834054834055,3.0142646009420013,0.341139719803105
20,1,181,5.054834054834055,2.951052357872358,0.7169204001739888
20,1,182,5.054834054834055,3.0151996423738585,0.8747368421052633
20,1,183,5.054834054834055,2.526070823676363,0
20,1,184,5.054834054834055,2.302044521944156,0.15504267425320073
20,1,185,5.170038272279934,2.501044333244085,0
20,1,186,5.170038272279934,2.393479654203718,0.47635964912280704
20,1,187,5.170038272279934,2.858996483931751,0.2409774436090225
20,1,188,5.170038272279934,2.780316267746731,0.09116541353383467
20,1,189,5.170038272279934,2.327612209686442,0
20,1,190,5.170038272279934,2.1615448558983044,0
20,1,191,5.170038272279934,2.23577634712005,0
20,1,192,5.170038272279934,1.9210367733963885,0
20,1,193,5.170038272279934,2.830735683877362,0.022302631578947296
20,1,194,5.170038272279934,2.1457299665605913,0
20,1,195,5.170038272279934,1.9415652039160272,0
20,1,196,5.170038272279934,1.88925607961317,0
20,1,197,5.170038272279934,1.729594222744725,0
20,1,198,5.170038272279934,2.2226854690227227,0.34102974828375276
20,1,199,5.170038272279934,2.2947064920616587,0
20,1,200,5.170038272279934,2.094581852152727,0.7508756404285049
20,1,201,5.170038272279934,2.3837508060331247,0.8768796992481203
20,1,202,5.170038272279934,2.344688498758454,0.25389934690741445
20,1,203,5.170038272279934,2.581551197108648,0
20,1,204,5.170038272279934,2.3823468735399542,0.440463337831759
20,1,205,5.170038272279934,2.6729721151250168,0
20,1,206,5.170038272279934,2.7493820270211136,0.2813584637268848
20,1,207,5.170038272279934,2.687968593985957,0
20,1,208,5.170038272279934,3.1734305388885042,0
20,1,209,5.170038272279934,2.6251959688298103,0.47655664585191787
20,1,210,5.170038272279934,2.852591324773034,0.43676691729323314
20,1,211,5.170038272279934,2.91648968747654,0.3456680161943321
20,1,212,5.170038272279934,2.401121267616573,0
20,1,213,5.170038272279934,2.3892626407009367,0.10484962406015041
20,1,214,5.170038272279934,2.0876846658944945,0
20,1,215,5.232793522267206,2.1544033256161517,0
20,1,216,5.232793522267206,2.408775251040415,0.7007223942208463
20,1,217,5.232793522267206,2.1713497614445143,0
20,1,218,5.232793522267206,2.1529541316816454,0.6352773826458036
20,1,219,5.232793522267206,2.6085570916629854,0.8812233285917497
20,1,220,5.232793522267206,2.4456184302647186,0
20,1,221,5.232793522267206,2.177784516544563,0
20,1,222,5.232793522267206,2.317069716622912,0
20,1,223,5.304398826979472,2.537536767285828,0
20,1,224,5.304398826979472,2.3987950186053686,0
20,1,225,5.304398826979472,2.670888669121329,0
20,1,226,5.304398826979472,2.9564779667312586,0
20,1,227,5.304398826979472,3.0035500889835163,0.5165566458519179
20,1,228,5.304398826979472,2.905942756991719,0
20,1,229,5.304398826979472,3.4579050722828515,0
20,1,230,5.306493506493507,3.491580130393362,0.6191882247992861
20,1,231,5.306493506493507,3.2911208846760935,0
20,1,232,5.306493506493507,3.213767677258086,0
20,1,233,5.306493506493507,3.2263076670723945,0
20,1,234,5.306493506493507,3.0457335117510254,0
20,1,235,5.306493506493507,2.696502753028231,0.6963797343826859
20,1,236,5.306493506493507,2.5428887983526582,0.12514354066985656
20,1,237,5.306493506493507,2.6933871364147866,0
20,1,238,5.306493506493507,2.6032906055706873,0
20,1,239,5.306493506493507,2.7793956070702484,0
20,1,240,5.306493506493507,3.397250926055617,0.8653250773993808
20,1,241,5.306493506493507,3.0087025448862206,0
20,1,242,5.306493506493507,2.4429708416968636,0
20,1,243,5.306493506493507,2.5027610021248594,0.8586171310629516
20,1,244,5.306493506493507,2.1412522141580403,0
20,1,245,5.306493506493507,2.309001881312272,0.7765481270744429
20,1,246,5.306493506493507,1.9869675724136568,0
20,1,247,5.308615567439097,2.4626891314237542,0.34732128829536524
20,1,248,5.308615567439097,2.0308689946946155,0
20,1,249,5.308615567439097,2.2793919785599384,0
20,1,250,5.308615567439097,2.0828905176510424,0
20,1,251,5.308615567439097,2.3743010517645704,0
20,1,252,5.308615567439097,2.801812383504614,0
20,1,253,5.308615567439097,2.9710451709974155,0.03842105263157902
20,1,254,5.308615567439097,2.6907278384268647,0
20,1,255,5.308615567439097,2.86416812982757,0.676507177033493
20,1,256,5.308615567439097,2.955750218429519,0
20,1,257,5.308615567439097,2.643177667028642,0
20,1,258,5.308615567439097,2.6508047492219537,0
20,1,259,5.308615567439097,2.4695082118026748,0
20,1,260,5.308615567439097,2.2726379602589617,0
20,1,261,5.308615567439097,2.24559700660121,0
20,1,262,5.38340115920582,2.6470308419911777,0
20,1,263,5.38340115920582,2.4689769254610456,0.8594924812030076
20,1,264,5.38340115920582,2.7212638361312087,0
20,1,265,5.38340115920582,2.5169668453577025,0.6539962738705172
20,1,266,5.38340115920582,2.736373732307482,0.22482393032942072
20,1,267,5.38340115920582,3.294529500798552,0
20,1,268,5.38340115920582,3.026788491752867,0
20,1,269,5.38340115920582,3.158768029678939,0
20,1,270,5.38340115920582,2.612087350554768,0.04126776796004605
20,1,271,5.461930226636109,2.403938070831967,0
20,1,272,5.461930226636109,3.1372050322220595,0
20,1,273,5.461930226636109,2.8356156570930664,0
20,1,274,5.461930226636109,1.9373455063319454,0
20,1,275,5.461930226636109,1.9989810979135936,0
20,1,276,5.461930226636109,2.289229914266436,0
20,1,277,5.461930226636109,2.3648356757718956,0
20,1,278,5.461930226636109,2.331709051344918,0.6994736842105262
20,1,279,5.461930226636109,3.136726629850375,0.08296752519596862
20,1,280,5.461930226636109,2.2819238958709906,0
20,1,281,5.461930226636109,2.556634098035303,0.6899291497975708
20,1,282,5.461930226636109,2.790941786965535,0
20,1,283,5.461930226636109,2.7808630148635616,0
20,1,284,5.461930226636109,2.7648728764817383,0.8608452950558214
20,1,285,5.461930226636109,3.015009398178131,0
20,1,286,5.461930226636109,2.657858939024855,0
20,1,287,5.461930226636109,3.005584772404209,0.11593635250918
20,1,288,5.461930226636109,2.659969770199965,0.881578947368421
20,1,289,5.461930226636109,2.6945168887942486,0
20,1,290,5.461930226636109,2.766488333768144,0.3506384814495256
20,1,291,5.461930226636109,2.199679136127829,0
20,1,292,5.461930226636109,2.4292421656195025,0.07463472113118608
20,1,293,5.461930226636109,2.869386511588656,0.13208711433756803
20,1,294,5.461930226636109,2.8799579870923475,0
20,1,295,5.461930226636109,3.0761269408687006,0.8607287449392713
20,1,296,5.461930226636109,2.988883637599918,0.8739035087719298
20,1,297,5.461930226636109,3.2560812190113233,0
20,1,298,5.461930226636109,3.186036429861133,0
20,1,299,5.461930226636109,3.1769253613897424,0.18385412349772068
20,1,300,5.461930226636109,3.2357552005886974,0.05175438596491244
20,1,301,5.461930226636109,2.8901596418134976,0.7196348012889365
20,1,302,5.461930226636109,2.955463144453575,0
20,1,303,5.461930226636109,2.7159673977105205,0.25648570244508906
20,1,304,5.461930226636109,2.4302072414948803,0.8612781954887219
20,1,305,5.461930226636109,2.3674174103149546,0.20366132723112118
20,1,306,5.461930226636109,1.7525011371034733,0.044140866873065066
20,1,307,5.461930226636109,1.6620986977317498,0
20,1,308,5.461930226636109,2.009014716269229,0
20,1,309,5.461930226636109,2.5272955372052497,0
20,1,310,5.461930226636109,2.40953900872149,0
20,1,311,5.461930226636109,2.6530080737345556,0
20,1,312,5.461930226636109,2.6228690134072816,0
20,1,313,5.461930226636109,2.669704919991208,0.7030636292223096
20,1,314,5.461930226636109,2.7191818437608988,0.8598824731732242
20,1,315,5.461930226636109,3.0236553792291154,0
20,1,316,5.461930226636109,2.2565794695911006,0
20,1,317,5.461930226636109,2.4628737582381497,0
20,1,318,5.461930226636109,2.4830799392589467,0.8604845446950711
20,1,319,5.461930226636109,3.1757681584559982,0
20,1,320,5.461930226636109,3.309597066457835,0
20,1,321,5.461930226636109,2.9157328056304834,0.8845327604726101
20,1,322,5.461930226636109,2.3949664068082774,0
20,1,323,5.461930226636109,2.0064589689643197,0.8653250773993808
20,1,324,5.461930226636109,2.3938386888771417,0.4802725563909775
20,1,325,5.461930226636109,2.4558896942488606,0
20,1,326,5.461930226636109,2.7103005677777245,0
20,1,327,5.461930226636109,2.5624045125626527,0
20,1,328,5.461930226636109,2.833710725695347,0.8709273182957393
20,1,329,5.461930226636109,2.705116496825667,0
20,1,330,5.461930226636109,3.108224329165965,0
20,1,331,5.461930226636109,2.853502081847588,0
20,1,332,5.461930226636109,3.2838275281129397,0.6140732265446225
20,1,333,5.461930226636109,3.1323732265003694,0.860608552631579
20,1,334,5.461930226636109,2.4714386485670428,0
20,1,335,5.461930226636109,2.451767005099364,0
20,1,336,5.461930226636109,2.86573535896355,0
20,1,337,5.461930226636109,2.512184097677723,0.6999291497975708
20,1,338,5.461930226636109,2.435858941976627,0
20,1,339,5.461930226636109,2.543155315696329,0.053195488721804574
20,1,340,5.461930226636109,2.536229779898187,0
20,1,341,5.461930226636109,2.5100712305090194,0
20,1,342,5.461930226636109,2.354077805341046,0
20,1,343,5.461930226636109,2.465397035586958,0.6945598509548205
20,1,344,5.461930226636109,2.610347695043935,0.21698759092854103
20,1,345,5.461930226636109,2.9803992564300357,0
20,1,346,5.461930226636109,2.664333651787516,0.4301913875598086
20,1,347,5.461930226636109,2.7048073415231872,0.27092004821213334
20,1,348,5.461930226636109,2.4367065158193943,0.002742772424017881
20,1,349,5.553437164339421,3.0878442388104976,0.3707998342312475
20,1,350,5.553437164339421,3.205234867352753,0.8625386996904025
20,1,351,5.553437164339421,3.2752446505285167,0
20,1,352,5.553437164339421,2.7874771058612726,0
20,1,353,5.553437164339421,2.6272223932993795,0
20,1,354,5.553437164339421,2.6977791588289306,0.6903508771929825
20,1,355,5.553437164339421,2.862568064248907,0
20,1,356,5.553437164339421,2.9276400318380236,0.3504995539696698
20,1,357,5.648096304591265,2.9969800337603822,0.5599291497975707
20,1,358,5.648096304591265,2.8299240846436255,0
20,1,359,5.648096304591265,3.023560087343061,0
20,1,360,5.648096304591265,3.2083209001997077,0
20,1,361,5.648096304591265,2.1088688658033297,0
20,1,362,5.648096304591265,2.4322742617470574,0
20,1,363,5.648096304591265,2.613633847808142,0
20,1,364,5.648096304591265,2.4657961792298053,0.350704584040747
20,1,365,5.648096304591265,2.641263191401431,0
20,1,366,5.648096304591265,2.953071929585517,0
20,1,367,5.648096304591265,2.8711722133359063,0.22076858813700928
20,1,368,5.648096304591265,2.7209385863749556,0
20,1,369,5.648096304591265,2.829556321831694,0
20,1,370,5.648096304591265,2.7238241036272592,0
20,1,371,5.648096304591265,2.3602259420846425,0
20,1,372,5.648096304591265,3.2308891736009997,0.6615931721194879
20,1,373,5.648096304591265,2.620208672855126,0
20,1,374,5.648096304591265,2.4249410097268655,0
20,1,375,5.648096304591265,2.544508814341559,0.8604845446950711
20,1,376,5.648096304591265,2.5374845592295516,0.5803120633442012
20,1,377,5.648096304591265,3.1129237122989606,0.8720095693779903
20,1,378,5.648096304591265,2.530659087422151,0
20,1,379,5.648096304591265,2.5012411904960494,0.861842105263158
20,1,380,5.648096304591265,2.8791917796054673,0.8607287449392713
20,1,381,5.648096304591265,3.0445129949404377,0.5007685881370093
20,1,382,5.648096304591265,2.9371271944337223,0.8613787991104522
20,1,383,5.648096304591265,3.010397013738489,0.4895141700404859
20,1,384,5.648096304591265,2.619254998999257,0
20,1,385,5.648096304591265,2.4663907680147377,0
20,1,386,5.648096304591265,2.6712924149828554,0.54421937195931
20,1,387,5.648096304591265,2.9936741002548386,0
20,1,388,5.648096304591265,2.688146321586713,0.5344840447575632
20,1,389,5.648096304591265,2.98009781488866,0.6900198609731876
20,1,390,5.648096304591265,2.342120245267037,0
20,1,391,5.648096304591265,2.8573804194420984,0
20,1,392,5.648096304591265,3.059734714217662,0
20,1,393,5.648096304591265,2.91958367316746,0
20,1,394,5.648096304591265,2.8145041230485934,0.2969542709232097
20,1,395,5.648096304591265,2.462760075830996,0.44413533834586477
20,1,396,5.648096304591265,2.79707898190192,0.08922088686282625
20,1,397,5.648096304591265,2.726662762128767,0
20,1,398,5.751169590643276,2.7674150008822767,0.5701496861419604
20,1,399,5.751169590643276,2.717185151518696,0.8602243313201035
20,1,400,5.751169590643276,2.590082242045571,0.5779378774805867
20,1,401,5.751169590643276,2.817376846983815,0
20,1,402,5.751169590643276,2.636035872500761,0.8616642958748222
20,1,403,5.751169590643276,2.5603864908868417,0.6104995539696698
20,1,404,5.751169590643276,2.8303023691138662,0
20,1,405,5.751169590643276,2.9287761542261013,0.2643560119811724
20,1,406,5.751169590643276,3.2756654334870565,0.27500641848523755
20,1,407,5.751169590643276,2.584648966524496,0.4805351614329944
20,1,408,5.751169590643276,3.1794839453247397,0
20,1,409,5.751169590643276,3.00234166460074,0
20,1,410,5.751169590643276,3.1263312682970126,0
20,1,411,5.751169590643276,2.550774740263946,0
20,1,412,5.751169590643276,2.455605855559779,0
20,1,413,5.751169590643276,2.307256502622455,0
20,1,414,5.751169590643276,2.370321816312113,0
20,1,415,5.751169590643276,2.6124236963323453,0
20,1,416,5.751169590643276,1.9863324154113828,0
20,1,417,5.751169590643276,2.4506296984184366,0
20,1,418,5.751169590643276,2.4867565399609965,0
20,1,419,5.751169590643276,3.0525352018363914,0.8602243313201035
20,1,420,5.751169590643276,2.9500731271314646,0.030111193476649478
20,1,421,5.751169590643276,2.880777424965863,0
20,1,422,5.751169590643276,2.911327089245714,0.7040328092959673
20,1,423,5.751169590643276,3.539256922245365,0
20,1,424,5.751169590643276,2.8824698074728845,0
20,1,425,5.751169590643276,2.6344493498977175,0.8589870903674282
20,1,426,5.751169590643276,2.3211662609887824,0
20,1,427,5.751169590643276,2.60979703908816,0.5104995539696698
20,1,428,5.751169590643276,2.9640406799502346,0
20,1,429,5.751169590643276,2.5586190361216765,0.8599464763603926
20,1,430,5.751169590643276,2.7124017816842616,0.8599464763603926
20,1,431,5.751169590643276,3.203117759764366,0.8594924812030076
20,1,432,5.751169590643276,2.9805560853882116,0
20,1,433,5.751169590643276,2.387026475119227,0
20,1,434,5.751169590643276,2.258702152583881,0
20,1,435,5.751169590643276,2.441154471193408,0.8589870903674282
20,1,436,5.751169590643276,2.2814350824131013,0
20,1,437,5.753348050036792,2.4625427794922503,0.7815371762740184
20,1,438,5.753348050036792,2.4931868581307355,0
20,1,439,5.753348050036792,2.6256228858331876,0
20,1,440,5.753348050036792,3.006606930897667,0.29097744360902256
20,1,441,5.753348050036792,3.0469787621792013,0.08274277242401784
20,1,442,5.753348050036792,3.2512876690739048,0
20,1,443,5.8660095487448025,2.3262312819638207,0
20,1,444,5.8660095487448025,2.3918438379378104,0
20,1,445,5.8660095487448025,2.957809376770294,0.6996567505720823
20,1,446,5.8660095487448025,3.204084752702626,0.6998880179171332
20,1,447,5.8660095487448025,3.22971929421935,0
20,1,448,5.8660095487448025,2.8005191973761208,0
20,1,449,5.8660095487448025,3.5066479568932363,0.8600877192982457
20,1,450,5.8660095487448025,3.2529703144335618,0.021267767960046036
20,1,451,5.8660095487448025,3.2742932244014287,0.1541353383458648
20,1,452,5.8660095487448025,3.0813357084831905,0.8588056680161944
20,1,453,5.8660095487448025,3.610303512673692,0
20,1,454,5.8660095487448025,3.5716120486540546,0.22676691729323317
20,1,455,5.8660095487448025,3.43243331392655,0.04748120300751879
20,1,456,5.8660095487448025,3.442183845309082,0.1256680161943321
20,1,457,5.989662413180423,3.3142372930222646,0.881578947368421
20,1,458,5.989662413180423,2.985714063059385,0.11705263157894741
20,1,459,5.989662413180423,2.703535100197825,0.12342673229837187
20,1,460,5.989662413180423,2.9190892440160856,0
20,1,461,5.989662413180423,3.3523908341672284,0
20,1,462,5.989662413180423,3.187390981686351,0
20,1,463,5.989662413180423,3.2153713047702945,0.8005263157894738
20,1,464,5.989662413180423,3.2387455866497357,0
20,1,465,5.989662413180423,3.513241390370139,0.03296752519596857
20,1,466,5.994107055164511,3.379425891068442,0.2270526315789474
20,1,467,5.994107055164511,2.594955091192198,0
20,1,468,5.994107055164511,2.492483891602449,0.14463472113118603
20,1,469,5.994107055164511,2.5664036865160273,0
20,1,470,5.994107055164511,2.446996706065053,0.7951702786377709
20,1,471,5.994107055164511,3.1136149700477067,0.18230263157894733
20,1,472,5.994107055164511,3.703972910193702,0.8611746758199847
20,1,473,5.994107055164511,3.233017420634512,0
20,1,474,5.994107055164511,3.115342953810243,0.17742944317315024
20,1,475,5.994107055164511,2.6085047136029864,0.7021929824561404
20,1,476,5.994107055164511,2.273412455698365,0.8609583660644149
20,1,477,5.994107055164511,3.140086709079925,0.8590225563909775
20,1,478,5.994107055164511,2.554166452278153,0
20,1,479,5.994107055164511,2.900684646351719,0.33566801619433206
20,1,480,5.994107055164511,2.350469863837358,0
20,1,481,5.994107055164511,2.5669821502390393,0
20,1,482,5.994107055164511,2.9524101804701015,0.7019056261343013
20,1,483,5.994107055164511,2.679717215234084,0
20,1,484,5.994107055164511,2.8491014673215482,0
20,1,485,5.994107055164511,2.729472662062636,0
20,1,486,5.994107055164511,2.869951534234372,0.8604845446950711
20,1,487,5.994107055164511,2.3583942971121625,0
20,1,488,5.994107055164511,2.6184081278043205,0.8012312030075187
20,1,489,5.994107055164511,2.7471623220877732,0.8614035087719298
20,1,490,5.994107055164511,2.3735956167516803,0
20,1,491,5.994107055164511,2.7059919524075,0.08488721804511268
20,1,492,5.994107055164511,2.909583343390929,0
20,1,493,5.994107055164511,2.7653847299378986,0
20,1,494,5.994107055164511,3.3841925265317006,0
20,1,495,5.994107055164511,2.9323941170249075,0.06230263157894733
20,1,496,5.994107055164511,3.186624250021408,0.8747368421052633
20,1,497,5.994107055164511,2.9838884354179975,0
20,1,498,5.994107055164511,3.269873132980997,0
20,1,499,5.994107055164511,3.172360904950986,0
20,1,500,5.994107055164511,3.0461890589253087,0.017376160990712042
20,1,501,5.994107055164511,3.008392908665884,0
20,1,502,5.994107055164511,3.523569483434217,0.881578947368421
20,1,503,5.994107055164511,3.387097105028036,0
20,1,504,5.994107055164511,2.8673997763510943,0.4503120633442012
20,1,505,5.994107055164511,2.9113473726461168,0.8591617933723197
20,1,506,5.994107055164511,2.760959122575279,0
20,1,507,5.994107055164511,3.1838467926995726,0.7010923535253228
20,1,508,5.994107055164511,3.2029612500937583,0.5067422867513611
20,1,509,5.994107055164511,2.775419049605682,0
20,1,510,5.994107055164511,3.350027583102971,0.8812233285917497
20,1,511,5.994107055164511,2.8411060452942483,0.7500198609731875
20,1,512,5.994107055164511,3.0826951161285647,0.7555821371610847
20,1,513,5.994107055164511,2.967161509756423,0.6198824731732242
20,1,514,5.994107055164511,2.9667040339051147,0.7021929824561404
20,1,515,5.994107055164511,3.0263384340908055,0
20,1,516,5.994107055164511,3.335623930494984,0.09187454938716655
20,1,517,5.994107055164511,2.767572073701028,0.6097863470557583
20,1,518,5.994107055164511,2.0273274591033674,0
20,1,519,5.994107055164511,2.8371803098717496,0.6567048054919908
20,1,520,5.994107055164511,2.7201500347115,0.8755060728744939
20,1,521,5.994107055164511,3.0829847643999075,0.8768796992481203
20,1,522,5.994107055164511,2.6075802706623596,0.8729977116704806
20,1,523,5.994107055164511,2.9585119718564075,0.7201496861419604
20,1,524,5.994107055164511,2.3514728492839985,0
20,1,525,5.996374423203691,3.091996781865037,0
20,1,526,5.996374423203691,3.0289427727839766,0.8604845446950711
20,1,527,5.996374423203691,3.102573836978418,0.880451127819549
20,1,528,5.996374423203691,2.9247528127201554,0.7094736842105263
20,1,529,5.996374423203691,3.21428400623258,0.8762183235867447
20,1,530,5.996374423203691,3.5212357518153414,0.15514354066985647
20,1,531,5.996374423203691,3.093558147827118,0
20,1,532,5.996374423203691,3.2929121427603136,0.8501496861419604
20,1,533,5.996374423203691,3.1756655613129006,0.24463472113118612
20,1,534,5.998672639787622,3.114639158268653,0.8356762874929259
20,1,535,5.998672639787622,2.7088241269167552,0.16414086687306506
20,1,536,5.998672639787622,2.7230131664494315,0.8565162907268171
20,1,537,5.998672639787622,2.877962863171644,0.47046333783175903
20,1,538,5.998672639787622,3.0860550243043945,0
20,1,539,5.998672639787622,3.225040041200074,0.7566278528178852
20,1,540,5.998672639787622,3.3383255662913673,0.861842105263158
20,1,541,5.998672639787622,2.5563646954484476,0.6798824731732243
20,1,542,5.998672639787622,3.355006090199877,0
20,1,543,5.998672639787622,3.499410396289375,0.8836257309941522
20,1,544,5.998672639787622,3.3371470693790086,0
20,1,545,5.998672639787622,3.144906743461645,0
20,1,546,5.998672639787622,2.789205855800993,0
20,1,547,5.998672639787622,2.3370198959602133,0
20,1,548,5.998672639787622,2.77960392319817,0
20,1,549,5.998672639787622,2.762115925091055,0
20,1,550,5.998672639787622,2.6087848203172053,0
20,1,551,5.998672639787622,2.9190729491808924,0
20,1,552,5.998672639787622,2.373700892671488,0.4369204001739888
20,1,553,5.998672639787622,2.5315646550313855,0.37387559808612436
20,1,554,5.998672639787622,3.4022690637717545,0.7099749373433586
20,1,555,5.998672639787622,3.8365871576672133,0
20,1,556,5.998672639787622,3.233058557883569,0
20,1,557,5.998672639787622,3.2255860140666135,0.45695427092320967
20,1,558,5.998672639787622,3.5989230258750773,0
20,1,559,5.998672639787622,3.801780668727821,0
20,1,560,5.998672639787622,3.5138821957196256,0
20,1,561,5.998672639787622,3.457760677719844,0
20,1,562,5.998672639787622,3.3482724511425825,0.6398348813209496
20,1,563,5.998672639787622,3.239524859194187,0.4403120633442012
20,1,564,5.998672639787622,2.9302624496623286,0
20,1,565,5.998672639787622,3.4565633872995907,0.5741475483580747
20,1,566,5.998672639787622,3.63809020603092,0.49042649727767695
20,1,567,5.998672639787622,2.9732164041824944,0.359125636672326
20,1,568,5.998672639787622,3.22850327088028,0
20,1,569,5.998672639787622,2.9607170362054713,0
20,1,570,5.998672639787622,3.557995737367388,0
20,1,571,5.998672639787622,3.1304230746013313,0.4803890160183066
20,1,572,5.998672639787622,3.6556332613053013,0.3765883458646617
20,1,573,5.998672639787622,3.2132948239248935,0
20,1,574,5.998672639787622,3.8433850720492004,0.23676691729323318
20,1,575,5.998672639787622,3.6513070159712946,0
20,1,576,5.998672639787622,3.0484255315943085,0
20,1,577,5.998672639787622,2.5070427391444405,0.5799291497975707
20,1,578,5.998672639787622,2.8136690099981037,0
20,1,579,5.998672639787622,2.7820205641222775,0.330704584040747
20,1,580,5.998672639787622,3.0492615629383533,0.45677912730544307
20,1,581,5.998672639787622,3.8534918127491466,0
20,1,582,5.998672639787622,3.4241510681552416,0
20,1,583,5.998672639787622,3.245842278684997,0
20,1,584,5.998672639787622,2.812958639176612,0
20,1,585,5.998672639787622,3.0509960900276076,0.6196348012889366
20,1,586,5.998672639787622,2.107505045310293,0.6503120633442012
20,1,587,5.998672639787622,2.105009263911894,0
20,1,588,5.998672639787622,2.3979556061969634,0.6994152046783626
20,1,589,5.998672639787622,2.058808331785203,0
20,1,590,5.998672639787622,3.147994985558485,0
20,1,591,5.998672639787622,3.349457408303195,0.6899749373433586
20,1,592,5.998672639787622,3.1945284041688176,0.3906384814495256
20,1,593,5.998672639787622,3.0487919345319283,0.5900639449090015
20,1,594,5.998672639787622,2.9220872728383878,0
20,1,595,5.998672639787622,3.4243368128456835,0
20,1,596,5.998672639787622,3.051797120274987,0
20,1,597,5.998672639787622,3.091933437930469,0
20,1,598,5.998672639787622,3.159446389272809,0
20,1,599,5.998672639787622,3.4162173644460343,0.5801496861419604
20,1,600,5.998672639787622,3.6715442875500317,0.5703508771929824
20,1,601,5.998672639787622,3.7773622483872824,0
20,1,602,5.998672639787622,3.2706298308494213,0.2203508771929824
20,1,603,5.998672639787622,3.56714119528951,0
20,1,604,5.998672639787622,3.4334882097899744,0.39073684210526327
20,1,605,5.998672639787622,3.4418569408160833,0
20,1,606,5.998672639787622,3.347666086824061,0.42983488132094955
20,1,607,5.998672639787622,3.5539421227008643,0.6364654756156447
20,1,608,5.998672639787622,3.109638342537295,0.12083059210526326
20,1,609,5.998672639787622,3.298071238880593,0.6161021365294423
20,1,610,5.998672639787622,2.610148988252787,0
20,1,611,5.998672639787622,3.787817493666407,0.08593635250917997
20,1,612,5.998672639787622,3.634487159921814,0.5597863470557582
20,1,613,5.998672639787622,3.7221797104748537,0
20,1,614,5.998672639787622,3.0482533870660813,0
20,1,615,5.998672639787622,3.257327922866782,0.44019138755980863
20,1,616,5.998672639787622,3.3867779478412556,0.6258979924036896
20,1,617,5.998672639787622,3.0189713320133764,0
20,1,618,5.998672639787622,3.0698118196615014,0
20,1,619,5.998672639787622,3.160288324972193,0
20,1,620,5.998672639787622,2.9527147568497947,0
20,1,621,5.998672639787622,2.9107411333271656,0.48001986097318755
20,1,622,5.998672639787622,2.6635706302892017,0.5896348012889365
20,1,623,5.998672639787622,3.143985447385633,0
20,1,624,5.998672639787622,2.7710475440157643,0.22648570244508903
20,1,625,5.998672639787622,3.0607392125818875,0.440704584040747
20,1,626,5.998672639787622,3.297159808993647,0.360463337831759
20,1,627,5.998672639787622,3.1790668465779937,0.240463337831759
20,1,628,5.998672639787622,3.2095656179704917,0.34046333783175897
20,1,629,6.135007849293563,3.2016066419205176,0
20,1,630,6.135007849293563,3.6690326802991864,0.6296348012889366
20,1,631,6.135007849293563,3.669775286025897,0
20,1,632,6.135007849293563,3.9869426683929157,0
20,1,633,6.135007849293563,3.2119685976022527,0
20,1,634,6.135007849293563,2.7623099962596704,0
20,1,635,6.135007849293563,2.8351408944705283,0
20,1,636,6.135007849293563,2.8783316388155216,0
20,1,637,6.135007849293563,3.304130415888174,0
20,1,638,6.135007849293563,3.219247412264163,0.7300198609731875
20,1,639,6.135007849293563,3.0574309464773473,0.5904995539696698
20,1,640,6.135007849293563,3.1400757310862355,0.5703120633442011
20,1,641,6.135007849293563,2.9425785278251597,0
20,1,642,6.135007849293563,3.4513170042899044,0
20,1,643,6.135007849293563,3.3934732592170644,0
20,1,644,6.135007849293563,3.469608089897083,0.5965883458646617
20,1,645,6.1396993810786915,3.3501397110521958,0
20,1,646,6.1396993810786915,2.8657786850167026,0.4041107078039929
20,1,647,6.1396993810786915,3.0459858203183274,0
20,1,648,6.1396993810786915,2.5803673036789085,0
20,1,649,6.1396993810786915,2.768257644035237,0
20,1,650,6.1396993810786915,2.703736620982308,0
20,1,651,6.1396993810786915,2.495954921493991,0
20,1,652,6.1396993810786915,2.759838446630594,0
20,1,653,6.1396993810786915,3.3846400280995743,0
20,1,654,6.1396993810786915,2.8678198615188983,0
20,1,655,6.1396993810786915,2.7218321717683103,0
20,1,656,6.1396993810786915,2.6327073968457135,0
20,1,657,6.1396993810786915,2.9599847075092582,0
20,1,658,6.1396993810786915,3.223156347518361,0
20,1,659,6.1396993810786915,2.810871681608276,0
20,1,660,6.1396993810786915,3.507899869043907,0.5602725563909774
20,1,661,6.1396993810786915,3.960035174437778,0.6296863370547581
20,1,662,6.1396993810786915,3.661614788859717,0.09076858813700928
20,1,663,6.290773532152842,3.5403766757616086,0.090704584040747
20,1,664,6.290773532152842,3.7394662777335643,0.48968633705475806
20,1,665,6.290773532152842,2.7938650911050265,0.08067180145485664
20,1,666,6.290773532152842,2.8024018436937363,0
20,1,667,6.290773532152842,3.1191763215075623,0
20,1,668,6.290773532152842,3.492267877675534,0.6055581260844418
20,1,669,6.290773532152842,3.212768092677532,0.6256762874929258
20,1,670,6.290773532152842,2.9742281721373187,0
20,1,671,6.290773532152842,3.395527007759354,0.8791118421052633
20,1,672,6.290773532152842,3.538601573478081,0.48031206334420123
20,1,673,6.290773532152842,3.5397981593540013,0.40714638157894734
20,1,674,6.290773532152842,4.087351044054469,0.8791118421052633
20,1,675,6.290773532152842,2.746352083928365,0
20,1,676,6.290773532152842,3.133049803616016,0
20,1,677,6.290773532152842,2.9196440367310754,0.4161021365294424
20,1,678,6.290773532152842,3.054146060953052,0.4564654756156447
20,1,679,6.290773532152842,3.239926220325491,0.7360021265284422
20,1,680,6.290773532152842,3.125737000515346,0
20,1,681,6.290773532152842,3.414805333329718,0.8791118421052633
20,1,682,6.290773532152842,3.1004589100143756,0.5458979924036896
20,1,683,6.290773532152842,3.1688369639023946,0
20,1,684,6.290773532152842,3.4454369509068465,0.8729977116704806
20,1,685,6.290773532152842,2.9961344409187065,0.42658834586466177
20,1,686,6.290773532152842,3.0408458737276045,0
20,1,687,6.290773532152842,3.1691104770376457,0.11681534344335409
20,1,688,6.290773532152842,2.7342594324442175,0
20,1,689,6.290773532152842,3.1588876389383973,0.002742772424017881
20,1,690,6.290773532152842,2.820465859894714,0.8729977116704806
20,1,691,6.290773532152842,3.4127268130201127,0
20,1,692,6.290773532152842,2.943767326815806,0
20,1,693,6.290773532152842,3.1812913521161694,0
20,1,694,6.290773532152842,3.404853058187757,0
20,1,695,6.290773532152842,3.879089857980348,0.14540377661711523
20,1,696,6.290773532152842,3.528764966756774,0
20,1,697,6.290773532152842,3.851289067038993,0.6194176931690929
20,1,698,6.290773532152842,3.512300882819452,0.8634868421052633
20,1,699,6.290773532152842,3.0284157568740553,0
20,1,700,6.290773532152842,3.26362594857384,0.5162907268170426
20,1,701,6.290773532152842,3.2359150664688032,0
20,1,702,6.290773532152842,3.774017875510099,0.4661506707946336
20,1,703,6.290773532152842,3.0059562900494137,0.5298348813209496
20,1,704,6.290773532152842,3.0032281273325623,0
20,1,705,6.290773532152842,3.101267693364446,0
20,1,706,6.290773532152842,2.562739785544338,0.599686337054758
20,1,707,6.290773532152842,2.743705892542546,0.4105701754385964
20,1,708,6.290773532152842,2.801014023436054,0.5997863470557583
20,1,709,6.459113300492611,3.0750553943555015,0.6798824731732243
20,1,710,6.459113300492611,3.317920048027468,0.3797863470557583
20,1,711,6.459113300492611,3.0192223545663017,0
20,1,712,6.459113300492611,3.3393808795364412,0.016485702445089068
20,1,713,6.459113300492611,2.8486570768112243,0.46658834586466175
20,1,714,6.459113300492611,3.489974941639425,0.4663797343826858
20,1,715,6.459113300492611,3.085536519910049,0.4261982626469085
20,1,716,6.459113300492611,2.673868597364294,0.4667791273054431
20,1,717,6.459113300492611,2.6104948394267757,0.7025898078529658
20,1,718,6.459113300492611,2.875462353118357,0.1120857699805069
20,1,719,6.459113300492611,2.7079693096656747,0.6203890160183065
20,1,720,6.459113300492611,2.6487101145608807,0.06540377661711527
20,1,721,6.459113300492611,2.840087418899459,0
20,1,722,6.459113300492611,2.8121747449287486,0
20,1,723,6.459113300492611,2.98017197703549,0.4561982626469085
20,1,724,6.459113300492611,3.1301421830217517,0.8729977116704806
20,1,725,6.459113300492611,3.440058466355521,0.5165481270744429
20,1,726,6.459113300492611,2.929867761096279,0.5558979924036896
20,1,727,6.459113300492611,2.583701947945169,0.42624493927125506
20,1,728,6.459113300492611,3.1579121982193663,0.5160021265284421
20,1,729,6.459113300492611,3.46940143808633,0.3901072124756335
20,1,730,6.459113300492611,3.43513319104232,0.6496348012889366
20,1,731,6.459113300492611,3.0357997097369576,0
20,1,732,6.459113300492611,2.866743167746871,0.2864230019493176
20,1,733,6.459113300492611,3.2549840805062837,0.5095285087719298
20,1,734,6.459113300492611,3.235878315612486,0
20,1,735,6.459113300492611,2.9364399754086263,0
20,1,736,6.459113300492611,2.965841822198105,0.020499553969669848
20,1,737,6.459113300492611,2.5037636857423617,0.2270526315789474
20,1,738,6.459113300492611,3.4347720440966008,0
20,1,739,6.459113300492611,3.0858474404794003,0
20,1,740,6.459113300492611,2.7430738191080724,0.05566801619433204
20,1,741,6.459113300492611,3.377039149003593,0
20,1,742,6.459113300492611,2.9868455948359145,0
20,1,743,6.459113300492611,2.851855201158459,0
20,1,744,6.459113300492611,2.885703793144844,0
20,1,745,6.459113300492611,3.184420819695759,0.42600212652844216
20,1,746,6.459113300492611,3.0816299266555847,0.036485702445088974
20,1,747,6.459113300492611,2.8183620825702387,0
20,1,748,6.459113300492611,3.036524540825762,0
20,1,749,6.459113300492611,3.6094401796634012,0.4063356504468718
20,1,750,6.459113300492611,2.612921927664162,0.8774954627949183
20,1,751,6.459113300492611,2.3893820163827053,0.6261021365294424
20,1,752,6.459113300492611,2.5514163359458517,0.5161506707946336
20,1,753,6.459113300492611,3.0482044321845927,0.4662907268170426
20,1,754,6.459113300492611,3.232093228186106,0
20,1,755,6.459113300492611,3.0761524883598543,0
20,1,756,6.459113300492611,3.3439997679430324,0.35666666666666647
20,1,757,6.459113300492611,3.6982234153342826,0.8590225563909775
20,1,758,6.459113300492611,3.692815480773743,0.4666666666666665
20,1,759,6.459113300492611,2.3160730600969455,0
20,1,760,6.459113300492611,2.9661915102495278,0
20,1,761,6.459113300492611,1.9562254867751872,0.41674228675136105
20,1,762,6.459113300492611,2.037104488632383,0.6268859649122807
20,1,763,6.459113300492611,2.447506646849238,0
20,1,764,6.459113300492611,3.0548792426347364,0
20,1,765,6.459113300492611,3.268962789227429,0
20,1,766,6.459113300492611,3.124270849472123,0
20,1,767,6.459113300492611,3.59333422908096,0.6091812865497077
20,1,768,6.459113300492611,3.720208514081715,0.42650717703349295
20,1,769,6.459113300492611,3.2972832607625544,0.5902323376007585
20,1,770,6.459113300492611,3.130475122287636,0
20,1,771,6.459113300492611,3.4689759519390986,0
20,1,772,6.459113300492611,2.904436853349368,0
20,1,773,6.459113300492611,2.776818505234317,0
20,1,774,6.459113300492611,2.825458271708894,0
20,1,775,6.459113300492611,2.807395574373804,0
20,1,776,6.459113300492611,3.627333325475068,0.5900198609731875
20,1,777,6.459113300492611,3.3715876072641593,0
20,1,778,6.459113300492611,3.4252244984484905,0.4998824731732242
20,1,779,6.459113300492611,3.6056251853585435,0
20,1,780,6.459113300492611,3.458876499758968,0.41637973438268583
20,1,781,6.650252525252525,3.0645144730418377,0.42046333783175904
20,1,782,6.650252525252525,2.577016814833284,0.2468509509066784
20,1,783,6.650252525252525,2.4992842810585567,0.12057017543859638
20,1,784,6.650252525252525,2.791347721776684,0
20,1,785,6.650252525252525,3.1968997191034982,0
20,1,786,6.650252525252525,3.316285530756146,0
20,1,787,6.650252525252525,3.473750574799393,0.6098348813209495
20,1,788,6.650252525252525,3.5175855606812894,0.4164230019493176
20,1,789,6.650252525252525,3.586639092284726,0
20,1,790,6.650252525252525,3.3479855237535783,0.8709273182957393
20,1,791,6.650252525252525,2.7122384845157637,0
20,1,792,6.650252525252525,3.09293086564986,0
20,1,793,6.650252525252525,3.3366758793324913,0
20,1,794,6.650252525252525,3.2374994601136264,0.8780701754385964
20,1,795,6.650252525252525,3.419021080448061,0
20,1,796,6.650252525252525,2.99656780629307,0.8634868421052633
20,1,797,6.650252525252525,3.481407736891128,0.06438596491228077
20,1,798,6.650252525252525,3.41538775336353,0
20,1,799,6.650252525252525,3.4410235754225,0.3376379974326059
20,1,800,6.650252525252525,3.5886691509728736,0
20,1,801,6.650252525252525,3.8083078702729565,0
20,1,802,6.650252525252525,2.9981391830065576,0
20,1,803,6.650252525252525,3.491304655414223,0.42658834586466177
20,1,804,6.650252525252525,3.467566453150597,0.8573099415204679
20,1,805,6.650252525252525,3.509757485358012,0
20,1,806,6.650252525252525,3.8728461317029983,0.8762183235867447
20,1,807,6.650252525252525,3.8984594036346345,0
20,1,808,6.650252525252525,3.9115033694504473,0.8530701754385965
20,1,809,6.650252525252525,2.7934920049542966,0.6263797343826858
20,1,810,6.650252525252525,3.1466412934518906,0.844736842105263
20,1,811,6.652680652680653,3.3636364012101336,0.6259505907626208
20,1,812,6.652680652680653,2.9180787448913366,0.3369020652898067
20,1,813,6.652680652680653,3.197226717911227,0.4262907268170426
20,1,814,6.652680652680653,3.291662721641934,0.8586171310629516
20,1,815,6.652680652680653,3.430360139484477,0
20,1,816,6.652680652680653,3.374240853943251,0.7962449392712551
20,1,817,6.652680652680653,3.115789162103252,0
20,1,818,6.652680652680653,3.0915356587435645,0
20,1,819,6.652680652680653,2.989625282645651,0.704197201865423
20,1,820,6.652680652680653,2.8313055718572375,0
20,1,821,6.652680652680653,2.9010837245215,0.1068509509066784
20,1,822,6.652680652680653,2.988708039391118,0
20,1,823,6.652680652680653,2.903312885561086,0
20,1,824,6.652680652680653,3.2241362948754313,0.7337481554353172
20,1,825,6.652680652680653,3.5287746191209073,0.8492822966507179
20,1,826,6.652680652680653,3.284560918177247,0.08648570244508902
20,1,827,6.652680652680653,2.5628759992496386,0.6994152046783626
20,1,828,6.652680652680653,2.585987539133377,0.17060461070030453
20,1,829,6.652680652680653,2.850567069510619,0.8530701754385965
20,1,830,6.652680652680653,2.994105189355208,0.04366132723112115
20,1,831,6.652680652680653,3.1046525496596913,0.8391812865497075
20,1,832,6.652680652680653,3.2717528667913074,0
20,1,833,6.652680652680653,3.4666605246523323,0.6298348813209496
20,1,834,6.652680652680653,3.314127062656348,0
20,1,835,6.652680652680653,3.5929006614251207,0.8577827547592385
20,1,836,6.652680652680653,3.681478260637016,0.858421052631579
20,1,837,6.652680652680653,3.6895550132507764,0.8800309597523222
20,1,838,6.652680652680653,3.3704379556677675,0.5501913875598086
20,1,839,6.652680652680653,2.863573993210469,0.6840350877192982
20,1,840,6.652680652680653,3.34515460358062,0
20,1,841,6.652680652680653,3.2145111647898847,0.8565162907268171
20,1,842,6.652680652680653,3.1193066106666127,0.868421052631579
20,1,843,6.652680652680653,3.091480240024689,0
20,1,844,6.652680652680653,3.329499924623384,0.8812233285917497
20,1,845,6.652680652680653,3.178964046475341,0
20,1,846,6.652680652680653,2.682370825807705,0.8786078098471988
20,1,847,6.652680652680653,2.6665860830536117,0.6264230019493175
20,1,848,6.652680652680653,3.504939919218777,0
20,1,849,6.652680652680653,3.6462778844309955,0.8391812865497075
20,1,850,6.652680652680653,3.191863516448663,0.881578947368421
20,1,851,6.652680652680653,2.665333334314715,0.6501913875598087
20,1,852,6.652680652680653,2.8804632709984115,0
20,1,853,6.652680652680653,3.0261807483482692,0.8562259306803595
20,1,854,6.652680652680653,3.4670822509902894,0
20,1,855,6.652680652680653,3.151458962012603,0
20,1,856,6.652680652680653,3.38084944493668,0.8562753036437247
20,1,857,6.652680652680653,3.236826575950218,0.8774954627949183
20,1,858,6.652680652680653,3.2955213093556193,0.8549075391180656
20,1,859,6.652680652680653,3.6687901079352527,0
20,1,860,6.652680652680653,3.1266967278303937,0
20,1,861,6.652680652680653,3.7542064111661664,0
20,1,862,6.652680652680653,3.248081422645926,0
20,1,863,6.652680652680653,2.6654443623700526,0.7001096491228069
20,1,864,6.652680652680653,3.6366834301128637,0.8620919387075283
20,1,865,6.652680652680653,3.727416444507403,0.8114035087719298
20,1,866,6.652680652680653,3.4746710067338995,0.8591617933723197
20,1,867,6.652680652680653,3.595694061318127,0
20,1,868,6.652680652680653,3.36093158733687,0.8492822966507179
20,1,869,6.652680652680653,4.018698771549515,0.8549075391180656
20,1,870,6.652680652680653,3.5611083274559054,0.8577827547592385
20,1,871,6.652680652680653,2.85242824556172,0.4306384814495256
20,1,872,6.652680652680653,3.1123300596409873,0.8573099415204679
20,1,873,6.652680652680653,3.474000959987571,0.8567931456548348
20,1,874,6.652680652680653,3.3240380001359546,0.8634868421052633
20,1,875,6.652680652680653,3.7195659569446127,0.8653250773993808
20,1,876,6.652680652680653,2.858102405572219,0.5898348813209495
20,1,877,6.652680652680653,3.3148824248778612,0.8607287449392713
20,1,878,6.652680652680653,3.3657022412095876,0.6162907268170426
20,1,879,6.652680652680653,3.690738083224386,0.6163356504468718
20,1,880,6.652680652680653,3.1344050385167552,0
20,1,881,6.652680652680653,3.4725817237989514,0.7020517395182873
20,1,882,6.652680652680653,3.498672818681446,0.8556005398110662
20,1,883,6.652680652680653,3.303989665049917,0
20,1,884,6.652680652680653,3.104838855891068,0
20,1,885,6.652680652680653,2.6642496404391864,0.8570574162679425
20,1,886,6.652680652680653,3.3019976727138265,0.8780701754385964
20,1,887,6.652680652680653,2.7715524615947804,0
20,1,888,6.652680652680653,2.91733585275497,0.8591617933723197
20,1,889,6.652680652680653,2.918768246944796,0.8762183235867447
20,1,890,6.652680652680653,2.885873354838607,0.8421052631578947
20,1,891,6.652680652680653,3.1680949624277104,0
20,1,892,6.652680652680653,3.721805752869324,0.8762183235867447
20,1,893,6.652680652680653,3.1747274032424495,0.6920077972709553
20,1,894,6.652680652680653,3.05765413209704,0.7522883295194509
20,1,895,6.652680652680653,3.135373374269304,0.858421052631579
20,1,896,6.652680652680653,2.958886305731483,0.8322368421052633
20,1,897,6.652680652680653,3.39957975144986,0.8573099415204679
20,1,898,6.652680652680653,3.558913578196053,0.8615717375630858
20,1,899,6.652680652680653,3.2124858774176603,0.7010923535253228
20,1,900,6.652680652680653,3.275595583032321,0.8567931456548348
20,1,901,6.652680652680653,3.308774884900725,0
20,1,902,6.652680652680653,3.172051543664427,0.5965883458646617
20,1,903,6.652680652680653,3.485509216777454,0.8577827547592385
20,1,904,6.652680652680653,3.4053473156699305,0.8575514874141876
20,1,905,6.652680652680653,3.2909841763398857,0.7017543859649122
20,1,906,6.652680652680653,3.1821334296229367,0.8565162907268171
20,1,907,6.652680652680653,3.4199840696701096,0.8607287449392713
20,1,908,6.652680652680653,3.5477224983962237,0.8795853269537481
20,1,909,6.652680652680653,2.815732458642763,0.6605263157894736
20,1,910,6.652680652680653,2.5673937755685388,0.8585526315789473
20,1,911,6.652680652680653,2.897898557443558,0.8729977116704806
20,1,912,6.652680652680653,3.1775077004869168,0.855921052631579
20,1,913,6.652680652680653,3.880634237436745,0.8709273182957393
20,1,914,6.652680652680653,2.5873366872493118,0
20,1,915,6.652680652680653,2.5638002120936396,0
20,1,916,6.652680652680653,2.969835173678052,0.13593635250918001
20,1,917,6.652680652680653,3.166377190857998,0.10116541353383468
20,1,918,6.652680652680653,3.4195127451661076,0.4301913875598086
20,1,919,6.652680652680653,3.5787250916979887,0.8653250773993808
20,1,920,6.652680652680653,3.599286447620175,0.8322368421052633
20,1,921,6.652680652680653,3.3654359886076297,0.047052631578947346
20,1,922,6.652680652680653,3.1115364246236576,0.7005263157894737
20,1,923,6.652680652680653,2.87035068232803,0.8556005398110662
20,1,924,6.652680652680653,2.910919762228975,0.8653250773993808
20,1,925,6.652680652680653,2.8532086889240897,0
20,1,926,6.652680652680653,3.060051577297348,0.8614035087719298
20,1,927,6.652680652680653,3.1322952250003055,0.5101496861419604
20,1,928,6.652680652680653,3.386813293657623,0.8729977116704806
20,1,929,6.652680652680653,3.5273541615106585,0.8602243313201035
20,1,930,6.652680652680653,3.7090043865581546,0.8570574162679425
20,1,931,6.652680652680653,3.7565840309073217,0
20,1,932,6.652680652680653,2.771845875509231,0.8233082706766917
20,1,933,6.652680652680653,2.675543742115912,0.8549075391180656
20,1,934,6.652680652680653,2.66978664452631,0
20,1,935,6.652680652680653,3.3596880989802536,0
20,1,936,6.652680652680653,2.9648774787481442,0
20,1,937,6.652680652680653,2.852606160059269,0
20,1,938,6.652680652680653,2.7723905066359653,0.19723583768581765
20,1,939,6.652680652680653,2.816400389657074,0
20,1,940,6.652680652680653,3.011136281341224,0.8562753036437247
20,1,941,6.652680652680653,3.3389419696499556,0.8614035087719298
20,1,942,6.652680652680653,3.0489830830201243,0.8577827547592385
20,1,943,6.652680652680653,3.380207380024723,0.8499656750572083
20,1,944,6.652680652680653,3.1797956242771064,0.8697368421052631
20,1,945,6.652680652680653,3.314749681935698,0
20,1,946,6.652680652680653,3.2116572609289578,0.20076858813700937
20,1,947,6.652680652680653,3.5717839834360343,0.6935299455535391
20,1,948,6.652680652680653,3.0057801139053653,0
20,1,949,6.652680652680653,2.9462178821437197,0
20,1,950,6.652680652680653,3.690331285179421,0.8322368421052633
20,1,951,6.652680652680653,2.88507562185981,0.6449154135338344
20,1,952,6.652680652680653,2.74584862831913,0.8739035087719298
20,1,953,6.652680652680653,3.0406472716911224,0
20,1,954,6.652680652680653,2.9205622314336983,0.8631019036954086
20,1,955,6.652680652680653,3.4523996441353506,0
20,1,956,6.652680652680653,3.229070813685133,0.6735054617676266
20,1,957,6.652680652680653,3.2392292195228283,0.855921052631579
20,1,958,6.652680652680653,2.9156994631245876,0
20,1,959,6.652680652680653,3.2797074195266007,0.2470526315789473
20,1,960,6.652680652680653,3.167533091708051,0.868421052631579
20,1,961,6.652680652680653,2.746582872242497,0
20,1,962,6.652680652680653,2.8318357972830706,0.8549075391180656
20,1,963,6.652680652680653,3.2952238144893062,0
20,1,964,6.652680652680653,3.3641527435938974,0.8582169709989258
20,2,1,1.013684210526316,0.7026127699027195,0
20,2,2,1.013684210526316,0.7591784963091835,0.0053999045953253555
20,2,3,1.013684210526316,0.7811177745348512,0.6007622504537204
20,2,4,1.013684210526316,0.7632479291174427,0
20,2,5,1.021812552772305,0.7846039413156806,0.4326231172787275
20,2,6,1.021812552772305,0.7460181869850498,0
20,2,7,1.021812552772305,0.7947723391328182,0
20,2,8,1.021812552772305,0.7925780833632132,0
20,2,9,2.074598109543558,0.8173636127481081,0
20,2,10,2.074598109543558,0.8193688396371797,0
20,2,11,2.074598109543558,0.8842543871300036,0.7112010796221322
20,2,12,2.074598109543558,0.7702066756070218,0
20,2,13,2.074598109543558,0.8588690292962059,0.6459330143540669
20,2,14,2.074598109543558,0.8725583056141468,0
20,2,15,2.074598109543558,0.8682632460849876,0
20,2,16,2.074598109543558,0.9111883810275002,0.2337441705529647
20,2,17,2.074598109543558,0.9018587905406457,0.28203735144312414
20,2,18,2.074598109543558,0.9188728360839065,0.7917666543982333
20,2,19,2.074598109543558,0.937991845143323,0.6599190283400811
20,2,20,2.074598109543558,0.9729829302706873,0.7124518613607189
20,2,21,2.074598109543558,0.9118451436818235,0.4524672145479979
20,2,22,2.074598109543558,0.9457017942463353,0.3321767381416505
20,2,23,2.074598109543558,0.9791995096650965,0.6257309941520468
20,2,24,2.074598109543558,0.9470347117541812,0.6701754385964913
20,2,25,2.074598109543558,0.9162360687319552,0.593984962406015
20,2,26,2.074598109543558,0.9308454909366821,0.6257309941520468
20,2,27,2.074598109543558,0.9131436580346824,0
20,2,28,2.074598109543558,0.9124554163788217,0
20,2,29,2.074598109543558,0.9265282808259812,0.6257309941520468
20,2,30,2.074598109543558,0.9538939049499,0.7706978119455943
20,2,31,2.074598109543558,0.9133419728487877,0.593984962406015
20,2,32,2.074598109543558,0.9214488126110945,0.4823765044009339
20,2,33,2.074598109543558,0.898775762918724,0
20,2,34,2.074598109543558,0.9133218596953974,0.38116174582798457
20,2,35,2.074598109543558,0.9135761863321678,0.6599190283400811
20,2,36,2.074598109543558,0.92456139504435,0.575064482398048
20,2,37,2.074598109543558,0.9004572846545567,0
20,2,38,2.074598109543558,0.8837255414651348,0
20,2,39,2.074598109543558,0.918449229763298,0.5351423641069888
20,2,40,2.074598109543558,0.8865359871862559,0
20,2,41,2.074598109543558,0.9003594679503749,0.11992481203007521
20,2,42,2.074598109543558,0.931604431923875,0.6257309941520468
20,2,43,2.074598109543558,0.9440529709420631,0.6892230576441103
20,2,44,2.074598109543558,0.9378287203238458,0.6257309941520468
20,2,45,2.074598109543558,0.9325742228161912,0.6257309941520468
20,2,46,2.074598109543558,0.8865299981085312,0
20,2,47,2.074598109543558,0.9070100742054622,0
20,2,48,2.074598109543558,0.9211136708766295,0
20,2,49,2.074598109543558,0.9390678433316414,0.35308998302207145
20,2,50,2.074598109543558,0.9199560182359448,0
20,2,51,2.074598109543558,0.9527323459533682,0.6459330143540669
20,2,52,2.074598109543558,0.9326768276372062,0
20,2,53,2.074598109543558,0.8781866137510245,0
20,2,54,2.074598109543558,0.9495810983262422,0.5156793945648435
20,2,55,2.074598109543558,0.9554618380463304,0.7707602339181285
20,2,56,2.074598109543558,0.9129831523312804,0
20,2,57,2.074598109543558,0.9160658815944891,0.6257309941520468
20,2,58,2.074598109543558,0.9620463575760574,0.6780185758513932
20,2,59,2.074598109543558,0.9334081736657062,0.5163157894736843
20,2,60,2.074598109543558,0.9079597062501754,0
20,2,61,2.074598109543558,0.8479865483898377,0.593984962406015
20,2,62,2.074598109543558,0.8700147428560113,0
20,2,63,2.074598109543558,0.8830421381325025,0.32356504468718983
20,2,64,2.074598109543558,0.8979174741302153,0.4425107851596205
20,2,65,2.074598109543558,0.9202119729073414,0
20,2,66,2.074598109543558,0.8934294770735164,0
20,2,67,2.074598109543558,0.9219657749956619,0
20,2,68,2.074598109543558,0.9342510669030193,0.6257309941520468
20,2,69,2.074598109543558,0.933965315088064,0
20,2,70,2.074598109543558,0.9273551276720146,0.5602231727729217
20,2,71,2.074598109543558,0.9255933673829513,0
20,2,72,2.074598109543558,0.9380362715427115,0.5595629211436897
20,2,73,2.074598109543558,0.9257781404453093,0
20,2,74,2.074598109543558,0.9301486398162178,0
20,2,75,2.074598109543558,0.9163308908692769,0
20,2,76,2.074598109543558,0.9115443272628735,0.5618148820326678
20,2,77,2.074598109543558,0.9215403857421204,0
20,2,78,2.074598109543558,0.9092777347734818,0
20,2,79,2.074598109543558,0.909234048664005,0.41549244398124036
20,2,80,2.074598109543558,0.9294587967100023,0.6599190283400811
20,2,81,2.074598109543558,0.9572806010150487,0.6842105263157894
20,2,82,2.074598109543558,0.9565220274492046,0.6842105263157894
20,2,83,2.074598109543558,0.9236205426118907,0.6459330143540669
20,2,84,2.074598109543558,0.8868917536758367,0.5123051531267191
20,2,85,2.074598109543558,0.9027622939381752,0
20,2,86,2.074598109543558,0.9181852402103143,0.34259458550529676
20,2,87,2.074598109543558,0.9126041800791965,0.3047283804366221
20,2,88,2.074598109543558,0.8766110077493824,0
20,2,89,2.074598109543558,0.9059656498620208,0.6257309941520468
20,2,90,2.074598109543558,0.9133257407185159,0
20,2,91,2.074598109543558,0.9178314583034327,0.6968421052631579
20,2,92,2.074598109543558,0.9074342075352952,0.6701754385964913
20,2,93,2.074598109543558,0.8920019604779778,0.6701754385964913
20,2,94,2.074598109543558,0.918540314289967,0
20,2,95,2.074598109543558,0.9220843273736606,0.6459330143540669
20,2,96,2.074598109543558,0.9222632023604598,0.5614581535806731
20,2,97,2.074598109543558,0.9571336365006559,0.6257309941520468
20,2,98,2.0895412798242985,0.9311431137871555,0
20,2,99,2.0895412798242985,0.9293399814053744,0.7854864433811803
20,2,100,2.0895412798242985,0.9402955044142655,0.6257309941520468
20,2,101,2.0895412798242985,0.92400749311924,0.6599190283400811
20,2,102,2.0895412798242985,0.9227670973623647,0.5750540492645757
20,2,103,2.0895412798242985,0.9261980447863017,0.6599190283400811
20,2,104,2.0895412798242985,0.9345049670023537,0.6842105263157894
20,2,105,2.0895412798242985,0.9174740075998442,0
20,2,106,2.0895412798242985,0.9210796407263779,0.3549156872764436
20,2,107,2.0895412798242985,0.9149511615180268,0
20,2,108,2.0895412798242985,0.9440094070023606,0.6701754385964913
20,2,109,2.0895412798242985,0.9278762003136598,0.6701754385964913
20,2,110,2.0895412798242985,0.926526075424226,0.27176386913229
20,2,111,2.0895412798242985,0.9048130793327482,0
20,2,112,2.0895412798242985,0.9245241158887026,0.6257309941520468
20,2,113,2.0895412798242985,0.9607155554103534,0.6459330143540669
20,2,114,2.0895412798242985,0.9263339545694909,0
20,2,115,2.0895412798242985,0.908074264249088,0
20,2,116,2.0895412798242985,0.9543943637154426,0.6701754385964913
20,2,117,2.0895412798242985,0.9369140872347828,0.593984962406015
20,2,118,2.0895412798242985,0.9418075634029662,0.6257309941520468
20,2,119,2.0895412798242985,0.9613587031451176,0.6459330143540669
20,2,120,2.0895412798242985,0.9303202470155368,0
20,2,121,2.0895412798242985,0.8974095085169612,0
20,2,122,2.0895412798242985,0.9304034645789468,0.6257309941520468
20,2,123,2.0895412798242985,0.9370122636369693,0.6933638443935928
20,2,124,2.0895412798242985,0.8863993169284075,0
20,2,125,2.0895412798242985,0.8777969259099255,0
20,2,126,2.0895412798242985,0.9431369742748328,0
20,2,127,2.0895412798242985,0.9001559327620492,0
20,2,128,2.0895412798242985,0.871400590275995,0
20,2,129,2.0895412798242985,0.8896061367077281,0
20,2,130,2.0895412798242985,0.9212954206632216,0
20,2,131,2.0895412798242985,0.9440006793645983,0.6459330143540669
20,2,132,2.0895412798242985,0.8894203638264383,0
20,2,133,2.0895412798242985,0.8970314501346295,0
20,2,134,2.0895412798242985,0.8949734279225993,0
20,2,135,2.0895412798242985,0.8739999134291478,0
20,2,136,2.0895412798242985,0.8862680577120982,0
20,2,137,2.0895412798242985,0.8082228798005064,0
20,2,138,2.0895412798242985,0.882103233284428,0
20,2,139,2.0895412798242985,0.8986389485868236,0
20,2,140,2.0895412798242985,0.9184930126440068,0.6780185758513932
20,2,141,2.0895412798242985,0.9089364873182814,0.35246721454799784
20,2,142,2.0895412798242985,0.9088625265292941,0.6257309941520468
20,2,143,2.0895412798242985,0.8946166932826702,0
20,2,144,2.0895412798242985,0.934651621804436,0.6968421052631579
20,2,145,2.0895412798242985,0.9118020947738396,0.6459330143540669
20,2,146,2.0895412798242985,0.9105250408568625,0.6599190283400811
20,2,147,2.0895412798242985,0.8912406899329197,0
20,2,148,2.0895412798242985,0.921150491142983,0
20,2,149,2.0895412798242985,0.8798765595945222,0
20,2,150,2.0895412798242985,0.8721651943688319,0.4081240229286087
20,2,151,2.0895412798242985,0.8608373695770299,0
20,2,152,2.0895412798242985,0.9055485771857082,0.6968421052631579
20,2,153,2.0895412798242985,0.9238841958249153,0.7023593466424682
20,2,154,2.0895412798242985,0.903208335227352,0
20,2,155,2.0895412798242985,0.9167343008267484,0.593984962406015
20,2,156,2.0895412798242985,0.8979173069672955,0
20,2,157,2.0895412798242985,0.9166252075184993,0
20,2,158,2.0895412798242985,0.8970932297233577,0
20,2,159,2.0895412798242985,0.9176290563965857,0
20,2,160,2.0895412798242985,0.9287857027903995,0.6599190283400811
20,2,161,2.0895412798242985,0.885580246914339,0
20,2,162,2.0895412798242985,0.9216172672047758,0
20,2,163,2.0895412798242985,0.9022612625140966,0
20,2,164,2.0895412798242985,0.8788900299306394,0
20,2,165,2.0895412798242985,0.9074253294124656,0.593984962406015
20,2,166,2.0895412798242985,0.877835506511192,0
20,2,167,2.0895412798242985,0.8527248627902623,0
20,2,168,2.0895412798242985,0.8967425392661835,0
20,2,169,2.0895412798242985,0.8900331325111753,0
20,2,170,2.0895412798242985,0.9304820625086623,0.43197368421052634
20,2,171,2.0895412798242985,0.878324434464526,0
20,2,172,2.0895412798242985,0.8864576087458985,0.6257309941520468
20,2,173,2.0895412798242985,0.883003360235382,0
20,2,174,2.0895412798242985,0.9119394869115572,0.6842105263157894
20,2,175,2.0895412798242985,0.8987531777490105,0.6459330143540669
20,2,176,2.0895412798242985,0.8844189114089016,0
20,2,177,2.0895412798242985,0.9276825716403124,0.6842105263157894
20,2,178,2.0895412798242985,0.9200237254153198,0.14358477627292998
20,2,179,2.0895412798242985,0.8764363006982915,0
20,2,180,2.0895412798242985,0.9285649253030158,0.23289092295957292
20,2,181,2.0895412798242985,0.9249197537258237,0
20,2,182,2.0895412798242985,0.8592184774633911,0
20,2,183,2.0895412798242985,0.8769748010048491,0.20242224880382775
20,2,184,2.0895412798242985,0.9090364780545157,0
20,2,185,2.0895412798242985,0.9210818260133442,0
20,2,186,2.0895412798242985,0.9501262792140576,0.6968421052631579
20,2,187,2.0895412798242985,0.9028433497163738,0.27182139021021945
20,2,188,2.0895412798242985,0.928627753909738,0.19094448449891854
20,2,189,2.0895412798242985,0.9330788817940353,0.4852056185479777
20,2,190,2.0895412798242985,0.931341992997448,0
20,2,191,2.0895412798242985,0.9300561555643442,0
20,2,192,2.7029814271749752,0.9481755126624634,0.15380259158534637
20,2,193,2.7029814271749752,0.950309365145686,0.49205802968960854
20,2,194,2.7029814271749752,0.9298960544298679,0.38263489955171853
20,2,195,2.7029814271749752,0.9355011185244777,0.6257309941520468
20,2,196,2.7029814271749752,0.9154743182351198,0
20,2,197,2.715223762876027,0.9248217001607809,0
20,2,198,2.715223762876027,0.9215666144591657,0
20,2,199,2.715223762876027,0.9191363271857402,0
20,2,200,2.715223762876027,0.9505386699110485,0
20,2,201,2.715223762876027,0.9389681648759542,0.6257309941520468
20,2,202,2.715223762876027,0.9298387956206247,0
20,2,203,2.715223762876027,0.8710486244319117,0
20,2,204,2.715223762876027,0.9174851990223649,0
20,2,205,2.715223762876027,0.930471316945169,0.10389225275578318
20,2,206,2.715223762876027,0.9437922276001093,0
20,2,207,2.715223762876027,0.9092625884574858,0
20,2,208,2.715223762876027,0.9666843069551784,0.5519951840385275
20,2,209,2.715223762876027,0.8998717092286145,0
20,2,210,2.715223762876027,0.9089361985746299,0
20,2,211,2.715223762876027,0.9485706380552361,0.11385703063629216
20,2,212,2.715223762876027,0.9359718445653517,0
20,2,213,2.715223762876027,0.8919112992861461,0
20,2,214,2.7896819185148654,0.9725668707143589,0.37370730902491334
20,2,215,2.7896819185148654,0.9087067245724918,0
20,2,216,2.7896819185148654,0.9064607778231698,0
20,2,217,2.7896819185148654,0.9074898570420002,0
20,2,218,2.7896819185148654,0.8867802804422298,0
20,2,219,2.7896819185148654,0.9097287100578271,0.593984962406015
20,2,220,2.7896819185148654,0.9255158058736643,0.6459330143540669
20,2,221,2.7896819185148654,0.9202895286310847,0
20,2,222,2.7896819185148654,0.8661173743322089,0
20,2,223,2.7896819185148654,0.9601524078277905,0.6701754385964913
20,2,224,2.7896819185148654,0.958405690738259,0
20,2,225,2.7896819185148654,0.9387396261773006,0
20,2,226,2.7896819185148654,0.9277949608773288,0
20,2,227,2.7896819185148654,0.9296601389261882,0
20,2,228,2.7896819185148654,0.9291436673590779,0
20,2,229,2.7896819185148654,0.896672101522176,0.12382095722690412
20,2,230,2.7896819185148654,0.9119257842512577,0
20,2,231,2.7896819185148654,0.9024775567567771,0
20,2,232,2.7896819185148654,0.9312989993500422,0.4820986009327114
20,2,233,2.7896819185148654,0.9455622182088507,0.2622869674185465
20,2,234,2.7896819185148654,0.918036003512281,0
20,2,235,2.7896819185148654,0.9269586923790055,0.32276832564795677
20,2,236,2.7896819185148654,0.9141212128646328,0
20,2,237,2.7896819185148654,0.8998152816572127,0
20,2,238,2.7896819185148654,0.9467914623498811,0
20,2,239,2.7896819185148654,0.8869312587515601,0
20,2,240,2.7896819185148654,0.8643373276320105,0
20,2,241,2.7896819185148654,0.8867818252184817,0
20,2,242,2.7896819185148654,0.9011700000304953,0
20,2,243,2.7896819185148654,0.9400808035470327,0
20,2,244,2.7896819185148654,0.8916352481567054,0
20,2,245,2.7896819185148654,0.9406184665770562,0.0559170653907497
20,2,246,2.7896819185148654,0.8582715081671999,0
20,2,247,2.7896819185148654,0.9341180906660675,0
20,2,248,2.7896819185148654,0.9267640296963643,0
20,2,249,2.7896819185148654,0.9091763339265898,0
20,2,250,2.7896819185148654,0.9332113315514148,0
20,2,251,2.7896819185148654,0.9418498831233059,0
20,2,252,2.7896819185148654,0.9219846566766607,0
20,2,253,2.7896819185148654,0.9401298027709857,0.12340881272949822
20,2,254,2.7896819185148654,0.9270234186955321,0
20,2,255,2.7896819185148654,0.9089226432223358,0
20,2,256,2.7896819185148654,0.912528332221788,0
20,2,257,2.7896819185148654,0.923988987406074,0
20,2,258,2.7896819185148654,0.9228980805497122,0
20,2,259,2.7896819185148654,0.8848889879398993,0
20,2,260,2.7896819185148654,0.8932163336201776,0
20,2,261,2.7896819185148654,0.9081860634625921,0
20,2,262,2.7896819185148654,0.8805502043483164,0
20,2,263,2.7896819185148654,0.9669505749283269,0.5448684210526313
20,2,264,2.7896819185148654,0.9279328453655882,0.21358851674641144
20,2,265,2.7896819185148654,0.950169541396063,0.6459330143540669
20,2,266,2.7896819185148654,0.8804807788467274,0
20,2,267,2.7896819185148654,0.9310098758244298,0
20,2,268,2.7896819185148654,0.9171454887505786,0
20,2,269,2.7896819185148654,0.8942954074112969,0
20,2,270,2.7896819185148654,0.889957852615053,0
20,2,271,2.7896819185148654,0.8538730066088493,0
20,2,272,2.7896819185148654,0.8621336658639115,0
20,2,273,2.7896819185148654,0.8946932131255252,0
20,2,274,2.7896819185148654,0.8876829484318562,0
20,2,275,2.7896819185148654,0.8868194651478534,0
20,2,276,2.7896819185148654,0.8838250069021821,0
20,2,277,2.7896819185148654,0.8689091806182762,0
20,2,278,2.7896819185148654,0.917877670125606,0
20,2,279,2.7896819185148654,0.8844739497291835,0
20,2,280,2.7896819185148654,0.8976499148713752,0
20,2,281,2.7896819185148654,0.9207367228192402,0
20,2,282,2.7896819185148654,0.8699874744816022,0
20,2,283,2.7896819185148654,0.9209326426660323,0
20,2,284,2.7935671093436762,0.9112614309744241,0
20,2,285,2.7935671093436762,0.876473851105004,0
20,2,286,2.7935671093436762,0.8964757869511273,0
20,2,287,2.7935671093436762,0.9575061582359988,0.6599190283400811
20,2,288,2.7935671093436762,0.9588135273467299,0.6257309941520468
20,2,289,2.7935671093436762,0.9072185408616223,0
20,2,290,2.7935671093436762,0.8659366299720239,0
20,2,291,2.7935671093436762,0.9665606849890732,0.372749960006399
20,2,292,2.7935671093436762,0.9106417533918736,0
20,2,293,2.7935671093436762,0.9458121457108943,0.5225107851596205
20,2,294,2.7935671093436762,0.8993902022807305,0
20,2,295,2.7935671093436762,0.8964351418529499,0
20,2,296,2.7935671093436762,0.8998336840648139,0
20,2,297,2.7935671093436762,0.9016952437052396,0
20,2,298,2.7935671093436762,0.9393618242971232,0.3137461300309598
20,2,299,2.7935671093436762,0.9320960663374938,0
20,2,300,2.7935671093436762,0.8771915894860431,0
20,2,301,2.7935671093436762,0.9541410753776944,0
20,2,302,2.7935671093436762,0.9712505831825935,0.4325107851596205
20,2,303,2.7935671093436762,0.9340973041130378,0
20,2,304,2.7935671093436762,0.958777758877607,0
20,2,305,2.7935671093436762,0.9301552379850315,0
20,2,306,2.7935671093436762,0.9053844493920354,0
20,2,307,2.7935671093436762,0.9312120354246054,0
20,2,308,2.7935671093436762,0.8624695754926934,0
20,2,309,2.7935671093436762,0.9173841856156986,0
20,2,310,2.7935671093436762,0.8906619510576629,0
20,2,311,2.7935671093436762,0.853016220135585,0
20,2,312,2.7935671093436762,0.8359793063514518,0
20,2,313,2.7935671093436762,0.9199960014178429,0
20,2,314,2.7935671093436762,0.913107476485092,0
20,2,315,2.7935671093436762,0.9431617611965676,0.6459330143540669
20,2,316,2.7935671093436762,0.8501332144516519,0
20,2,317,2.7935671093436762,0.9081673250724229,0
20,2,318,2.7935671093436762,0.8448343925390907,0
20,2,319,2.7935671093436762,0.9125101544463277,0.22380259158534632
20,2,320,2.7935671093436762,0.9236396377187028,0
20,2,321,2.7935671093436762,0.859262377564248,0
20,2,322,2.7935671093436762,0.965329049027843,0
20,2,323,2.7935671093436762,0.9252325927180709,0
20,2,324,2.7935671093436762,0.9044547808351076,0
20,2,325,2.7935671093436762,0.8977264138101746,0
20,2,326,2.7935671093436762,0.9414475604730701,0
20,2,327,2.7935671093436762,0.9067687097627386,0
20,2,328,2.7935671093436762,0.9154399523508147,0
20,2,329,2.7935671093436762,0.9186505655022565,0
20,2,330,2.7935671093436762,0.8777355783039491,0
20,2,331,2.7935671093436762,0.8986697878488513,0
20,2,332,2.7935671093436762,0.9032914031526567,0
20,2,333,2.7935671093436762,0.8405192249896638,0
20,2,334,2.7935671093436762,0.8910977107404915,0
20,2,335,2.7935671093436762,0.9384009809681022,0.593984962406015
20,2,336,2.7935671093436762,0.8982767005163066,0
20,2,337,2.7935671093436762,0.9476038419539884,0.47308998302207145
20,2,338,2.7935671093436762,0.9111129412437979,0
20,2,339,2.7935671093436762,0.8976970046475786,0
20,2,340,2.7935671093436762,0.9445894900868946,0
20,2,341,2.7935671093436762,0.9567714986559278,0.3863503019844695
20,2,342,2.7935671093436762,0.8923368240635788,0
20,2,343,2.7935671093436762,0.924517563167342,0
20,2,344,2.7935671093436762,0.9241009610049263,0
20,2,345,2.7935671093436762,0.9492087758036106,0.5161171139769953
20,2,346,2.7935671093436762,0.8568318747544923,0
20,2,347,2.7935671093436762,0.9212201156763393,0
20,2,348,2.7935671093436762,0.968061310930822,0.6257309941520468
20,2,349,2.7935671093436762,0.9385025314859541,0
20,2,350,2.7935671093436762,0.9205314497437638,0
20,2,351,2.7935671093436762,0.9073451423129322,0
20,2,352,2.7935671093436762,0.8835058651843576,0
20,2,353,2.7935671093436762,0.8723669435349961,0
20,2,354,2.940806800781456,0.9470728918386743,0
20,2,355,2.940806800781456,0.8943736868637153,0
20,2,356,2.940806800781456,0.9126500324309232,0
20,2,357,2.940806800781456,0.9256836458087608,0
20,2,358,2.940806800781456,0.9457108472704063,0
20,2,359,2.940806800781456,0.9673539659614048,0.5165171317555632
20,2,360,2.940806800781456,0.9262374605365602,0
20,2,361,2.940806800781456,0.9325415359676493,0
20,2,362,2.940806800781456,0.9701536516351125,0
20,2,363,2.940806800781456,0.9550553776644832,0.593984962406015
20,2,364,2.940806800781456,0.9653308624840986,0
20,2,365,2.940806800781456,0.9746684926852031,0.5724224703172072
20,2,366,2.940806800781456,0.9225487266885379,0
20,2,367,2.940806800781456,0.9282607363685106,0.1237461300309598
20,2,368,2.940806800781456,0.903637706114306,0
20,2,369,2.940806800781456,0.906803037356827,0
20,2,370,2.940806800781456,0.8568089014303978,0
20,2,371,2.940806800781456,0.9289693262492545,0.15238959467634605
20,2,372,2.940806800781456,0.9449348144327658,0.6257309941520468
20,2,373,2.940806800781456,0.9032386401763205,0
20,2,374,2.940806800781456,0.8566947802283954,0
20,2,375,2.940806800781456,0.9372051176508888,0
20,2,376,2.940806800781456,0.8786998938231754,0
20,2,377,2.940806800781456,0.887146517050997,0
20,2,378,2.940806800781456,0.9198328904035233,0
20,2,379,2.940806800781456,0.9180663355227388,0
20,2,380,2.940806800781456,0.9189373563214116,0.0859711779448622
20,2,381,2.940806800781456,0.9032940801831996,0
20,2,382,2.940806800781456,0.8390274390816553,0
20,2,383,2.940806800781456,0.8948405432959791,0
20,2,384,2.940806800781456,0.8885625396857304,0
20,2,385,2.940806800781456,0.9465879013777194,0
20,2,386,2.940806800781456,0.8989046951424168,0
20,2,387,2.940806800781456,0.8617152672288959,0
20,2,388,2.940806800781456,0.9346209213255986,0.4925945855052967
20,2,389,2.940806800781456,0.9958204347917298,0.6459330143540669
20,2,390,3.0618043407839326,0.9475907191838481,0
20,2,391,3.0618043407839326,0.9008952292884078,0
20,2,392,3.0662549098647265,0.9992710903178201,0.6257309941520468
20,2,393,3.0662549098647265,0.9365706518316058,0.47553656869446354
20,2,394,3.0662549098647265,0.9736718688464049,0.3811049362536776
20,2,395,3.0662549098647265,0.9788514723858946,0.6892230576441103
20,2,396,3.0662549098647265,0.912336558523927,0
20,2,397,3.0662549098647265,0.9183339091938381,0
20,2,398,3.0662549098647265,0.943689216106275,0
20,2,399,3.0662549098647265,0.9179014039286393,0
20,2,400,3.0662549098647265,0.9354438613679834,0
20,2,401,3.16137997719046,0.9562128002347469,0
20,2,402,3.16137997719046,0.9065091161362537,0
20,2,403,3.16137997719046,0.9205504497801046,0
20,2,404,3.16137997719046,0.9587906279577014,0.6599190283400811
20,2,405,3.16137997719046,0.9156293596521264,0
20,2,406,3.16137997719046,0.925781244476486,0
20,2,407,3.16137997719046,0.9308318524537382,0
20,2,408,3.16137997719046,0.9663095538735229,0
20,2,409,3.16137997719046,0.9844640926936653,0
20,2,410,3.16137997719046,0.9379934278614281,0
20,2,411,3.16137997719046,0.8980586228781091,0
20,2,412,3.16137997719046,0.8865802766398787,0
20,2,413,3.16137997719046,0.7717082047759541,0
20,2,414,3.16137997719046,0.8478089837031844,0
20,2,415,3.16137997719046,0.9360397277136056,0
20,2,416,3.16137997719046,0.9251597014005627,0
20,2,417,3.16137997719046,0.8971708616932197,0
20,2,418,3.16137997719046,0.9121598676555108,0.4745434672944341
20,2,419,3.16137997719046,0.9450925411516775,0.5319736842105263
20,2,420,3.187153517153517,0.8964261313523226,0
20,2,421,3.187153517153517,0.9190583448570413,0
20,2,422,3.187153517153517,0.9417725416777667,0
20,2,423,3.187153517153517,0.8712796156786343,0
20,2,424,3.187153517153517,0.8836016105469128,0
20,2,425,3.187153517153517,0.8843304471666055,0
20,2,426,3.187153517153517,0.9022921932405202,0
20,2,427,3.187153517153517,0.9049511599168951,0
20,2,428,3.187153517153517,0.905131457250668,0
20,2,429,3.187153517153517,0.9589018181214086,0
20,2,430,3.2080607688160554,0.9873759582103658,0
20,2,431,3.2080607688160554,0.9359271076792145,0
20,2,432,3.2080607688160554,0.9539736876135584,0
20,2,433,3.2080607688160554,0.9217608196932773,0
20,2,434,3.2080607688160554,0.9171267836414441,0
20,2,435,3.2080607688160554,0.9773409024588037,0
20,2,436,3.2080607688160554,0.9323991237516173,0
20,2,437,3.2080607688160554,0.9183933094855873,0
20,2,438,3.2080607688160554,0.9304769611961053,0
20,2,439,3.2080607688160554,0.9774559521435409,0
20,2,440,3.2080607688160554,0.902854559305557,0
20,2,441,3.2080607688160554,0.9226834175028578,0
20,2,442,3.2080607688160554,0.9546009853902013,0
20,2,443,3.2080607688160554,0.8657610938036591,0
20,2,444,3.2080607688160554,0.8879739593161793,0
20,2,445,3.2080607688160554,0.9534644881417219,0
20,2,446,3.278416600581549,0.9790086244512283,0
20,2,447,3.278416600581549,0.9818479716977211,0.6599190283400811
20,2,448,3.278416600581549,0.923820823557222,0
20,2,449,3.278416600581549,0.9970044977702409,0.6701754385964913
20,2,450,3.278416600581549,0.8971381397226409,0
20,2,451,3.278416600581549,0.9284073565307541,0
20,2,452,3.278416600581549,0.9371332837257671,0
20,2,453,3.278416600581549,0.9296214631031701,0
20,2,454,3.278416600581549,0.9557426101078949,0
20,2,455,3.278416600581549,0.9934307636491669,0.23776994031470422
20,2,456,3.278416600581549,0.9926797100863675,0
20,2,457,3.278416600581549,0.9435344088857605,0
20,2,458,3.278416600581549,0.9901132174608611,0
20,2,459,3.278416600581549,0.9152828320605857,0
20,2,460,3.278416600581549,0.9720249644609708,0
20,2,461,3.278416600581549,0.9130269928620802,0
20,2,462,3.278416600581549,0.9497070673306901,0.23372684046565007
20,2,463,3.278416600581549,0.944313143304118,0
20,2,464,3.278416600581549,1.0785874233723234,0.6701754385964913
20,2,465,3.278416600581549,0.9739302861026925,0
20,2,466,3.278416600581549,1.0101014999601126,0.452553227729518
20,2,467,3.278416600581549,0.968107725895424,0.2836058593084653
20,2,468,3.278416600581549,0.9443880120995451,0
20,2,469,3.278416600581549,1.004260674891777,0.6262979482604816
20,2,470,3.2893472565931847,1.0065305331537062,0
20,2,471,3.2893472565931847,0.970950481181339,0
20,2,472,3.2893472565931847,0.9960066395930567,0
20,2,473,3.2893472565931847,0.9695082826203126,0
20,2,474,3.2893472565931847,0.9910141152730404,0
20,2,475,3.2893472565931847,1.0548648422074756,0.6723051531267191
20,2,476,3.2893472565931847,0.8984982524047789,0
20,2,477,3.2893472565931847,0.9283728993239739,0
20,2,478,3.2893472565931847,0.9856677358439809,0.2836058593084653
20,2,479,3.2893472565931847,0.9679608223312658,0
20,2,480,3.2893472565931847,0.9595195799737536,0
20,2,481,3.2893472565931847,0.9206643331544916,0
20,2,482,3.2893472565931847,0.9774083538672182,0.5528911319394376
20,2,483,3.2893472565931847,1.015741930326857,0
20,2,484,3.291802128613274,1.032069905062451,0
20,2,485,3.291802128613274,0.9990895615389056,0.48553656869446354
20,2,486,3.291802128613274,0.9529401150858935,0
20,2,487,3.291802128613274,1.0362658227403339,0
20,2,488,3.291802128613274,0.957276000041754,0
20,2,489,3.291802128613274,0.9676746154685927,0
20,2,490,3.3467242298262443,1.0441308173060602,0.593984962406015
20,2,491,3.3467242298262443,0.9311264927361205,0
20,2,492,3.3467242298262443,0.9741957332650415,0
20,2,493,3.3570236451690665,1.0925291827239587,0
20,2,494,3.3623917150032225,1.0266536727917297,0
20,2,495,3.3623917150032225,1.0415268848272716,0
20,2,496,3.3623917150032225,0.9684974758251848,0
20,2,497,3.3623917150032225,0.9924332558202715,0.2236675020885548
20,2,498,3.3623917150032225,1.0442569999615012,0
20,2,499,3.3623917150032225,0.9704662000422669,0
20,2,500,3.3623917150032225,0.9771441364190757,0
20,2,501,3.3623917150032225,1.0314773809584314,0
20,2,502,3.3623917150032225,1.013285952912983,0
20,2,503,3.3623917150032225,0.9276354115339549,0
20,2,504,3.3623917150032225,1.0057679208121435,0.6459330143540669
20,2,505,3.3623917150032225,0.8837295369808627,0
20,2,506,3.3623917150032225,0.9073035788026893,0
20,2,507,3.3623917150032225,0.9744518397207531,0
20,2,508,3.3623917150032225,0.9220688363334681,0
20,2,509,3.3623917150032225,0.9346576649759369,0
20,2,510,3.3623917150032225,1.0225345794243443,0
20,2,511,3.3889088516854953,1.0160776688599382,0
20,2,512,3.3917296531554175,1.14538112448858,0.012804399057344762
20,2,513,3.3917296531554175,1.080792265003858,0
20,2,514,3.3917296531554175,0.9101550322891748,0
20,2,515,3.3917296531554175,0.9675352538710084,0
20,2,516,3.3917296531554175,0.9708511477021109,0
20,2,517,3.3917296531554175,0.9823798254065932,0.16370730902491337
20,2,518,3.3917296531554175,0.9988694351495521,0.6432833864019479
20,2,519,3.3917296531554175,0.9295042149185133,0
20,2,520,3.3917296531554175,0.951374078155915,0
20,2,521,3.3917296531554175,0.9512299796931749,0
20,2,522,3.3917296531554175,0.9365161589863837,0
20,2,523,3.3917296531554175,0.9543371713810035,0
20,2,524,3.3917296531554175,0.9298817447857486,0
20,2,525,3.3938891693308655,1.082302437548453,0
20,2,526,3.3938891693308655,1.0929432013967253,0
20,2,527,3.3938891693308655,0.9441550211310199,0
20,2,528,3.3938891693308655,1.0632771023023482,0
20,2,529,3.3938891693308655,1.0157694618612612,0.5457275541795663
20,2,530,3.3938891693308655,0.9743074922645059,0
20,2,531,3.3938891693308655,0.977998009480089,0.6780185758513932
20,2,532,3.3938891693308655,0.9858219185527035,0.17362667117955666
20,2,533,3.3938891693308655,1.011112251277769,0
20,2,534,3.3938891693308655,1.045363225878968,0
20,2,535,3.3938891693308655,0.9646181593063179,0
20,2,536,3.3938891693308655,1.0250575196014882,0
20,2,537,3.3938891693308655,0.9937107859279117,0.6577699403147043
20,2,538,3.3938891693308655,1.0836746450674577,0.6701754385964913
20,2,539,3.3938891693308655,0.9331274055876922,0
20,2,540,3.3938891693308655,0.981016447597186,0
20,2,541,3.3938891693308655,0.9232123773854112,0
20,2,542,3.3938891693308655,0.940570470382776,0
20,2,543,3.3938891693308655,0.998112779897511,0
20,2,544,3.3994111623143883,1.002404097492641,0
20,2,545,3.3994111623143883,1.038022967839018,0
20,2,546,3.3994111623143883,1.0222992153564625,0.5624891436512072
20,2,547,3.3994111623143883,1.021583602001629,0
20,2,548,3.3994111623143883,0.9953047039998001,0
20,2,549,3.3994111623143883,0.9652381971272331,0.175418049628576
20,2,550,3.3994111623143883,0.9658712535782003,0
20,2,551,3.406907038703473,1.0315470682774366,0
20,2,552,3.406907038703473,0.9750765718195298,0
20,2,553,3.406907038703473,0.965025503080315,0
20,2,554,3.406907038703473,0.9558629985932098,0
20,2,555,3.406907038703473,0.988174715112424,0.6382009902805795
20,2,556,3.406907038703473,1.073255327131003,0.22360585930846533
20,2,557,3.406907038703473,0.9713844107088666,0
20,2,558,3.406907038703473,0.9541889228978633,0
20,2,559,3.406907038703473,0.9163256824675473,0
20,2,560,3.406907038703473,0.9411392221217768,0
20,2,561,3.406907038703473,0.9991963717461391,0
20,2,562,3.406907038703473,0.9329807820458913,0
20,2,563,3.406907038703473,0.9191254977513611,0
20,2,564,3.406907038703473,0.9576019169163567,0
20,2,565,3.406907038703473,0.9435908640138693,0.4532101994115723
20,2,566,3.406907038703473,0.9708674767777887,0.6224224703172072
20,2,567,3.406907038703473,0.9632258597554813,0.413131076097888
20,2,568,3.406907038703473,0.9764634372879728,0
20,2,569,3.406907038703473,0.9683231111258637,0
20,2,570,3.406907038703473,0.9569006120753545,0.5124891436512071
20,2,571,3.406907038703473,0.9352371298355315,0
20,2,572,3.406907038703473,0.922397003460754,0.2532670089858793
20,2,573,3.406907038703473,0.9287807580796814,0
20,2,574,3.406907038703473,0.9115568181504272,0
20,2,575,3.406907038703473,0.9853406328622524,0
20,2,576,3.406907038703473,0.925966523500614,0
20,2,577,3.406907038703473,0.9278546333971629,0
20,2,578,3.406907038703473,0.9509160468972508,0.24380259158534634
20,2,579,3.406907038703473,1.0027783496997307,0.6842105263157894
20,2,580,3.406907038703473,0.9126634219899197,0.38319078947368423
20,2,581,3.406907038703473,0.920043437880128,0
20,2,582,3.406907038703473,0.9953683625759332,0
20,2,583,3.406907038703473,0.9503883017619281,0.6780185758513932
20,2,584,3.406907038703473,0.9328116897682045,0.6701754385964913
20,2,585,3.406907038703473,0.9107970124744046,0.4235417752301545
20,2,586,3.406907038703473,0.9334000625738293,0
20,2,587,3.406907038703473,0.8371246022887567,0
20,2,588,3.406907038703473,0.8857942827707049,0
20,2,589,3.406907038703473,0.9764876774231291,0
20,2,590,3.406907038703473,0.8832000228594558,0
20,2,591,3.406907038703473,1.0359376842516175,0.28595335644500475
20,2,592,3.406907038703473,0.9201182455693226,0.14230457801308005
20,2,593,3.406907038703473,0.9215182377284207,0
20,2,594,3.406907038703473,0.9027942880065223,0
20,2,595,3.406907038703473,0.9420843981689075,0
20,2,596,3.406907038703473,0.9556879234902614,0.6780185758513932
20,2,597,3.406907038703473,0.9382513758294312,0
20,2,598,3.406907038703473,0.9140984398547141,0
20,2,599,3.406907038703473,0.9354515156014398,0
20,2,600,3.406907038703473,0.8523913460599772,0
20,2,601,3.406907038703473,0.9102083339343163,0
20,2,602,3.406907038703473,0.9024700791720313,0
20,2,603,3.406907038703473,0.9131199342828243,0
20,2,604,3.406907038703473,0.9422311239745327,0.04609022556390974
20,2,605,3.406907038703473,0.8515888997742564,0
20,2,606,3.406907038703473,0.9179278746262101,0
20,2,607,3.406907038703473,0.9438770465836426,0
20,2,608,3.406907038703473,0.8674516222038053,0
20,2,609,3.406907038703473,0.9171249597003304,0
20,2,610,3.406907038703473,0.9479758660417964,0.6701754385964913
20,2,611,3.409535349712238,0.9871786619981929,0.5251207225985757
20,2,612,3.409535349712238,0.90244080431033,0
20,2,613,3.409535349712238,0.917818106963823,0
20,2,614,3.409535349712238,0.9530143679658584,0
20,2,615,3.409535349712238,0.9157269428484999,0
20,2,616,3.409535349712238,0.8702676582251186,0
20,2,617,3.409535349712238,0.96956320261441,0
20,2,618,3.409535349712238,0.9318860153690727,0.48694243971131845
20,2,619,3.409535349712238,0.9243297065586524,0
20,2,620,3.409535349712238,0.9026165196964319,0
20,2,621,3.409535349712238,0.8806158089156577,0
20,2,622,3.409535349712238,0.8813959411017231,0
20,2,623,3.409535349712238,0.9563573552110001,0
20,2,624,3.409535349712238,0.9610505027987507,0.4825945855052967
20,2,625,3.409535349712238,0.945715475597942,0
20,2,626,3.409535349712238,0.8730720639769339,0
20,2,627,3.409535349712238,0.955302357999802,0
20,2,628,3.409535349712238,0.9474819869521158,0
20,2,629,3.409535349712238,0.9600577438255337,0
20,2,630,3.409535349712238,0.9178389624708088,0
20,2,631,3.409535349712238,0.8575213659468827,0
20,2,632,3.409535349712238,0.9410878054053983,0
20,2,633,3.409535349712238,0.9520916872794207,0
20,2,634,3.409535349712238,0.9779943506603577,0.6459330143540669
20,2,635,3.409535349712238,1.0170951847674166,0.3836875311306659
20,2,636,3.409535349712238,0.9457377149689156,0.2038391022601549
20,2,637,3.409535349712238,0.9497285945541841,0
20,2,638,3.409535349712238,0.9813149132234494,0
20,2,639,3.409535349712238,0.8934548672006142,0
20,2,640,3.409535349712238,0.8936888738633689,0
20,2,641,3.409535349712238,0.9621154304418325,0.21372684046565005
20,2,642,3.409535349712238,0.9463893699785015,0.6377699403147042
20,2,643,3.409535349712238,0.876432192771164,0
20,2,644,3.409535349712238,0.9249253810688959,0
20,2,645,3.409535349712238,0.9258657709216876,0
20,2,646,3.409535349712238,0.9316112850531488,0
20,2,647,3.409535349712238,0.9292382625913376,0
20,2,648,3.409535349712238,0.8914065295696679,0
20,2,649,3.409535349712238,0.9844879011816208,0
20,2,650,3.409535349712238,1.0303123121040099,0
20,2,651,3.409535349712238,0.9346221617312866,0
20,2,652,3.409535349712238,1.010166481678054,0.09385703063629214
20,2,653,3.409535349712238,0.9328693368296004,0
20,2,654,3.409535349712238,1.0645154630599074,0.19389225275578315
20,2,655,3.409535349712238,0.9365395394953905,0
20,2,656,3.409535349712238,0.9303670107126285,0
20,2,657,3.409535349712238,0.9828166860555858,0.6701754385964913
20,2,658,3.409535349712238,1.0334624609268273,0
20,2,659,3.409535349712238,0.9448051991328944,0.34280439905734483
20,2,660,3.409535349712238,0.9275402333309389,0
20,2,661,3.409535349712238,0.8835802497455703,0
20,2,662,3.409535349712238,0.9873540049353303,0.7247939124920735
20,2,663,3.409535349712238,0.90921093533059,0
20,2,664,3.409535349712238,0.9029184693409266,0
20,2,665,3.409535349712238,0.8639539936872731,0
20,2,666,3.409535349712238,0.9516549109449719,0.6701754385964913
20,2,667,3.409535349712238,0.9977696776630472,0
20,2,668,3.409535349712238,0.965483756388587,0.6780185758513932
20,2,669,3.409535349712238,0.9377513003318362,0
20,2,670,3.409535349712238,0.9498123017050571,0.593984962406015
20,2,671,3.409535349712238,0.9770972051660023,0.6780185758513932
20,2,672,3.409535349712238,0.9407416628433978,0
20,2,673,3.409535349712238,0.9368020280581781,0
20,2,674,3.409535349712238,0.9139110563827378,0
20,2,675,3.409535349712238,0.9842916822071089,0
20,2,676,3.409535349712238,1.0088936115543907,0.6599190283400811
20,2,677,3.409535349712238,0.9894467915693131,0.35230457801308
20,2,678,3.409535349712238,0.9579416493810335,0
20,2,679,3.409535349712238,0.9669520647353752,0.6701754385964913
20,2,680,3.409535349712238,0.934618227325678,0.28385703063629214
20,2,681,3.409535349712238,0.9466545424485328,0
20,2,682,3.409535349712238,0.9164846080495637,0
20,2,683,3.409535349712238,0.9283703174011221,0
20,2,684,3.409535349712238,0.9428834446932777,0
20,2,685,3.409535349712238,0.9291858211089419,0
20,2,686,3.409535349712238,0.9220044118499828,0
20,2,687,3.409535349712238,0.9726467537141956,0.575636110142907
20,2,688,3.409535349712238,0.8843797332950026,0
20,2,689,3.409535349712238,0.9535716780179295,0.4335417752301545
20,2,690,3.409535349712238,0.9876293315929537,0
20,2,691,3.4174190400141957,0.9590847955096886,0
20,2,692,3.4174190400141957,1.004461835831945,0.6842105263157894
20,2,693,3.4174190400141957,0.9024204522097692,0
20,2,694,3.4174190400141957,0.9725742265878244,0
20,2,695,3.4174190400141957,0.9201731221257381,0
20,2,696,3.4174190400141957,0.9646138244686427,0
20,2,697,3.4174190400141957,0.9651399746265004,0.6219736842105263
20,2,698,3.4174190400141957,0.958896277196324,0
20,2,699,3.4174190400141957,0.9246467236726492,0
20,2,700,3.4174190400141957,0.908734216969488,0
20,2,701,3.4174190400141957,0.9199374934111927,0
20,2,702,3.4174190400141957,0.9503967608080953,0
20,2,703,3.4174190400141957,0.9377248357306044,0
20,2,704,3.4174190400141957,0.9063260179773759,0
20,2,705,3.4174190400141957,0.9420453869094382,0
20,2,706,3.4174190400141957,0.8960461624731576,0
20,2,707,3.4174190400141957,0.8954174976712629,0
20,2,708,3.4174190400141957,0.9446108249232806,0.4103904419803216
20,2,709,3.4174190400141957,0.9420322742792305,0
20,2,710,3.4174190400141957,0.903644293639599,0
20,2,711,3.4174190400141957,0.9622839437908779,0
20,2,712,3.4174190400141957,0.8979923463625749,0
20,2,713,3.4174190400141957,0.8871223273861543,0
20,2,714,3.4174190400141957,0.9818040828718143,0.22672514619883033
20,2,715,3.4174190400141957,0.9707370847499572,0
20,2,716,3.4174190400141957,0.9510030903605964,0
20,2,717,3.4174190400141957,0.9303471313581062,0
20,2,718,3.4174190400141957,0.9594837741884189,0
20,2,719,3.4174190400141957,0.9055300830720665,0
20,2,720,3.4174190400141957,0.863342734850324,0
20,2,721,3.4174190400141957,0.9298243589084458,0.3237651821862348
20,2,722,3.4174190400141957,0.8812441840273441,0
20,2,723,3.4174190400141957,0.9100790767572926,0
20,2,724,3.4174190400141957,0.9637207190829443,0
20,2,725,3.4174190400141957,0.9423903466844075,0
20,2,726,3.4174190400141957,1.0109409654535781,0.19362667117955668
20,2,727,3.4174190400141957,0.9419335070211077,0
20,2,728,3.4174190400141957,0.9320776077764834,0
20,2,729,3.4174190400141957,0.9122725581063506,0
20,2,730,3.4174190400141957,0.9278021114804353,0
20,2,731,3.4174190400141957,0.9017465191614987,0
20,2,732,3.425415420857117,1.019421041626178,0.593984962406015
20,2,733,3.425415420857117,0.9223162809249134,0
20,2,734,3.425415420857117,0.8687518155999849,0
20,2,735,3.425415420857117,0.9343938882402439,0
20,2,736,3.425415420857117,0.9304662463114038,0
20,2,737,3.425415420857117,0.8959186187084026,0
20,2,738,3.425415420857117,0.9403799190983244,0.6257309941520468
20,2,739,3.425415420857117,0.9522173129679729,0
20,2,740,3.425415420857117,0.9632401169584895,0.6257309941520468
20,2,741,3.425415420857117,0.9021351416680754,0
20,2,742,3.425415420857117,0.9148615271376983,0
20,2,743,3.425415420857117,0.9121443321604319,0
20,2,744,3.425415420857117,0.9110503581032668,0
20,2,745,3.425415420857117,0.9390698636219064,0.2522869674185465
20,2,746,3.452985726320286,0.9538648646690221,0
20,2,747,3.452985726320286,0.8906293154134972,0
20,2,748,3.452985726320286,0.9224673429194185,0
20,2,749,3.452985726320286,0.9100540394468848,0
20,2,750,3.452985726320286,0.9234211442541043,0
20,2,751,3.452985726320286,0.9659488103762816,0
20,2,752,3.452985726320286,0.9463110516963726,0
20,2,753,3.452985726320286,0.9558212912070673,0
20,2,754,3.452985726320286,0.9579846500149881,0
20,2,755,3.452985726320286,0.8885812453447347,0
20,2,756,3.452985726320286,0.9486005256542436,0
20,2,757,3.452985726320286,0.9368374851913153,0.4030690362269308
20,2,758,3.5011061498859326,1.032291209529155,0
20,2,759,3.5011061498859326,0.9293322820539726,0
20,2,760,3.5011061498859326,1.0604143856995702,0
20,2,761,3.556883668624266,1.0364813419523755,0
20,2,762,3.556883668624266,1.0369804684073567,0
20,2,763,3.556883668624266,1.028256024792782,0
20,2,764,3.556883668624266,0.9414736200235932,0
20,2,765,3.556883668624266,1.0039826340072313,0
20,2,766,3.556883668624266,0.9145973508341183,0
20,2,767,3.556883668624266,0.9747563211378241,0
20,2,768,3.556883668624266,0.9579367035274651,0
20,2,769,3.556883668624266,0.9207439867503894,0
20,2,770,3.556883668624266,0.9606428436846606,0
20,2,771,3.556883668624266,0.9766841562768437,0
20,2,772,3.556883668624266,0.9182911339022359,0
20,2,773,3.556883668624266,1.018171338781041,0.04372684046565012
20,2,774,3.556883668624266,0.9641414210097059,0
20,2,775,3.556883668624266,0.9546301456076149,0
20,2,776,3.556883668624266,0.9324370024420797,0
20,2,777,3.556883668624266,0.9401927094296089,0
20,2,778,3.556883668624266,1.1879179550223748,0.24291442892946646
20,2,779,3.556883668624266,0.9803939872599079,0
20,2,780,3.5629933304778807,1.1670319092702988,0.15324830481110763
20,2,781,3.5629933304778807,0.9454971994344186,0
20,2,782,3.5629933304778807,0.9692669431038581,0
20,2,783,3.5629933304778807,1.0694758547483492,0.08278647068120737
20,2,784,3.5674337115276127,0.9568549621599614,0
20,2,785,3.5674337115276127,0.9629705426558118,0.2734751018961545
20,2,786,3.5674337115276127,0.950437860071838,0
20,2,787,3.5674337115276127,1.0772699910535388,0.06366750208855476
20,2,788,3.5674337115276127,0.8683666136566239,0
20,2,789,3.5674337115276127,0.9947510717885544,0.10364721708424407
20,2,790,3.5871160464965257,1.0103532283542043,0.06387474621271283
20,2,791,3.5871160464965257,0.9523825177867767,0.5775588288126461
20,2,792,3.5871160464965257,0.9738263772304989,0
20,2,793,3.5871160464965257,1.0080734938212441,0.03280439905734478
20,2,794,3.5871160464965257,0.9110650060599049,0.02232198142414854
20,2,795,3.5871160464965257,0.8894681494356846,0
20,2,796,3.5871160464965257,0.9523197565999972,0.32271255060728743
20,2,797,3.5871160464965257,0.9947896589938021,0
20,2,798,3.5871160464965257,0.9129642395489573,0
20,2,799,3.5871160464965257,0.9433018986778053,0
20,2,800,3.5871160464965257,1.0481437263324092,0.023626671179556746
20,2,801,3.5882729852366193,1.0308907036123394,0
20,2,802,3.5882729852366193,0.8937715269539175,0
20,2,803,3.5882729852366193,0.937591818665434,0
20,2,804,3.5882729852366193,0.981313709667846,0
20,2,805,3.5882729852366193,1.0573897289117815,0
20,2,806,3.5882729852366193,0.9444607980029823,0
20,2,807,3.5882729852366193,0.9845700295828843,0.15265467744596595
20,2,808,3.5882729852366193,0.9284198767058485,0
20,2,809,3.5882729852366193,0.9592821800086342,0.19269349845201245
20,2,810,3.5882729852366193,0.9724989623289362,0
20,2,811,3.5882729852366193,0.9403546965206664,0
20,2,812,3.5882729852366193,0.898517877842748,0.03280439905734478
20,2,813,3.5882729852366193,1.0406099097779224,0
20,2,814,3.5882729852366193,0.8897810271657377,0
20,2,815,3.5882729852366193,0.9356344010786559,0
20,2,816,3.5882729852366193,0.9248928179880831,0
20,2,817,3.5903409462731495,0.9679329379495014,0.0837073090249133
20,2,818,3.5903409462731495,0.9282114049684175,0.15345227475468348
20,2,819,3.5903409462731495,0.9244091308965596,0
20,2,820,3.5903409462731495,0.9272299110049873,0
20,2,821,3.5903409462731495,0.9234417688415989,0
20,2,822,3.5903409462731495,0.878849481323723,0
20,2,823,3.5903409462731495,0.9697951183627498,0.33342913597988144
20,2,824,3.5903409462731495,0.9905030434002535,0.593984962406015
20,2,825,3.5903409462731495,1.0036977960721456,0.4337441705529647
20,2,826,3.5903409462731495,0.9306431311518996,0.11263489955171857
20,2,827,3.5903409462731495,0.9628458732930885,0.24655473038424291
20,2,828,3.5903409462731495,0.9088156586428146,0
20,2,829,3.6037544736309,1.0472700834406665,0.4126348995517185
20,2,830,3.6037544736309,0.9966419861230021,0.6701754385964913
20,2,831,3.6037544736309,1.025891054366879,0
20,2,832,3.6037544736309,0.9525871318674949,0
20,2,833,3.6037544736309,0.9201010995833009,0
20,2,834,3.6037544736309,1.0276222862181907,0
20,2,835,3.6037544736309,1.0174542940986373,0.07376518218623473
20,2,836,3.6037544736309,0.9495282287452846,0
20,2,837,3.6037544736309,1.0607974863974223,0.01128522439242563
20,2,838,3.6037544736309,1.025716908852613,0.13271255060728737
20,2,839,3.6037544736309,1.0725726602730135,0.1928221146337653
20,2,840,3.6037544736309,0.9999620303458251,0.26317113538563386
20,2,841,3.6037544736309,1.0551077771486843,0.593984962406015
20,2,842,3.6037544736309,0.9157216044762637,0
20,2,843,3.6037544736309,0.9233079162208354,0.16321019941157233
20,2,844,3.6037544736309,0.9063184791855973,0
20,2,845,3.6037544736309,1.017568550634944,0.2236266711795567
20,2,846,3.6037544736309,0.9711914837519541,0.28345227475468343
20,2,847,3.6037544736309,1.0771452930966843,0.33259458550529675
20,2,848,3.6037544736309,1.0335997821063494,0.003474880382775103
20,2,849,3.6037544736309,0.9900726958591372,0.6701754385964913
20,2,850,3.6037544736309,0.9444176932960349,0.26356341673856787
20,2,851,3.6037544736309,0.9599965447966438,0
20,2,852,3.6037544736309,1.0531861979367998,0.6933638443935928
20,2,853,3.6037544736309,1.055972581800433,0
20,2,854,3.6037544736309,0.952815893676565,0
20,2,855,3.6037544736309,0.9960460483281323,0
20,2,856,3.6037544736309,0.9929003116163179,0
20,2,857,3.6037544736309,0.9577518289851082,0.2332854864433811
20,2,858,3.6037544736309,0.9535085588372503,0
20,2,859,3.6037544736309,1.040737477524676,0.4634751018961545
20,2,860,3.6037544736309,0.9774570149106678,0
20,2,861,3.6037544736309,1.0051730417161173,0
20,2,862,3.6037544736309,0.9901342365760335,0.3028043990573448
20,2,863,3.6037544736309,0.9917331293785507,0.593984962406015
20,2,864,3.6037544736309,0.9669051575325003,0.11364721708424408
20,2,865,3.6037544736309,1.0465422115936613,0.6257309941520468
20,2,866,3.6037544736309,1.1390790169942862,0.43578101201556946
20,2,867,3.6037544736309,1.0731889455808392,0
20,2,868,3.6037544736309,1.0254360804880696,0.31356341673856786
20,2,869,3.6037544736309,0.9806826354727342,0.34635030198446953
20,2,870,3.607242529439793,1.1134886210226786,0.593984962406015
20,2,871,3.607242529439793,0.9093012463559016,0
20,2,872,3.607242529439793,1.0470720387883239,0.6599190283400811
20,2,873,3.607242529439793,0.930777994772865,0
20,2,874,3.607242529439793,0.9683594806729731,0.2530899830220714
20,2,875,3.607242529439793,1.007714149788149,0
20,2,876,3.607242529439793,0.9757138123226206,0.34368753113066586
20,2,877,3.607242529439793,0.9230674773416034,0
20,2,878,3.607242529439793,1.0214691285373132,0
20,2,879,3.607242529439793,0.9734238936193897,0.3036875311306659
20,2,880,3.607242529439793,0.954632240138425,0.4035417752301545
20,2,881,3.607242529439793,1.096925298120287,0.6599190283400811
20,2,882,3.6152263374485596,1.0380194479995675,0.593984962406015
20,2,883,3.6152263374485596,1.039117059311925,0.3424672145479979
20,2,884,3.6152263374485596,1.0188126518553935,0
20,2,885,3.6152263374485596,1.0308502893270302,0.6599190283400811
20,2,886,3.6152263374485596,1.0071007939329302,0.593984962406015
20,2,887,3.6152263374485596,0.979678846900862,0.3434976236578068
20,2,888,3.6152263374485596,1.021557872825178,0.2135198461269452
20,2,889,3.6152263374485596,0.9822861534055012,0.12370730902491334
20,2,890,3.6152263374485596,0.9939434843961178,0.6599190283400811
20,2,891,3.6152263374485596,0.9954330870632907,0
20,2,892,3.6152263374485596,1.0402287151078995,0.3423996431757359
20,2,893,3.6152263374485596,0.9796685451065688,0.2826742088867027
20,2,894,3.6152263374485596,1.1176300344227006,0.3034751018961545
20,2,895,3.6152263374485596,0.9626158065677943,0
20,2,896,3.6152263374485596,1.0155914140651594,0.23325787587247682
20,2,897,3.6152263374485596,0.964805672893855,0.13362667117955673
20,2,898,3.6152263374485596,0.9617121647092608,0
20,2,899,3.6152263374485596,0.94597388026949,0
20,2,900,3.6152263374485596,0.9403395065043536,0.012098600932711423
20,2,901,3.6152263374485596,1.0524375837736075,0
20,2,902,3.651668524712003,1.1639055235208198,0
20,2,903,3.651668524712003,1.026807148346901,0
20,2,904,3.651668524712003,0.9293081369854235,0
20,2,905,3.651668524712003,0.969170512788187,0.5530967869110981
20,2,906,3.651668524712003,0.9527456022207527,0.03257403960060912
20,2,907,3.651668524712003,0.933809074747066,0
20,2,908,3.651668524712003,0.964411893540026,0
20,2,909,3.651668524712003,0.983468082219395,0
20,2,910,3.651668524712003,1.111907605980207,0.6459330143540669
20,2,911,3.651668524712003,0.9468567170180648,0
20,2,912,3.651668524712003,0.9773495373069896,0.4232319969599088
20,2,913,3.651668524712003,0.9680455211355311,0
20,2,914,3.651668524712003,1.000956717742361,0.3832833864019479
20,2,915,3.651668524712003,0.9306223300883167,0
20,2,916,3.651668524712003,1.044861376236267,0
20,2,917,3.651668524712003,0.9937049314307247,0
20,2,918,3.651668524712003,1.011992499069207,0.715565509518477
20,2,919,3.651668524712003,0.9835922847290699,0.2733333333333334
20,2,920,3.651668524712003,0.9940970979771871,0.25315206836278903
20,2,921,3.651668524712003,1.0231169221183563,0
20,2,922,3.651668524712003,1.0571631694025738,0.673152068362789
20,2,923,3.651668524712003,0.9710945549239931,0.34267420888670275
20,2,924,3.651668524712003,0.9201119072547567,0
20,2,925,3.651668524712003,0.9784174329321749,0.593984962406015
20,2,926,3.651668524712003,0.9960852047567513,0.5732319969599088
20,2,927,3.651668524712003,1.030315995449456,0.3332833864019479
20,2,928,3.651668524712003,1.0413054138341375,0
20,2,929,3.651668524712003,1.0440986062363529,0.3834291359798815
20,2,930,3.651668524712003,0.9865419607639494,0.16372684046565011
20,2,931,3.651668524712003,0.985479781992761,0.4830685203574976
20,2,932,3.651668524712003,1.0171262234508216,0
20,2,933,3.651668524712003,1.1114285354921005,0.593984962406015
20,2,934,3.651668524712003,1.0701667157734507,0
20,2,935,3.651668524712003,1.0542104143881765,0
20,2,936,3.651668524712003,1.2733123164418614,0
20,2,937,3.651668524712003,1.0399565438946923,0.6257309941520468
20,2,938,3.651668524712003,1.1047266092737242,0
20,2,939,3.651668524712003,1.0423022852621715,0
20,2,940,3.651668524712003,0.9873293641435714,0.593984962406015
20,2,941,3.651668524712003,1.0243191158985374,0.15345227475468348
20,2,942,3.651668524712003,0.9615843962103543,0
20,2,943,3.651668524712003,1.0597870967967236,0
20,2,944,3.651668524712003,1.0831868819272445,0
20,2,945,3.651668524712003,1.0018573513463414,0
20,2,946,3.651668524712003,1.0564305963020002,0.6599190283400811
20,2,947,3.651668524712003,0.9904065493077944,0
20,2,948,3.651668524712003,1.0526262370967923,0.6599190283400811
20,2,949,3.6604367499508164,1.1488949069456837,0
20,2,950,3.6604367499508164,0.9702365669196861,0
20,2,951,3.6604367499508164,0.9911047050436502,0
20,2,952,3.6604367499508164,0.9072274768985268,0
20,2,953,3.6604367499508164,1.0407305134170328,0.4705499704316974
20,2,954,3.6604367499508164,0.9593739147506158,0
20,2,955,3.6604367499508164,0.9806410656713109,0
20,2,956,3.6604367499508164,1.090864452611055,0
20,2,957,3.6604367499508164,1.0080315799903634,0.34735057983942913
20,2,958,3.6604367499508164,1.0774955007375464,0.02274996000639895
20,2,959,3.6604367499508164,1.0528333539099384,0.593984962406015
20,2,960,3.6643835616438354,1.013942590107974,0
20,2,961,3.6643835616438354,1.000749104324879,0
20,2,962,3.6643835616438354,1.0201712685127033,0
20,2,963,3.6643835616438354,0.9626284548652753,0
20,2,964,3.6643835616438354,0.9858813050598124,0
20,2,965,3.6643835616438354,1.0301912526885435,0
20,2,966,3.6643835616438354,0.9375809424545335,0
20,2,967,3.6643835616438354,0.9572049543241242,0
20,2,968,3.6643835616438354,1.1297050741266306,0.6257309941520468
20,2,969,3.6643835616438354,1.095923551949194,0
20,2,970,3.6643835616438354,1.141022942590352,0
20,2,971,3.6689708141321042,1.1061430545008952,0
20,2,972,3.6689708141321042,1.167350532415806,0
20,2,973,3.6689708141321042,1.1656153265670448,0.21301068763863684
20,2,974,3.6689708141321042,0.9012944290418752,0
20,2,975,3.6689708141321042,0.9522088204771373,0
20,2,976,3.6689708141321042,1.0390518729730698,0
20,2,977,3.6689708141321042,0.9532749549247116,0
20,2,978,3.6689708141321042,1.0295545302409004,0
20,2,979,3.6689708141321042,1.0197512586614483,0
20,2,980,3.6689708141321042,0.9581337473702344,0
20,2,981,3.6689708141321042,0.9885806929278305,0.02529767040552222
20,2,982,3.6689708141321042,0.9380875469027982,0
20,2,983,3.6689708141321042,1.05978861853828,0.6138791423001949
20,2,984,3.6689708141321042,0.9933883398666729,0
20,2,985,3.6689708141321042,0.9809693576984813,0.26198719231538914
20,2,986,3.6689708141321042,1.080559562967794,0
20,2,987,3.6689708141321042,0.9502041151519438,0
20,2,988,3.6689708141321042,0.9727067328162228,0.3019580560596895
20,2,989,3.6689708141321042,0.9824927326938981,0.6257309941520468
20,2,990,3.6689708141321042,0.910560801837762,0
20,2,991,3.6689708141321042,0.9316461247762962,0.2222307548230006
20,2,992,3.6689708141321042,1.1331954691174027,0
20,2,993,3.6689708141321042,1.1698570126833614,0
20,2,994,3.6689708141321042,1.0702734919333476,0
20,2,995,3.6689708141321042,1.0637920867016941,0
20,2,996,3.6689708141321042,1.04809669437516,0
20,2,997,3.6689708141321042,0.9960609725611386,0.593984962406015
20,2,998,3.6689708141321042,1.0158017769918142,0
20,2,999,3.6689708141321042,0.9979039247321166,0.2624449920788592
20,2,1000,3.6689708141321042,0.9855663632615946,0.22207200156525142
20,2,1001,3.6689708141321042,1.0342876246474988,0
20,3,1,0.8289473684210527,0.4189078550180929,0.0593041427097154
20,3,2,0.8289473684210527,0.5632394583026511,0.30263157894736836
20,3,3,0.8594120436225698,0.6624819909709511,0
20,3,4,0.8709406494960807,0.7269593813477911,0
20,3,5,0.8709406494960807,0.7986385190653555,0.30263157894736836
20,3,6,0.8709406494960807,0.7732953006937513,0.30263157894736836
20,3,7,0.8709406494960807,0.7894349040034058,0
20,3,8,0.9794050343249427,0.7469307857043376,0
20,3,9,0.9794050343249427,0.7812184705644295,0.30263157894736836
20,3,10,0.9794050343249427,0.8028619866644491,0.30263157894736836
20,3,11,0.9794050343249427,0.7813928938841584,0.2611252268602541
20,3,12,0.9794050343249427,0.8308156275608514,0.30263157894736836
20,3,13,0.9794050343249427,0.792631412797637,0
20,3,14,0.9794050343249427,0.7872021776325915,0
20,3,15,0.9815789473684211,0.8187262880228547,0.12671861217289027
20,3,16,1.0032005689900427,0.8222382998732818,0
20,3,17,1.006578947368421,0.8156019506095591,0
20,3,18,1.006578947368421,0.846353965213826,0.30263157894736836
20,3,19,1.006578947368421,0.8208448475076492,0.1105440567711411
20,3,20,1.006578947368421,0.8608729120706952,0.30263157894736836
20,3,21,1.006578947368421,0.870398380152247,0.30263157894736836
20,3,22,1.006578947368421,0.8162151409031557,0
20,3,23,1.006578947368421,0.8546255170083389,0
20,3,24,1.006578947368421,0.8384255276985781,0
20,3,25,1.006578947368421,0.8315308872825831,0.24822767782075006
20,3,26,1.006578947368421,0.8787849645699501,0.30263157894736836
20,3,27,1.0101503759398496,0.8620579005170329,0.30263157894736836
20,3,28,1.0101503759398496,0.8456035754420523,0.30263157894736836
20,3,29,1.0101503759398496,0.8593199672184376,0.30263157894736836
20,3,30,1.031578947368421,0.8923544993048514,0.30263157894736836
20,3,31,1.031578947368421,0.9014478365516776,0.30263157894736836
20,3,32,1.031578947368421,0.8438173661650555,0.30263157894736836
20,3,33,1.031578947368421,0.8685231344056698,0.30263157894736836
20,3,34,1.0422932330827068,0.8630931732437642,0.30263157894736836
20,3,35,1.0482456140350878,0.9019127212328881,0.5526315789473684
20,3,36,1.0482456140350878,0.8463355692382014,0
20,3,37,1.0482456140350878,0.8847049966235602,0.30263157894736836
20,3,38,1.0482456140350878,0.8548334357431382,0.30263157894736836
20,3,39,1.0482456140350878,0.8763671769358572,0.30263157894736836
20,3,40,1.0482456140350878,0.8901979493075918,0.30263157894736836
20,3,41,1.0482456140350878,0.8530147180955582,0.30263157894736836
20,3,42,1.0482456140350878,0.8508619604623711,0
20,3,43,3.9152406844714536,0.9251214274766723,0.30263157894736836
20,3,44,3.9152406844714536,0.9475465731947632,0
20,3,45,3.9152406844714536,0.988187763744662,0
20,3,46,3.9152406844714536,0.9697823034158588,0
20,3,47,3.9152406844714536,0.9724927532993441,0.21965538847117794
20,3,48,3.9152406844714536,0.9360275649102683,0.30263157894736836
20,3,49,3.9152406844714536,1.0145495231842496,0.30263157894736836
20,3,50,3.9152406844714536,0.9652913403472024,0
20,3,51,3.9813925793606493,0.9925830275247481,0
20,3,52,3.9813925793606493,1.0146308772524515,0.30263157894736836
20,3,53,3.9813925793606493,1.0516999635732798,0.5526315789473684
20,3,54,3.9813925793606493,1.034105820621335,0.30263157894736836
20,3,55,3.9813925793606493,1.0178496177168015,0.30263157894736836
20,3,56,3.9813925793606493,0.947915874439061,0
20,3,57,3.9813925793606493,0.9805588359682337,0
20,3,58,3.9813925793606493,1.013508720620593,0.30263157894736836
20,3,59,3.9813925793606493,0.9954674403433323,0.30263157894736836
20,3,60,3.9813925793606493,0.9606906661997098,0
20,3,61,4.027401612326754,1.0796395459523558,0.30263157894736836
20,3,62,4.027401612326754,1.2756234938632605,0.30263157894736836
20,3,63,4.027401612326754,1.1945888304147438,0.30263157894736836
20,3,64,4.027401612326754,1.0355477594573042,0.30263157894736836
20,3,65,4.027401612326754,0.9942819838811451,0
20,3,66,4.027401612326754,1.2073747078886687,0.30263157894736836
20,3,67,4.027401612326754,1.1235462981481699,0.30263157894736836
20,3,68,4.032748443438182,1.030161235444309,0
20,3,69,4.042701417916565,1.170456011882238,0
20,3,70,4.0622831441422145,1.1927006323709939,0.30263157894736836
20,3,71,4.0622831441422145,1.2123592788330066,0.7951688923802043
20,3,72,4.0622831441422145,1.266328248428281,0.30263157894736836
20,3,73,4.110085846761236,1.267196070581764,0.30263157894736836
20,3,74,4.110085846761236,1.2093418800611793,0
20,3,75,4.2554363753590065,1.4812015785373398,0.30263157894736836
20,3,76,4.318196457326892,1.4986024138498795,0.30263157894736836
20,3,77,4.318196457326892,1.3034883386076481,0
20,3,78,4.318196457326892,1.340567481352399,0.30263157894736836
20,3,79,4.911661729060059,1.229971378643421,0.30263157894736836
20,3,80,4.911661729060059,1.2226596543063963,0.30263157894736836
20,3,81,5.5827517447657025,1.3984990232654904,0
20,3,82,5.5827517447657025,1.7592758069602914,0
20,3,83,5.5827517447657025,1.5439196109022957,0
20,3,84,5.5827517447657025,1.3470966197163654,0
20,3,85,5.605033384694401,1.7917343529692529,0.30263157894736836
20,3,86,5.605033384694401,1.5894537874114854,0.30263157894736836
20,3,87,5.605033384694401,1.362668228074364,0.30263157894736836
20,3,88,5.605033384694401,1.1917941764197262,0
20,3,89,5.605033384694401,1.3869632955625104,0.5526315789473684
20,3,90,5.605033384694401,1.6584019756968686,0
20,3,91,5.605033384694401,1.4828738698714263,0
20,3,92,5.605033384694401,1.486200196194599,0.30263157894736836
20,3,93,5.605033384694401,1.6803062416056793,0.30263157894736836
20,3,94,5.616688396349413,1.807867151810459,0.5526315789473684
20,3,95,5.825834542815675,1.9643947974743035,0.30263157894736836
20,3,96,5.825834542815675,2.1018561235362188,0.30263157894736836
20,3,97,5.825834542815675,2.562733220181374,0.17841259096293782
20,3,98,5.825834542815675,2.2291183655137012,0
20,3,99,5.825834542815675,1.51829826697005,0
20,3,100,5.825834542815675,1.4984476740345665,0.6776315789473684
20,3,101,5.906485671191553,1.9412348344590344,0
20,3,102,5.906485671191553,1.6886108680361898,0.30263157894736836
20,3,103,5.906485671191553,1.9718737494754586,0.30263157894736836
20,3,104,5.906485671191553,2.138960527196199,0
20,3,105,5.906485671191553,2.2977340187351776,0.30263157894736836
20,3,106,5.930905695611577,2.1327928739089965,0.30263157894736836
20,3,107,6.018140589569161,2.2014385566634562,0.30263157894736836
20,3,108,6.018140589569161,2.803237271314961,0.7817982456140351
20,3,109,6.018140589569161,2.3240488833359723,0.30263157894736836
20,3,110,6.018140589569161,2.5308952307125367,0.30263157894736836
20,3,111,6.018140589569161,2.2869159225963918,0.5526315789473684
20,3,112,6.018140589569161,1.7125351783806801,0.30263157894736836
20,3,113,6.018140589569161,1.8445268747014814,0.30263157894736836
20,3,114,6.018140589569161,2.2778267692601584,0.30263157894736836
20,3,115,6.018140589569161,2.073456118551139,0.30263157894736836
20,3,116,6.018140589569161,2.1526879229246134,0.5526315789473684
20,3,117,6.018140589569161,2.3209271975076415,0.5526315789473684
20,3,118,6.018140589569161,2.4822858706029156,0.30263157894736836
20,3,119,6.018140589569161,2.73715800526755,0.30263157894736836
20,3,120,6.018140589569161,2.2005269048764813,0.5526315789473684
20,3,121,6.018140589569161,2.472620014126657,0.30263157894736836
20,3,122,6.018140589569161,2.8039736629174308,0.30263157894736836
20,3,123,6.018140589569161,2.422766799214721,0.30263157894736836
20,3,124,6.018140589569161,2.2188126698152497,0.30263157894736836
20,3,125,6.112799729821006,2.3946699668488085,0.30263157894736836
20,3,126,6.112799729821006,2.229589000514317,0.7817982456140351
20,3,127,6.215873015873016,2.533762683628318,0
20,3,128,6.215873015873016,2.3091682753827736,0.5526315789473684
20,3,129,6.215873015873016,2.4053327546384327,0.30263157894736836
20,3,130,6.215873015873016,2.113024814552067,0
20,3,131,6.241894353369764,2.0683223065098724,0.30263157894736836
20,3,132,6.241894353369764,2.4622069223169283,0.30263157894736836
20,3,133,6.241894353369764,2.2162380940946376,0.30263157894736836
20,3,134,6.241894353369764,2.476535602243709,0.30263157894736836
20,3,135,6.241894353369764,2.681686387257343,0.30263157894736836
20,3,136,6.241894353369764,2.7210684075658236,0.30263157894736836
20,3,137,6.354555852077773,2.323696451959087,0.30263157894736836
20,3,138,6.354555852077773,2.3161928373570624,0.30263157894736836
20,3,139,6.354555852077773,2.3496568720700792,0.30263157894736836
20,3,140,6.354555852077773,2.577078759581385,0.30263157894736836
20,3,141,6.354555852077773,2.8786262345004756,0.30263157894736836
20,3,142,6.354555852077773,2.6844297784680196,0.30263157894736836
20,3,143,6.354555852077773,2.7688366379907654,0.30263157894736836
20,3,144,6.354555852077773,3.1938389732681207,0.30263157894736836
20,3,145,6.628205128205128,2.984327876097139,0.30263157894736836
20,3,146,6.628205128205128,2.973269513796723,0.30263157894736836
20,3,147,6.628205128205128,3.3483997127796754,0.30263157894736836
20,3,148,6.656940760389036,2.836078457627498,0.30263157894736836
20,3,149,6.656940760389036,2.046178446958598,0
20,3,150,6.656940760389036,2.5579449478065728,0.30263157894736836
20,3,151,6.656940760389036,2.87527825061455,0.30263157894736836
20,3,152,6.656940760389036,2.5139653544277105,0.30263157894736836
20,3,153,6.656940760389036,2.968542955970472,0.30263157894736836
20,3,154,6.656940760389036,2.421246417961561,0.30263157894736836
20,3,155,6.656940760389036,2.7387224839042172,0.0255720497825761
20,3,156,6.656940760389036,2.8678270989111727,0.30263157894736836
20,3,157,6.656940760389036,2.8626577027657545,0.30263157894736836
20,3,158,6.656940760389036,3.141535649220786,0.30263157894736836
20,3,159,6.656940760389036,2.6561597976387223,0.30263157894736836
20,3,160,6.72079772079772,3.432857595999172,0.30263157894736836
20,3,161,6.72079772079772,3.644126544824882,0.30263157894736836
20,3,162,6.72079772079772,2.98122673840976,0.30263157894736836
20,3,163,6.72079772079772,3.1049424274777935,0.30263157894736836
20,3,164,6.72079772079772,2.8700541993589543,0.30263157894736836
20,3,165,6.72079772079772,2.519044904289569,0.30263157894736836
20,3,166,6.871871871871871,2.71391205745435,0.30263157894736836
20,3,167,6.871871871871871,2.551949648881819,0.30263157894736836
20,3,168,6.871871871871871,2.306146278615043,0.30263157894736836
20,3,169,6.976354679802955,3.2380038846553583,0.30263157894736836
20,3,170,6.976354679802955,2.733983517203328,0.30263157894736836
20,3,171,6.976354679802955,3.4571674885407533,0.30263157894736836
20,3,172,7.007142857142857,3.218115000316106,0.7748538011695907
20,3,173,7.0402116402116395,3.3187096849793765,0.30263157894736836
20,3,174,7.0402116402116395,2.7389002741133712,0.30263157894736836
20,3,175,7.0576819407008085,2.9966665864572253,0.30263157894736836
20,3,176,7.0576819407008085,2.40705450724557,0.30263157894736836
20,3,177,7.0576819407008085,2.7146209521212166,0.30263157894736836
20,3,178,7.0576819407008085,2.259979962752057,0
20,3,179,7.0576819407008085,2.974011223417321,0.30263157894736836
20,3,180,7.228956228956228,3.335080793713631,0.30263157894736836
20,3,181,7.228956228956228,2.8759105048985263,0.30263157894736836
20,3,182,7.228956228956228,3.3151280096863855,0.30263157894736836
20,3,183,7.228956228956228,3.7743245747757608,0.30263157894736836
20,3,184,7.228956228956228,3.1864973311191243,0.30263157894736836
20,3,185,7.228956228956228,3.014327619147868,0.30263157894736836
20,3,186,7.228956228956228,3.1945262937958305,0.30263157894736836
20,3,187,7.228956228956228,3.1837515849365,0.30263157894736836
20,3,188,7.228956228956228,2.617387126580266,0.30263157894736836
20,3,189,7.228956228956228,2.9688254679471204,0.30263157894736836
20,3,190,7.228956228956228,2.8870575098126294,0.30263157894736836
20,3,191,7.228956228956228,3.2990763465245743,0.30263157894736836
20,3,192,7.228956228956228,3.0733870837000783,0.30263157894736836
20,3,193,7.228956228956228,3.0197512523443173,0.30263157894736836
20,3,194,7.228956228956228,2.9903770270210273,0.30263157894736836
20,3,195,7.228956228956228,2.7945555473825925,0.30263157894736836
20,3,196,7.228956228956228,2.5846104994527264,0.30263157894736836
20,3,197,7.228956228956228,2.6325680620215337,0.30263157894736836
20,3,198,7.264568764568764,2.6158182728199084,0.30263157894736836
20,3,199,7.264568764568764,2.977756570349968,0.30263157894736836
20,3,200,7.264568764568764,3.2555188706456186,0.7732198142414861
20,3,201,7.264568764568764,3.4433730548422625,0.30263157894736836
20,3,202,7.264568764568764,3.7152546469598655,0.30263157894736836
20,3,203,7.264568764568764,2.640489225901401,0.30263157894736836
20,3,204,7.264568764568764,2.7738899291999575,0
20,3,205,7.264568764568764,2.796382777043221,0.30263157894736836
20,3,206,7.264568764568764,2.9079940775634503,0.30263157894736836
20,3,207,7.264568764568764,2.6875757752732103,0.30263157894736836
20,3,208,7.264568764568764,2.1866414857895258,0.30263157894736836
20,3,209,7.264568764568764,2.2387514623057037,0
20,3,210,7.264568764568764,2.0107282971145994,0.30263157894736836
20,3,211,7.264568764568764,2.879824864765678,0.30263157894736836
20,3,212,7.264568764568764,3.0227620994399858,0
20,3,213,7.264568764568764,2.793639047076243,0.30263157894736836
20,3,214,7.264568764568764,2.858076440620611,0.5526315789473684
20,3,215,7.264568764568764,3.3145082757439717,0.30263157894736836
20,3,216,7.264568764568764,3.3315478430556937,0.30263157894736836
20,3,217,7.264568764568764,2.69968927027186,0.30263157894736836
20,3,218,7.264568764568764,2.909305950790229,0.30263157894736836
20,3,219,7.264568764568764,2.2522208163796047,0.30263157894736836
20,3,220,7.264568764568764,2.1569187807496837,0.30263157894736836
20,3,221,7.264568764568764,1.988516761934048,0.30263157894736836
20,3,222,7.264568764568764,1.7475650321707454,0.30263157894736836
20,3,223,7.264568764568764,1.5365997781503102,0.30263157894736836
20,3,224,7.264568764568764,1.917128009390008,0.15253588516746408
20,3,225,7.264568764568764,2.478164534468415,0.30263157894736836
20,3,226,7.264568764568764,1.9141430817289031,0.30263157894736836
20,3,227,7.264568764568764,2.259679210333713,0.30263157894736836
20,3,228,7.264568764568764,3.1239259090462643,0.5526315789473684
20,3,229,7.264568764568764,2.607563738400512,0.30263157894736836
20,3,230,7.264568764568764,2.5062746220423,0.7713815789473684
20,3,231,7.264568764568764,2.4062125367868727,0.30263157894736836
20,3,232,7.264568764568764,3.5650690448552513,0.30263157894736836
20,3,233,7.264568764568764,3.354453556536506,0.30263157894736836
20,3,234,7.264568764568764,1.9946474485529568,0.30263157894736836
20,3,235,7.264568764568764,2.2791254116584616,0.30263157894736836
20,3,236,7.283422459893048,2.5066671759024377,0.30263157894736836
20,3,237,7.283422459893048,2.5103754937358898,0.30263157894736836
20,3,238,7.283422459893048,2.4463150335068833,0.30263157894736836
20,3,239,7.283422459893048,2.5270414568938104,0.5526315789473684
20,3,240,7.283422459893048,2.337718451131817,0.30263157894736836
20,3,241,7.283422459893048,2.357127019218475,0.30263157894736836
20,3,242,7.283422459893048,2.161249829081838,0.30263157894736836
20,3,243,7.283422459893048,1.953293595608355,0.30263157894736836
20,3,244,7.283422459893048,2.4248985545564334,0.30263157894736836
20,3,245,7.283422459893048,2.4914510117452715,0.30263157894736836
20,3,246,7.283422459893048,2.3297103482587733,0.03307858687815435
20,3,247,7.283422459893048,2.6607635765181765,0.30263157894736836
20,3,248,7.283422459893048,3.150737319524869,0.30263157894736836
20,3,249,7.283422459893048,3.3020371882585073,0.30263157894736836
20,3,250,7.283422459893048,3.467434977203039,0.30263157894736836
20,3,251,7.283422459893048,3.3373019390784884,0.30263157894736836
20,3,252,7.283422459893048,3.500659825947547,0.30263157894736836
20,3,253,7.283422459893048,2.324525893894099,0.30263157894736836
20,3,254,7.283422459893048,2.340832923230679,0.30263157894736836
20,3,255,7.283422459893048,2.096151045729737,0.30263157894736836
20,3,256,7.283422459893048,2.026516191093022,0
20,3,257,7.283422459893048,2.2048365777748797,0.30263157894736836
20,3,258,7.283422459893048,2.5134486074267013,0.30263157894736836
20,3,259,7.283422459893048,3.1103910010830007,0.30263157894736836
20,3,260,7.283422459893048,2.381160731876031,0.30263157894736836
20,3,261,7.283422459893048,2.122948409088744,0.30263157894736836
20,3,262,7.283422459893048,3.2178898472304667,0.30263157894736836
20,3,263,7.283422459893048,3.0901548062449353,0.30263157894736836
20,3,264,7.283422459893048,1.7568222957021744,0.30263157894736836
20,3,265,7.283422459893048,2.7746281789277223,0.30263157894736836
20,3,266,7.283422459893048,2.512928816044524,0.30263157894736836
20,3,267,7.283422459893048,2.1464545297398745,0.30263157894736836
20,3,268,7.283422459893048,2.6511242484858557,0.30263157894736836
20,3,269,7.283422459893048,2.4082205027943946,0.30263157894736836
20,3,270,7.283422459893048,2.294336880211132,0.30263157894736836
20,3,271,7.283422459893048,2.1482736016171997,0.30263157894736836
20,3,272,7.283422459893048,2.713147781670844,0
20,3,273,7.283422459893048,2.7907200000030934,0.30263157894736836
20,3,274,7.283422459893048,2.7394478776743534,0.30263157894736836
20,3,275,7.283422459893048,2.667504854474243,0.30263157894736836
20,3,276,7.283422459893048,3.4764485541991497,0.30263157894736836
20,3,277,7.283422459893048,2.977606519984331,0.30263157894736836
20,3,278,7.283422459893048,3.1283559303160193,0.30263157894736836
20,3,279,7.283422459893048,2.781493384474043,0.30263157894736836
20,3,280,7.283422459893048,3.1345097155435364,0.30263157894736836
20,3,281,7.283422459893048,3.75621982697519,0.30263157894736836
20,3,282,7.283422459893048,3.133482086394531,0.30263157894736836
20,3,283,7.303030303030303,3.5857743251435283,0
20,3,284,7.303030303030303,3.1413062111312215,0.30263157894736836
20,3,285,7.303030303030303,2.649939715351241,0.30263157894736836
20,3,286,7.303030303030303,3.25301536332707,0.30263157894736836
20,3,287,7.303030303030303,2.935048453781368,0
20,3,288,7.303030303030303,3.1516940220125376,0
20,3,289,7.303030303030303,3.114188947497912,0
20,3,290,7.303030303030303,2.687103580101775,0.30263157894736836
20,3,291,7.303030303030303,1.761099956428769,0.30263157894736836
20,3,292,7.303030303030303,1.729731252097363,0.30263157894736836
20,3,293,7.303030303030303,1.6062908803277012,0.30263157894736836
20,3,294,7.303030303030303,2.3128807223012746,0.16023894091055857
20,3,295,7.303030303030303,2.5105065718965993,0.30263157894736836
20,3,296,7.303030303030303,3.0397288660225126,0.30263157894736836
20,3,297,7.303030303030303,2.812632973294066,0.30263157894736836
20,3,298,7.303030303030303,2.7514224092025974,0.30263157894736836
20,3,299,7.303030303030303,2.4532842434401014,0.30263157894736836
20,3,300,7.303030303030303,1.8863616655036726,0
20,3,301,7.303030303030303,2.385652336543615,0.30263157894736836
20,3,302,7.303030303030303,2.714032399370725,0.30263157894736836
20,3,303,7.303030303030303,2.868145633081267,0.30263157894736836
20,3,304,7.303030303030303,2.91395894289806,0.30263157894736836
20,3,305,7.303030303030303,3.0277331011725295,0.30263157894736836
20,3,306,7.303030303030303,2.0935088407000104,0.30263157894736836
20,3,307,7.303030303030303,2.0921905762924347,0.30263157894736836
20,3,308,7.303030303030303,2.987916200789058,0.2819298245614036
20,3,309,7.303030303030303,2.8753727282380193,0.30263157894736836
20,3,310,7.303030303030303,2.764900258102612,0.30263157894736836
20,3,311,7.303030303030303,2.5915757132119057,0.30263157894736836
20,3,312,7.303030303030303,2.276026713152839,0.30263157894736836
20,3,313,7.303030303030303,2.5914558836157537,0.30263157894736836
20,3,314,7.303030303030303,2.335596267350376,0.30263157894736836
20,3,315,7.303030303030303,2.0916279265305975,0.30263157894736836
20,3,316,7.303030303030303,2.3295913996366533,0.30263157894736836
20,3,317,7.303030303030303,2.376305127471193,0.30263157894736836
20,3,318,7.303030303030303,2.3808313555850646,0.30263157894736836
20,3,319,7.303030303030303,2.3250456948196567,0.30263157894736836
20,3,320,7.303030303030303,2.9751191751830857,0.30263157894736836
20,3,321,7.303030303030303,2.867567956963366,0.30263157894736836
20,3,322,7.303030303030303,2.878095642186923,0.30263157894736836
20,3,323,7.303030303030303,2.468541838243094,0.30263157894736836
20,3,324,7.303030303030303,2.000250568528493,0
20,3,325,7.303030303030303,2.7706400733311223,0.30263157894736836
20,3,326,7.303030303030303,2.8006737919004348,0.30263157894736836
20,3,327,7.303030303030303,2.2477707547322825,0.30263157894736836
20,3,328,7.303030303030303,2.442047309185441,0.30263157894736836
20,3,329,7.303030303030303,2.834533779114579,0.30263157894736836
20,3,330,7.303030303030303,3.024894727285893,0.30263157894736836
20,3,331,7.303030303030303,3.2961473476148297,0.30263157894736836
20,3,332,7.303030303030303,2.911143385430989,0.30263157894736836
20,3,333,7.303030303030303,2.458774438017917,0.30263157894736836
20,3,334,7.303030303030303,2.5268590484874074,0.30263157894736836
20,3,335,7.303030303030303,1.5688273420858903,0.30263157894736836
20,3,336,7.303030303030303,1.7886822736387649,0.30263157894736836
20,3,337,7.303030303030303,1.4506670853049002,0.1378932287739405
20,3,338,7.303030303030303,1.5894181531824314,0.30263157894736836
20,3,339,7.303030303030303,2.7542679361013866,0.1869135802469135
20,3,340,7.303030303030303,1.9592675381847116,0.30263157894736836
20,3,341,7.303030303030303,2.3418946044388993,0.30263157894736836
20,3,342,7.303030303030303,2.4444077968992466,0.30263157894736836
20,3,343,7.303030303030303,2.718869167766751,0.30263157894736836
20,3,344,7.303030303030303,3.1644724289207806,0.30263157894736836
20,3,345,7.303030303030303,3.018594084159697,0.30263157894736836
20,3,346,7.303030303030303,2.69279274180978,0
20,3,347,7.303030303030303,2.1884013074950417,0.30263157894736836
20,3,348,7.303030303030303,2.9080026169543656,0.30263157894736836
20,3,349,7.303030303030303,2.160885291295702,0.30263157894736836
20,3,350,7.303030303030303,2.2676942409467236,0.30263157894736836
20,3,351,7.303030303030303,2.5050836830370447,0.30263157894736836
20,3,352,7.303030303030303,2.9877275706623174,0.30263157894736836
20,3,353,7.303030303030303,2.5749726281936898,0.30263157894736836
20,3,354,7.303030303030303,2.108570562645009,0.30263157894736836
20,3,355,7.303030303030303,2.3404962061763794,0.30263157894736836
20,3,356,7.303030303030303,2.6684412371076673,0.30263157894736836
20,3,357,7.303030303030303,1.9084449122218905,0
20,3,358,7.303030303030303,3.0447993609589825,0.30263157894736836
20,3,359,7.303030303030303,2.9969232749462917,0.30263157894736836
20,3,360,7.303030303030303,3.212342794761983,0.30263157894736836
20,3,361,7.303030303030303,3.7408896517774806,0.30263157894736836
20,3,362,7.303030303030303,3.2583972670155794,0.30263157894736836
20,3,363,7.303030303030303,3.0228088566345717,0.30263157894736836
20,3,364,7.303030303030303,2.6555278323590095,0.30263157894736836
20,3,365,7.303030303030303,2.889199764989,0.30263157894736836
20,3,366,7.303030303030303,2.6716985139666223,0.30263157894736836
20,3,367,7.303030303030303,2.0251292243669656,0
20,3,368,7.303030303030303,2.6963699947946647,0.30263157894736836
20,3,369,7.303030303030303,3.0298984013896306,0.30263157894736836
20,3,370,7.303030303030303,2.8250054669666427,0.30263157894736836
20,3,371,7.303030303030303,2.7924034983964585,0.30263157894736836
20,3,372,7.303030303030303,2.439931291871834,0.30263157894736836
20,3,373,7.303030303030303,1.8767804083574198,0.30263157894736836
20,3,374,7.303030303030303,2.9252674340121168,0
20,3,375,7.303030303030303,2.818550134120089,0.30263157894736836
20,3,376,7.303030303030303,3.019624799984978,0.30263157894736836
20,3,377,7.303030303030303,2.5397132190915643,0.30263157894736836
20,3,378,7.303030303030303,3.752774666072574,0.30263157894736836
20,3,379,7.303030303030303,3.184365782299034,0.30263157894736836
20,3,380,7.303030303030303,3.0841486999620145,0.30263157894736836
20,3,381,7.303030303030303,2.904335301070619,0.30263157894736836
20,3,382,7.303030303030303,2.728364062882914,0.30263157894736836
20,3,383,7.303030303030303,2.574486692278195,0.30263157894736836
20,3,384,7.303030303030303,2.7602752788203584,0.30263157894736836
20,3,385,7.303030303030303,2.897584838484679,0.30263157894736836
20,3,386,7.303030303030303,1.3234778759025514,0.30263157894736836
20,3,387,7.303030303030303,2.4422218715748083,0.30263157894736836
20,3,388,7.303030303030303,2.7430234946895324,0.30263157894736836
20,3,389,7.303030303030303,2.758954849074612,0.30263157894736836
20,3,390,7.303030303030303,3.1103514078823458,0.30263157894736836
20,3,391,7.303030303030303,2.781528897513606,0.30263157894736836
20,3,392,7.303030303030303,3.3887878689378925,0.30263157894736836
20,3,393,7.303030303030303,3.7471073535464687,0.30263157894736836
20,3,394,7.303030303030303,2.9635775976691003,0.30263157894736836
20,3,395,7.303030303030303,3.200488392185534,0.30263157894736836
20,3,396,7.303030303030303,2.912733702166461,0.30263157894736836
20,3,397,7.303030303030303,3.2671550821341664,0.30263157894736836
20,3,398,7.303030303030303,3.674289289989137,0.30263157894736836
20,3,399,7.303030303030303,2.3051336958989843,0.30263157894736836
20,3,400,7.303030303030303,1.9212322576588812,0.30263157894736836
20,3,401,7.303030303030303,2.307176900358602,0.30263157894736836
20,3,402,7.303030303030303,2.7471543672798346,0.30263157894736836
20,3,403,7.303030303030303,2.783027059698097,0.30263157894736836
20,3,404,7.303030303030303,2.444275279706555,0.30263157894736836
20,3,405,7.303030303030303,2.9887705826704956,0.30263157894736836
20,3,406,7.303030303030303,2.7257395339117774,0.30263157894736836
20,3,407,7.303030303030303,2.4270639753110013,0.30263157894736836
20,3,408,7.303030303030303,2.3056908691146947,0.30263157894736836
20,3,409,7.303030303030303,1.8535128097235358,0
20,3,410,7.303030303030303,2.1232347430071603,0.30263157894736836
20,3,411,7.303030303030303,2.5875910440360075,0.30263157894736836
20,3,412,7.303030303030303,2.506805133450574,0.30263157894736836
20,3,413,7.303030303030303,2.8294937432832676,0
20,3,414,7.303030303030303,2.9095699453640798,0.30263157894736836
20,3,415,7.303030303030303,3.0720894142715376,0.30263157894736836
20,3,416,7.303030303030303,3.7659827748001646,0.30263157894736836
20,3,417,7.303030303030303,2.474741712038015,0.30263157894736836
20,3,418,7.303030303030303,2.8111008872236662,0.30263157894736836
20,3,419,7.303030303030303,3.637630091449015,0.30263157894736836
20,3,420,7.303030303030303,3.626499551772316,0.30263157894736836
20,3,421,7.303030303030303,3.1848055366215964,0.30263157894736836
20,3,422,7.303030303030303,2.9737724097570912,0.30263157894736836
20,3,423,7.303030303030303,3.5226867350634414,0.30263157894736836
20,3,424,7.303030303030303,3.190597426980454,0.30263157894736836
20,3,425,7.303030303030303,3.0345480307314388,0.30263157894736836
20,3,426,7.303030303030303,3.159759048095668,0.30263157894736836
20,3,427,7.303030303030303,2.100082159600768,0.30263157894736836
20,3,428,7.303030303030303,2.1699064339643304,0.30263157894736836
20,3,429,7.303030303030303,1.9325649041259059,0.30263157894736836
20,3,430,7.303030303030303,2.473178279010044,0.30263157894736836
20,3,431,7.303030303030303,2.0802538443588365,0.30263157894736836
20,3,432,7.303030303030303,1.6081843969000886,0.30263157894736836
20,3,433,7.303030303030303,1.984716403417522,0.089256260308892
20,3,434,7.303030303030303,1.9450119243350559,0
20,3,435,7.303030303030303,2.592902713146011,0.30263157894736836
20,3,436,7.303030303030303,2.655102337827687,0.30263157894736836
20,4,1,0.9120436225699384,0.7491958158778393,0
20,4,2,0.9139604329973872,0.7841197177502931,0.16693251533742337
20,4,3,0.9336697909156453,0.7925646066894965,0
20,4,4,0.9336697909156453,0.8556130662162964,0.7572156196943973
20,4,5,1.1105263157894736,0.8480164495208646,0
20,4,6,1.1105263157894736,0.8434055032256116,0
20,4,7,1.1105263157894736,0.878919682320674,0
20,4,8,1.1336032388663968,0.9093900047305208,0
20,4,9,1.1336032388663968,0.9176306665763689,0
20,4,10,1.1405263157894736,0.9077152034026443,0
20,4,11,1.1405263157894736,0.9352686356175407,0.04157894736842127
20,4,12,1.1405263157894736,0.9611840306804621,0.850328947368421
20,4,13,1.1405263157894736,0.8672308518501971,0
20,4,14,1.1405263157894736,0.9172292680296015,0
20,4,15,1.1405263157894736,0.9311931157438846,0
20,4,16,1.1405263157894736,0.924964591628147,0.27669365721997286
20,4,17,1.1405263157894736,0.9715219480448064,0.7045454545454546
20,4,18,1.1405263157894736,0.954056500496106,0.5775915938255531
20,4,19,1.1405263157894736,0.9425623598834236,0
20,4,20,1.1405263157894736,0.890392808291115,0
20,4,21,1.1405263157894736,0.9524331017000718,0.5321793653809614
20,4,22,1.1405263157894736,0.960675372265922,0.35689767898005886
20,4,23,1.1405263157894736,0.9447778029547707,0.3636532507739938
20,4,24,1.1480263157894737,0.9370754045192926,0
20,4,25,1.1561784897025171,0.9113771475422535,0.16657894736842094
20,4,26,1.1561784897025171,0.9583937627201067,0.3560925039872409
20,4,27,1.1650717703349283,0.9622914624078008,0.28189037682964824
20,4,28,1.1650717703349283,0.9397571030684156,0
20,4,29,1.1650717703349283,0.9468258734190222,0
20,4,30,1.1650717703349283,0.9760202319337509,0.4040026398284113
20,4,31,1.1650717703349283,0.9262713097602192,0
20,4,32,1.1650717703349283,0.9803862477939532,0.6356361101429071
20,4,33,1.1650717703349283,0.9490498921571437,0
20,4,34,1.1650717703349283,0.9703704626634928,0
20,4,35,1.9365351307724192,0.9348066247883368,0
20,4,36,1.9365351307724192,0.9691794522873878,0.43742838107928045
20,4,37,1.9365351307724192,0.9763488793105028,0
20,4,38,1.9365351307724192,0.9219322616886003,0
20,4,39,1.9365351307724192,0.9349767128605093,0
20,4,40,1.9365351307724192,0.9666057070075361,0
20,4,41,1.9365351307724192,0.9032685988478006,0
20,4,42,1.9365351307724192,0.9285204445949431,0
20,4,43,3.0158156614016907,1.006537122640408,0.06557204978257603
20,4,44,3.0158156614016907,0.96593125609718,0
20,4,45,3.0158156614016907,1.0236837197374422,0.6673599593839905
20,4,46,3.0158156614016907,0.9972723777739244,0
20,4,47,3.0158156614016907,0.9715200382413013,0
20,4,48,3.0158156614016907,0.954929176447565,0
20,4,49,3.036620326200536,1.0049713887119711,0
20,4,50,3.036620326200536,0.982058734801323,0
20,4,51,3.036620326200536,0.9177642017971144,0
20,4,52,3.036620326200536,1.0458776619247532,0
20,4,53,3.036620326200536,1.024063405226627,0
20,4,54,3.036620326200536,0.9545648840872325,0
20,4,55,3.036620326200536,0.933234280619634,0
20,4,56,3.036620326200536,0.9588828000950714,0
20,4,57,3.0387761166735245,1.0858882804834886,0
20,4,58,3.0387761166735245,0.9748600491280607,0
20,4,59,3.0387761166735245,1.009516575859059,0
20,4,60,3.0387761166735245,0.9760259022763594,0
20,4,61,3.0387761166735245,1.0043247037702903,0.4262582501269251
20,4,62,3.0387761166735245,0.9984685106486622,0.03601156069364153
20,4,63,3.0387761166735245,0.9350171539143837,0
20,4,64,3.0387761166735245,0.9325403812587011,0
20,4,65,3.0387761166735245,0.9663746010162566,0
20,4,66,3.0387761166735245,1.0432292578898226,0
20,4,67,3.305499213472749,1.037814377189602,0
20,4,68,3.305499213472749,0.9706924204026903,0
20,4,69,3.305499213472749,0.9727217845685682,0
20,4,70,3.305499213472749,1.019589071981226,0
20,4,71,3.305499213472749,1.0463781245299204,0.5266442953020134
20,4,72,3.305499213472749,0.9896523526896165,0
20,4,73,3.305499213472749,0.957056654063681,0
20,4,74,3.3911862990810357,1.062929424040575,0
20,4,75,3.3911862990810357,1.0309837097100745,0
20,4,76,3.3911862990810357,0.972996910816611,0
20,4,77,3.4386720600519505,1.108218593177662,0
20,4,78,3.4386720600519505,1.084120616439791,0
20,4,79,3.4386720600519505,1.1092252879188111,0
20,4,80,3.4386720600519505,1.1025425123478998,0
20,4,81,3.4386720600519505,1.0951869500035845,0
20,4,82,3.4386720600519505,1.105237834034742,0
20,4,83,3.4386720600519505,1.1040629972690603,0
20,4,84,3.4386720600519505,0.9608279723451855,0
20,4,85,3.4386720600519505,0.9294363620704617,0
20,4,86,3.4386720600519505,1.0740874622083272,0
20,4,87,3.4386720600519505,1.1509771850489832,0
20,4,88,3.4386720600519505,1.0582768493801895,0
20,4,89,3.4386720600519505,1.0534996617473162,0
20,4,90,3.4386720600519505,1.0905858595193962,0
20,4,91,3.4386720600519505,0.9870118652059615,0
20,4,92,3.4386720600519505,1.0358238547813254,0
20,4,93,3.473018665921892,1.0733214677401046,0
20,4,94,3.473018665921892,1.0870191215933038,0
20,4,95,3.473018665921892,0.9697038130094926,0
20,4,96,3.473018665921892,1.1851985082194125,0
20,4,97,3.473018665921892,0.9800917852332476,0
20,4,98,3.473018665921892,0.9837294193981592,0
20,4,99,3.473018665921892,0.9673300845792134,0
20,4,100,3.473018665921892,1.0745289231885584,0
20,4,101,3.591235632183908,1.0571422098478325,0
20,4,102,3.591235632183908,1.0643512143650422,0
20,4,103,3.591235632183908,1.0938938429123246,0
20,4,104,3.591235632183908,1.1430460376288805,0
20,4,105,3.617607119123978,0.9863603764907808,0
20,4,106,3.617607119123978,0.8970319097927033,0
20,4,107,3.617607119123978,0.9910471915793139,0
20,4,108,3.617607119123978,1.0057347964277943,0
20,4,109,3.617607119123978,1.108935078313709,0
20,4,110,3.617607119123978,1.1546122485118873,0
20,4,111,3.617607119123978,1.164045402927636,0
20,4,112,3.617607119123978,1.0589478556637624,0
20,4,113,3.628415785889807,1.196003507173454,0
20,4,114,3.628415785889807,1.0076690888359061,0
20,4,115,3.628415785889807,1.068070071425876,0
20,4,116,3.6656599214738748,1.1188314896967615,0
20,4,117,3.6820729029424686,1.195131986162798,0
20,4,118,3.6820729029424686,1.1025516450107535,0
20,4,119,3.6820729029424686,1.1317687185311913,0
20,4,120,3.6916253680959565,1.1014305819888421,0
20,4,121,3.6916253680959565,0.9271796595421173,0
20,4,122,3.6916253680959565,1.3100085887854664,0
20,4,123,3.6916253680959565,1.1627772499228863,0
20,4,124,3.6916253680959565,1.116076152741492,0
20,4,125,3.6916253680959565,1.1535572532854925,0
20,4,126,3.6916253680959565,0.9909095189682823,0
20,4,127,3.6916253680959565,1.183532782411722,0
20,4,128,3.6916253680959565,1.1277385791660774,0
20,4,129,3.6916253680959565,1.1221557635585961,0
20,4,130,3.6916253680959565,1.1398710494012176,0
20,4,131,3.6945672886779564,0.9295254039997682,0
20,4,132,3.6945672886779564,1.0549292692083077,0
20,4,133,3.6945672886779564,1.0644476573422412,0
20,4,134,3.6945672886779564,1.0159375258531784,0
20,4,135,3.6945672886779564,1.0049914635836257,0
20,4,136,3.6945672886779564,1.1242661825740017,0
20,4,137,3.702304147465438,1.173706111527368,0
20,4,138,3.702304147465438,1.0252670672541888,0
20,4,139,3.702304147465438,1.2249857761293028,0
20,4,140,3.702304147465438,1.2464547222383164,0
20,4,141,3.702304147465438,1.0930452520327782,0
20,4,142,3.702304147465438,0.9242566601300904,0
20,4,143,3.702304147465438,1.0207875718550945,0
20,4,144,3.702304147465438,1.0791451195724622,0
20,4,145,3.7046052026840703,1.0536406148011606,0
20,4,146,3.711058376839108,1.1553320121506625,0.3864788732394365
20,4,147,3.711058376839108,1.03572546759817,0.7441860465116279
20,4,148,3.7133499924276845,1.0021573354471902,0
20,4,149,3.7133499924276845,0.9985781981146276,0
20,4,150,3.7133499924276845,1.0462245001955113,0
20,4,151,3.7133499924276845,0.9291452761706215,0
20,4,152,3.7133499924276845,0.9522414301315308,0
20,4,153,3.7133499924276845,1.015483951738477,0
20,4,154,3.7133499924276845,1.0836593410653996,0
20,4,155,3.7133499924276845,1.029272467877489,0
20,4,156,3.7161817651065485,1.142793387314521,0
20,4,157,3.7161817651065485,1.0577004495611084,0
20,4,158,3.7161817651065485,1.041527375453746,0
20,4,159,3.7161817651065485,1.1056166056549044,0
20,4,160,3.7161817651065485,1.170418065434322,0
20,4,161,3.719016827522689,1.268212516929902,0
20,4,162,3.719016827522689,1.2464267863422303,0
20,4,163,3.719016827522689,1.2198792198175885,0.7433333333333332
20,4,164,3.719016827522689,1.0557279077571877,0
20,4,165,3.723144003704275,1.1797631025481843,0.006434170532714889
20,4,166,3.723144003704275,1.0914530245122036,0
20,4,167,3.723144003704275,1.0312968835118712,0
20,4,168,3.723144003704275,0.9529877103284342,0
20,4,169,3.723144003704275,1.0708089467137711,0
20,4,170,3.723144003704275,0.9868230392858262,0
20,4,171,3.723144003704275,1.0496234297348612,0
20,4,172,3.723144003704275,1.125549439168347,0
20,4,173,3.723144003704275,1.147913253248457,0
20,4,174,3.723144003704275,1.1981769192038327,0.6875
20,4,175,3.723144003704275,1.1824663514480556,0
20,4,176,3.833129833129833,1.0285199879044138,0
20,4,177,3.833129833129833,1.0324535833007957,0
20,4,178,3.833129833129833,0.9709044576647219,0.1942105263157896
20,4,179,3.833129833129833,1.1010364262475332,0
20,4,180,3.833129833129833,1.1909769360592641,0
20,4,181,3.833129833129833,1.0511088801874464,0.7436708860759493
20,4,182,3.833129833129833,1.0633947377045019,0.6244700793078586
20,4,183,3.833129833129833,1.067725149468032,0
20,4,184,3.8546957728135,1.1427065175446154,0
20,4,185,3.8546957728135,1.0257095389766675,0
20,4,186,3.8546957728135,1.1363819216383906,0
20,4,187,3.8546957728135,1.0658682603990572,0
20,4,188,3.9335934871829377,1.2920255776997434,0.7205882352941178
20,4,189,3.9335934871829377,1.1256466998018548,0.007093023255813957
20,4,190,3.9335934871829377,1.1770766712240732,0.2059533564450048
20,4,191,3.9335934871829377,1.2752963312264298,0
20,4,192,3.9335934871829377,1.0904253810322646,0
20,4,193,3.9335934871829377,1.1145643534647174,0
20,4,194,3.9335934871829377,1.0680596799616977,0
20,4,195,3.9335934871829377,1.1066384221969985,0
20,4,196,3.9335934871829377,1.1096990862145264,0
20,4,197,3.9335934871829377,1.1894754455106074,0
20,4,198,3.9335934871829377,1.0789887604365938,0
20,4,199,3.9335934871829377,1.0949505421029024,0.5182894736842106
20,4,200,3.9335934871829377,1.02787623408012,0
20,4,201,3.9335934871829377,1.1381414522243647,0.5959893636530351
20,4,202,3.9335934871829377,1.1443317047337187,0
20,4,203,3.9564640487717413,1.5348939172922709,0
20,4,204,3.9564640487717413,1.1412593905674757,0
20,4,205,3.9564640487717413,1.3077826514751871,0.6810526315789475
20,4,206,3.983153638814016,1.1421551176187004,0
20,4,207,3.983153638814016,0.9923560333212249,0
20,4,208,3.983153638814016,1.0868152639766007,0
20,4,209,3.983153638814016,0.9576965150326461,0
20,4,210,3.983153638814016,1.1861179633514294,0
20,4,211,3.983153638814016,1.0508594605278692,0
20,4,212,3.983153638814016,1.0365618056153516,0
20,4,213,3.984935788799759,1.1279820706360697,0.30637770897832817
20,4,214,3.984935788799759,1.2005590659377843,0.7166666666666668
20,4,215,3.984935788799759,1.162462110238029,0
20,4,216,3.984935788799759,1.1274568897083652,0.24795031055900618
20,4,217,3.984935788799759,1.117230992910225,0
20,4,218,4.022977306864775,1.11472596572793,0.18550560073653533
20,4,219,4.022977306864775,1.0963352869522756,0
20,4,220,4.022977306864775,1.0198497649603704,0.053078586878154366
20,4,221,4.022977306864775,1.1109759346307164,0
20,4,222,4.022977306864775,1.0514632555829577,0
20,4,223,4.022977306864775,1.2148932481221824,0.6785714285714286
20,4,224,4.022977306864775,0.9760248865972574,0
20,4,225,4.022977306864775,1.0977780938298372,0.7205882352941178
20,4,226,4.022977306864775,1.0101379140447075,0
20,4,227,4.022977306864775,1.0484806066124748,0.7430555555555556
20,4,228,4.022977306864775,1.0266692396799315,0
20,4,229,4.044043624161073,1.1132353439023919,0.7439024390243902
20,4,230,4.044043624161073,1.097923462302273,0
20,4,231,4.044043624161073,1.1058580176003237,0.7423076923076923
20,4,232,4.044043624161073,1.0571146946559586,0
20,4,233,4.044043624161073,1.4010228520305394,0
20,4,234,4.044043624161073,1.2429336902119585,0
20,4,235,4.0622831441422145,1.0596870870943216,0
20,4,236,4.0622831441422145,1.1674664365247445,0
20,4,237,4.0622831441422145,1.250235867090244,0
20,4,238,4.0622831441422145,1.0170600581239977,0
20,4,239,4.0622831441422145,1.011711896895592,0.71875
20,4,240,4.0622831441422145,1.1378019518850764,0
20,4,241,4.068179834133566,1.2040058014269726,0.7424242424242424
20,4,242,4.068179834133566,1.0301773420541211,0.7045454545454546
20,4,243,4.068179834133566,0.9951843615245294,0
20,4,244,4.068179834133566,1.3060694530323032,0.5361514250743138
20,4,245,4.068179834133566,1.2029455448066635,0
20,4,246,4.076703171042794,1.2072888359146612,0
20,4,247,4.076703171042794,1.148285761534036,0
20,4,248,4.076703171042794,1.1240114657755658,0
20,4,249,4.076703171042794,1.1904005007541942,0
20,4,250,4.076703171042794,1.2497600255845234,0
20,4,251,4.076703171042794,1.0822774628399303,0
20,4,252,4.118201083117494,1.3529448784132316,0
20,4,253,4.118201083117494,0.9832053175704567,0
20,4,254,4.118201083117494,1.0761929956370193,0
20,4,255,4.118201083117494,1.2202569200871658,0
20,4,256,4.118201083117494,1.2613957915101832,0
20,4,257,4.118201083117494,0.8423756847595518,0
20,4,258,4.126638415295161,1.150884484311201,0.4964788732394365
20,4,259,4.126638415295161,1.059001105596874,0
20,4,260,4.126638415295161,1.2311752037690722,0.4982676890902754
20,4,261,4.126638415295161,1.207815716231703,0
20,4,262,4.126638415295161,1.2881162655080092,0
20,4,263,4.126638415295161,1.1617145319385935,0
20,4,264,4.126638415295161,1.0371591226592785,0
20,4,265,4.126638415295161,1.1966045065099156,0.17685534591194985
20,4,266,4.1498731608320645,1.3106204037297424,0.5563768115942029
20,4,267,4.150674699995021,1.4073228824259199,0.7083333333333335
20,4,268,4.150674699995021,1.1994356069989196,0.15677419354838718
20,4,269,4.150674699995021,1.267995587220048,0
20,4,270,4.150674699995021,1.1796956702751507,0
20,4,271,4.155119341979109,1.1916549517477812,0.7083333333333335
20,4,272,4.155119341979109,1.4042532968739565,0
20,4,273,4.155119341979109,1.0541395244591802,0
20,4,274,4.155119341979109,1.0111924437610893,0
20,4,275,4.155119341979109,1.262286577668457,0
20,4,276,4.155119341979109,1.1324007860288707,0
20,4,277,4.155119341979109,1.2119852738475962,0.07621635522029835
20,4,278,4.155119341979109,1.035172220888915,0
20,4,279,4.155119341979109,1.183774676284127,0.7261904761904763
20,4,280,4.155119341979109,1.1559537153029849,0
20,4,281,4.155119341979109,1.329033304715125,0
20,4,282,4.155119341979109,1.1976408216609,0
20,4,283,4.155119341979109,0.977673960282852,0
20,4,284,4.155119341979109,1.2348003729175416,0.71875
20,4,285,4.155119341979109,1.3235971545327063,0.29331846565566455
20,4,286,4.155119341979109,1.2366435044300237,0
20,4,287,4.172197123124059,1.1636297414372774,0
20,4,288,4.185097294731846,1.2855526365811463,0.7083333333333335
20,4,289,4.185097294731846,1.4468795577879692,0
20,4,290,4.212877645613448,1.5319703287528852,0
20,4,291,4.212877645613448,1.4119004017811982,0.036434170532714916
20,4,292,4.229142857142857,1.3953537978897816,0
20,4,293,4.229142857142857,1.2217248135892682,0
20,4,294,4.229142857142857,1.3130780921793408,0.2283018867924529
20,4,295,4.229142857142857,1.3111539354502373,0
20,4,296,4.229142857142857,1.319419778641347,0
20,4,297,4.229142857142857,1.3868007277577705,0
20,4,298,4.229142857142857,1.257577061428985,0
20,4,299,4.229142857142857,1.2018506964250202,0.7083333333333335
20,4,300,4.229142857142857,1.0866715510889176,0.7166666666666668
20,4,301,4.229142857142857,1.2187007953101312,0
20,4,302,4.229142857142857,1.156970124627674,0
20,4,303,4.257969303423849,1.2783148639356292,0.7115384615384617
20,4,304,4.278285227134332,1.2715702531023123,0
20,4,305,4.278285227134332,1.239025329787563,0
20,4,306,4.278285227134332,1.1764608283503972,0
20,4,307,4.278285227134332,1.0795045602527094,0.7142857142857144
20,4,308,4.278285227134332,1.0988978445193396,0
20,4,309,4.278285227134332,0.9831711867647607,0
20,4,310,4.278285227134332,1.0456234628405887,0
20,4,311,4.278285227134332,1.1576324840394059,0
20,4,312,4.278285227134332,1.131390627428374,0
20,4,313,4.278285227134332,1.343117014446795,0
20,4,314,4.278285227134332,1.5571952981492516,0.7142857142857144
20,4,315,4.278285227134332,1.3055194213510777,0
20,4,316,4.283613445378151,1.1351630583997454,0
20,4,317,4.283613445378151,1.174559874809042,0
20,4,318,4.283613445378151,1.2540037322031996,0.012811296534018024
20,4,319,4.283613445378151,1.3577184812941447,0
20,4,320,4.283613445378151,1.423161413250357,0.23502117362371433
20,4,321,4.283613445378151,1.2500734775873197,0
20,4,322,4.318196457326892,1.0564186501435622,0
20,4,323,4.318196457326892,1.2339314762445002,0
20,4,324,4.332248828735034,1.199880873358592,0.1862582501269251
20,4,325,4.332248828735034,1.1936370900082982,0
20,4,326,4.334972140281875,1.3150049193050668,0
20,4,327,4.340541619535564,1.3997744838865613,0
20,4,328,4.340541619535564,1.0678895934184616,0
20,4,329,4.340541619535564,1.126206121187876,0
20,4,330,4.340541619535564,1.4775118907563367,0
20,4,331,4.340541619535564,1.1455963918448682,0
20,4,332,4.340541619535564,1.37475470125069,0
20,4,333,4.357921831606042,1.3809480457602072,0
20,4,334,4.357921831606042,1.8386700041055355,0.7083333333333335
20,4,335,4.357921831606042,1.7297767311521173,0.05601156069364155
20,4,336,4.357921831606042,1.7739068364255866,0.3565986394557822
20,4,337,4.357921831606042,1.3414342208602208,0
20,4,338,4.357921831606042,1.7027244171986515,0
20,4,339,4.36366137129496,1.4182247920433764,0
20,4,340,4.36366137129496,1.4778377756332637,0
20,4,341,4.36366137129496,1.1939761216617473,0
20,4,342,4.36366137129496,1.3236609302024234,0
20,4,343,4.36366137129496,1.513109660836964,0
20,4,344,4.36366137129496,1.4021733491830022,0.5762686567164178
20,4,345,4.36366137129496,1.5950361532253825,0
20,4,346,4.36366137129496,1.3915784137786185,0
20,4,347,4.36366137129496,1.6188521453662046,0
20,4,348,4.36366137129496,1.3982349354226074,0
20,4,349,4.36366137129496,1.3273939071945327,0
20,4,350,4.384615384615385,1.5471315582043865,0
20,4,351,4.384615384615385,1.6042419116017552,0
20,4,352,4.384615384615385,1.2520508437742874,0
20,4,353,4.384615384615385,1.2689687884754666,0.7205882352941178
20,4,354,4.384615384615385,1.1734383015549448,0
20,4,355,4.384615384615385,1.251120692906586,0
20,4,356,4.384615384615385,1.0674145149945675,0
20,4,357,4.384615384615385,1.1979766220761439,0
20,4,358,4.384615384615385,1.2171734472927629,0
20,4,359,4.384615384615385,1.0306652565911691,0
20,4,360,4.384615384615385,1.1161392906561536,0
20,4,361,4.384615384615385,1.3353498265092298,0.3764788732394365
20,4,362,4.384615384615385,1.289195748316135,0
20,4,363,4.384615384615385,1.328719702065467,0
20,4,364,4.384615384615385,1.526959492296499,0
20,4,365,4.384615384615385,1.2462063152284266,0
20,4,366,4.384615384615385,1.3361841900613305,0.13687499999999997
20,4,367,4.384615384615385,1.5093306437447636,0
20,4,368,4.384615384615385,1.6387616904246605,0
20,4,369,4.393700787401575,1.7715469800401622,0
20,4,370,4.393700787401575,1.3125346987668838,0
20,4,371,4.393700787401575,1.3961938604181727,0
20,4,372,4.393700787401575,1.24670939569586,0
20,4,373,4.393700787401575,1.3670134569701193,0.6763503649635034
20,4,374,4.393700787401575,1.3051765386655734,0
20,4,375,4.393700787401575,1.1347559865806458,0.37655172413793114
20,4,376,4.409316588785046,1.258786325802912,0
20,4,377,4.409316588785046,1.0267382021851736,0
20,4,378,4.409316588785046,1.0395326011391368,0.71875
20,4,379,4.409316588785046,1.1233147566887514,0.6875
20,4,380,4.409316588785046,1.0040335761041381,0
20,4,381,4.409316588785046,1.1021701184655042,0
20,4,382,4.409316588785046,1.1575561842723572,0
20,4,383,4.409316588785046,1.1337382901632522,0
20,4,384,4.409316588785046,1.2594397360242526,0
20,4,385,4.409316588785046,1.086020190412053,0
20,4,386,4.409316588785046,1.2946409922074247,0
20,4,387,4.409316588785046,1.2651235391863864,0
20,4,388,4.409316588785046,1.0038539758931844,0
20,4,389,4.409316588785046,0.9616770796133314,0
20,4,390,4.409316588785046,1.020177521427368,0
20,4,391,4.409316588785046,1.2064346394361136,0
20,4,392,4.409316588785046,1.1889055331805913,0
20,4,393,4.409316588785046,1.0361907774207744,0
20,4,394,4.409316588785046,1.3881304885402768,0
20,4,395,4.409316588785046,1.292612003412411,0
20,4,396,4.409316588785046,0.9565085502531577,0
20,4,397,4.409316588785046,1.3522150004193696,0
20,4,398,4.418691588785046,1.445823672008148,0.026932515337423357
20,4,399,4.418691588785046,1.1102778415664973,0
20,4,400,4.418691588785046,1.1315891979278165,0
20,4,401,4.438095238095238,1.3477871691502492,0.49655172413793114
20,4,402,4.438095238095238,1.1684890897023628,0
20,4,403,4.438095238095238,1.1865316357804034,0
20,4,404,4.438095238095238,1.2612448709242294,0
20,4,405,4.438095238095238,1.0928130786758732,0
20,4,406,4.438095238095238,0.9926499687881514,0
20,4,407,4.438095238095238,0.9818529342214528,0
20,4,408,4.438095238095238,1.069706379283842,0
20,4,409,4.438095238095238,1.1423257279459411,0.4065517241379311
20,4,410,4.438095238095238,1.133145567527183,0
20,4,411,4.438095238095238,1.046130218748079,0
20,4,412,4.438095238095238,1.0244483677311402,0
20,4,413,4.438095238095238,1.0877666738335188,0
20,4,414,4.438095238095238,1.003712118282567,0
20,4,415,4.438095238095238,0.9924532639758705,0
20,4,416,4.451318378591106,1.1030931524025784,0
20,4,417,4.451318378591106,1.258117016766754,0
20,4,418,4.451318378591106,1.146989655682551,0
20,4,419,4.451318378591106,1.207893819161512,0.7250000000000001
20,4,420,4.451318378591106,1.0134817718010647,0
20,4,421,4.451318378591106,1.0314146031764444,0
20,4,422,4.451318378591106,0.9626069063219059,0
20,4,423,4.451318378591106,1.0634577787989588,0
20,4,424,4.451318378591106,1.0652932826761166,0
20,4,425,4.451318378591106,1.1680623005848458,0.4506122448979591
20,4,426,4.451318378591106,1.0728469795055096,0
20,4,427,4.451318378591106,1.0454968777352749,0
20,4,428,4.451318378591106,1.12766974702709,0
20,4,429,4.451318378591106,1.1273918123147375,0.265069878085043
20,4,430,4.451318378591106,1.1674070830811845,0
20,4,431,4.451318378591106,1.1115950865218276,0
20,4,432,4.451318378591106,1.0792563911801845,0
20,4,433,4.451318378591106,1.0824458509102244,0.556557157224271
20,4,434,4.451318378591106,1.1285306866630536,0.7261904761904763
20,4,435,4.451318378591106,1.216577278884389,0.21330502047626276
20,4,436,4.451318378591106,1.2342292486803617,0
20,4,437,4.451318378591106,1.1671942708459313,0.7261904761904763
20,4,438,4.451318378591106,1.158817833646348,0
20,4,439,4.451318378591106,1.1830152956890572,0.7375
20,4,440,4.451318378591106,1.1922688417440872,0
20,4,441,4.451318378591106,1.045941796426943,0
20,4,442,4.474919093851133,1.0507036808248325,0
20,4,443,4.474919093851133,0.9498145628974012,0
20,4,444,4.474919093851133,1.0587594301521894,0.71875
20,4,445,4.474919093851133,0.9533640701560092,0
20,4,446,4.474919093851133,1.0202802105438755,0
20,4,447,4.474919093851133,1.0438145208196508,0
20,4,448,4.474919093851133,1.0583754809528911,0.7115384615384617
20,4,449,4.49937598801897,1.1022903922371348,0
20,4,450,4.49937598801897,1.1560814182804389,0
20,4,451,4.49937598801897,1.1615725938481614,0.4186624203821657
20,4,452,4.49937598801897,1.0822578936632476,0
20,4,453,4.49937598801897,1.170951710827746,0
20,4,454,4.49937598801897,1.1971259525968116,0
20,4,455,4.5178044120201495,1.0840132871233294,0
20,4,456,4.5178044120201495,1.2936759197357022,0
20,4,457,4.528360528360529,1.245039634899285,0
20,4,458,4.528360528360529,1.1923085198715027,0.7380952380952381
20,4,459,4.528360528360529,1.2098778736963354,0
20,4,460,4.528360528360529,1.130221648536578,0
20,4,461,4.528360528360529,1.0869548147459647,0
20,4,462,4.528360528360529,0.9878303580365332,0
20,4,463,4.528360528360529,1.0835783661104421,0.13451941820362867
20,4,464,4.528360528360529,1.009680887956818,0
20,4,465,4.528360528360529,1.0295560967201238,0
20,4,466,4.528360528360529,1.096037650687287,0
20,4,467,4.547438672438672,1.2208567395242453,0
20,4,468,4.547438672438672,1.3246760141818419,0
20,4,469,4.547438672438672,1.2071502955454085,0.19149710737970937
20,4,470,4.547438672438672,1.1121580937354956,0.7272727272727273
20,4,471,4.547438672438672,1.1811749690066653,0
20,4,472,4.547438672438672,1.1345613467073359,0
20,4,473,4.547438672438672,1.4290267923720827,0.6148913568324482
20,4,474,4.547438672438672,1.3477717041220847,0
20,4,475,4.547438672438672,1.2912352630185828,0.04563553731124481
20,4,476,4.547438672438672,1.0805366840087298,0.7205882352941178
20,4,477,4.547438672438672,1.2289336891290115,0.7272727272727273
20,4,478,4.547438672438672,1.0820655406685231,0.21582236842105262
20,4,479,4.547438672438672,1.3156192296525122,0.6395585738539898
20,4,480,4.547438672438672,1.1867214472148022,0.6693724696356274
20,4,481,4.562307831434255,1.284695568589492,0.7380952380952381
20,4,482,4.562307831434255,1.230144625768603,0.7282608695652173
20,4,483,4.574161790656635,1.1045993459738046,0.7272727272727273
20,4,484,4.574161790656635,1.2625547293602943,0
20,4,485,4.574161790656635,1.4552567128110292,0.7222222222222223
20,4,486,4.574161790656635,1.1965923158464173,0.2675851393188855
20,4,487,4.574161790656635,1.384755646382028,0.7383720930232558
20,4,488,4.574161790656635,1.389369936954853,0.7383720930232558
20,4,489,4.574161790656635,1.0870654963845494,0.15782361308677095
20,4,490,4.574161790656635,1.0953103902323749,0.7393617021276597
20,4,491,4.574161790656635,1.1610528207392459,0.6985645933014353
20,4,492,4.574161790656635,1.0747899326224735,0.7250000000000001
20,4,493,4.574161790656635,0.9904077542256097,0.1649707602339181
20,4,494,4.574161790656635,1.1590485528040322,0.71875
20,4,495,4.574161790656635,1.076937934245119,0
20,4,496,4.574161790656635,1.027993174493949,0
20,4,497,4.574161790656635,0.964133302425039,0
20,4,498,4.574161790656635,1.2463060078216883,0.71875
20,4,499,4.574161790656635,1.3386475933643691,0.7448453608247423
20,4,500,4.574161790656635,1.2232862050435793,0
20,4,501,4.574161790656635,1.3359397806303257,0.7380952380952381
20,4,502,4.574161790656635,1.1364201075713276,0
20,4,503,4.574161790656635,1.2458454786621411,0
20,4,504,4.574161790656635,1.1941062043529718,0.7
20,4,505,4.574161790656635,1.296446253409138,0.6875
20,4,506,4.574161790656635,1.1151382921375446,0.7142857142857144
20,4,507,4.574161790656635,1.2528680014893958,0.7386363636363638
20,4,508,4.574161790656635,1.4750792584375623,0
20,4,509,4.574161790656635,1.438257210812599,0
20,4,510,4.574161790656635,1.0067301012253074,0
20,4,511,4.574161790656635,1.0254409811797651,0.6193724696356274
20,4,512,4.574161790656635,1.2796154904564165,0
20,4,513,4.574161790656635,1.0696875610448975,0
20,4,514,4.574161790656635,1.2352909426336824,0.6142138469201395
20,4,515,4.574161790656635,1.0335714112272882,0
20,4,516,4.574161790656635,1.003800458732678,0
20,4,517,4.574161790656635,1.2506231316704797,0.29484595635430033
20,4,518,4.574161790656635,1.1287113282697587,0
20,4,519,4.574161790656635,1.1173055092738382,0.6499999999999999
20,4,520,4.574161790656635,1.320297848058325,0
20,4,521,4.574161790656635,1.2051622558964439,0.7391304347826086
20,4,522,4.574161790656635,1.2208533536488104,0
20,4,523,4.574161790656635,1.156371437667169,0
20,4,524,4.574161790656635,1.256558478105172,0.7393617021276597
20,4,525,4.574161790656635,1.131789517959587,0.7823814856289659
20,4,526,4.574161790656635,1.2290540041225342,0
20,4,527,4.574161790656635,1.2659466195713691,0.7222222222222223
20,4,528,4.574161790656635,1.175048961641483,0.20631911007803427
20,4,529,4.597818871503081,1.1022947577295517,0
20,4,530,4.597818871503081,1.1133298774150646,0.7378048780487805
20,4,531,4.597818871503081,1.2679453408114834,0.7524366471734893
20,4,532,4.597818871503081,1.078214310694428,0.22696969696969704
20,4,533,4.597818871503081,0.9662688565678414,0
20,4,534,4.597818871503081,1.0844936173944966,0.008769958604376238
20,4,535,4.597818871503081,0.9955338824422023,0
20,4,536,4.597818871503081,1.1980629561575784,0.7459954233409611
20,4,537,4.597818871503081,1.2697597918578967,0
20,4,538,4.597818871503081,1.3114720987110977,0
20,4,539,4.597818871503081,1.2324152043784247,0.6042724458204334
20,4,540,4.597818871503081,1.0328606678189134,0
20,4,541,4.597818871503081,1.161912135625033,0
20,4,542,4.597818871503081,1.3311955978110668,0
20,4,543,4.597818871503081,1.1322555060142157,0.4786624203821657
20,4,544,4.597818871503081,1.2678163967131493,0.74
20,4,545,4.597818871503081,1.2648055320931868,0
20,4,546,4.597818871503081,1.4561022687069203,0
20,4,547,4.597818871503081,1.2898562058808445,0.5451848066768863
20,4,548,4.597818871503081,1.4948026608120588,0.7395833333333335
20,4,549,4.597818871503081,1.0353512162924308,0
20,4,550,4.597818871503081,1.1133059469841968,0.7395833333333335
20,4,551,4.597818871503081,1.1017856506328947,0
20,4,552,4.597818871503081,1.2528881101375178,0.6418148820326679
20,4,553,4.622493461203138,1.3236899255713173,0.7250000000000001
20,4,554,4.622493461203138,1.226845533833322,0.25488268864933417
20,4,555,4.622493461203138,1.1813437708290104,0.5147891467799935
20,4,556,4.622493461203138,1.2646915874944586,0.016624681361523397
20,4,557,4.622493461203138,1.4132969213788216,0.49955857385398983
20,4,558,4.622493461203138,1.1331148902301151,0.3547697368421052
20,4,559,4.622493461203138,1.1179715072404022,0.014086525213557577
20,4,560,4.622493461203138,1.1099492511618478,0
20,4,561,4.622493461203138,1.095303663817645,0
20,4,562,4.622493461203138,1.1062000151105509,0
20,4,563,4.622493461203138,1.064361691733328,0.2781707871985438
20,4,564,4.622493461203138,1.0747626871408265,0.6499999999999999
20,4,565,4.622493461203138,1.1103761071593266,0
20,4,566,4.622493461203138,1.0085330396453218,0.10503759398496237
20,4,567,4.622493461203138,1.1866710876565585,0.21446987032799392
20,4,568,4.622493461203138,1.1030202066507078,0
20,4,569,4.622493461203138,1.2475320057722874,0
20,4,570,4.622493461203138,1.210344369806461,0.4766887417218544
20,4,571,4.622493461203138,1.264402590967775,0
20,4,572,4.622493461203138,1.1979391602102483,0
20,4,573,4.622493461203138,1.157731788539488,0.5663235294117648
20,4,574,4.622493461203138,0.989336795263285,0
20,4,575,4.622493461203138,1.1151624467110737,0
20,4,576,4.622493461203138,1.2087653854630973,0.18289473684210522
20,4,577,4.622493461203138,1.1662982724017434,0
20,4,578,4.622493461203138,1.0522110847068682,0.7380952380952381
20,4,579,4.622493461203138,1.0516757274416793,0
20,4,580,4.622493461203138,1.1182585806838252,0.2464047442550037
20,4,581,4.648252648252648,1.1774382113968485,0
20,4,582,4.648252648252648,0.9987372121524564,0
20,4,583,4.648252648252648,1.0998025050527132,0
20,4,584,4.648252648252648,1.0635500491022407,0
20,4,585,4.648252648252648,0.9949238010790512,0
20,4,586,4.648252648252648,1.1430653529487418,0
20,4,587,4.648252648252648,1.0047673756795938,0
20,4,588,4.648252648252648,1.0892935039887335,0
20,4,589,4.648252648252648,1.3163249090497258,0
20,4,590,4.648252648252648,1.249142853712259,0
20,4,591,4.656517794132474,1.3713111197944168,0
20,4,592,4.656517794132474,1.417555482338695,0.40653787648311523
20,4,593,4.656517794132474,1.242598795446397,0
20,4,594,4.656517794132474,1.1184617862145092,0.7378048780487805
20,4,595,4.656517794132474,1.1860060318262935,0
20,4,596,4.656517794132474,1.387108962335284,0.002756615295144038
20,4,597,4.656517794132474,1.3114364484258436,0.6880578206078578
20,4,598,4.656517794132474,1.014089495273146,0.1445515196441809
20,4,599,4.656517794132474,1.1823661734773496,0.7380952380952381
20,4,600,4.656517794132474,1.1746440891418681,0
20,4,601,4.656517794132474,1.3322067484225117,0
20,4,602,4.656517794132474,1.26534830965364,0.7045454545454546
20,4,603,4.656517794132474,1.2728850660639965,0.5382005689900426
20,4,604,4.656517794132474,1.413944191916617,0
20,4,605,4.656517794132474,1.3387824542647981,0.7386363636363638
20,4,606,4.660765160765161,1.4681256304195824,0.7142857142857144
20,4,607,4.660765160765161,1.173006843240956,0.35684210526315796
20,4,608,4.660765160765161,1.1049267182692912,0.6746267629858962
20,4,609,4.660765160765161,1.2138266804718054,0
20,4,610,4.660765160765161,1.248415558231743,0.3374724235739047
20,4,611,4.660765160765161,1.1964331620827486,0
20,4,612,4.660765160765161,1.1810247256680237,0
20,4,613,4.6650919174283665,1.236830779363566,0
20,4,614,4.6650919174283665,1.3593972465136162,0
20,4,615,4.6650919174283665,1.1738533224938161,0.7166666666666668
20,4,616,4.6650919174283665,1.0332744212450644,0.7142857142857144
20,4,617,4.6650919174283665,1.0428167630356382,0.24345537757437086
20,4,618,4.669500311009745,1.140160144378398,0
20,4,619,4.669500311009745,1.1286234734206728,0.7045454545454546
20,4,620,4.669500311009745,1.1848351759857625,0
20,4,621,4.669500311009745,1.1153488223891719,0.7045454545454546
20,4,622,4.669500311009745,1.0258698107664765,0
20,4,623,4.669500311009745,1.0436089947169698,0
20,4,624,4.669500311009745,0.9822730414037207,0
20,4,625,4.669500311009745,1.0364564985634794,0
20,4,626,4.669500311009745,1.3960902776706579,0.7142857142857144
20,4,627,4.669500311009745,1.2320303965381378,0
20,4,628,4.669500311009745,1.3758760656533253,0.3540746525066375
20,4,629,4.669500311009745,1.0822568517507933,0.27541804962857597
20,4,630,4.669500311009745,1.2410008596597988,0.71875
20,4,631,4.669500311009745,1.0532677412272247,0
20,4,632,4.669500311009745,1.0306320400947981,0.23425315625512377
20,4,633,4.669500311009745,1.1138512112965364,0
20,4,634,4.669500311009745,1.336547069244184,0.6219518996165911
20,4,635,4.669500311009745,1.422249331030805,0
20,4,636,4.669500311009745,1.1757458350311472,0
20,4,637,4.669500311009745,1.0079070093360283,0.18376138292946442
20,4,638,4.669500311009745,1.1457805770520142,0
20,4,639,4.669500311009745,1.1961305785046883,0
20,4,640,4.669500311009745,1.114959820490137,0
20,4,641,4.669500311009745,1.3140864669867247,0
20,4,642,4.6964172143311425,1.2784589986754653,0.11497076023391806
20,4,643,4.6964172143311425,1.1078452102834573,0.3034553775743708
20,4,644,4.6964172143311425,1.1509150275205888,0
20,4,645,4.6964172143311425,1.1792502426229052,0
20,4,646,4.6964172143311425,1.0414307504495663,0
20,4,647,4.6964172143311425,1.2801590799271465,0
20,4,648,4.6964172143311425,1.0369718023862025,0
20,4,649,4.6964172143311425,1.037263963600471,0
20,4,650,4.6964172143311425,1.2114214832538925,0
20,4,651,4.6964172143311425,1.2088274627890492,0
20,4,652,4.6964172143311425,1.215727500739142,0.7142857142857144
20,4,653,4.6964172143311425,1.065189813493266,0.7205882352941178
20,4,654,4.6964172143311425,1.2326878993310186,0
20,4,655,4.6964172143311425,1.247538033464469,0
20,4,656,4.6964172143311425,1.0275525574786482,0
20,4,657,4.6964172143311425,1.1689802608034707,0
20,4,658,4.6964172143311425,1.1926983835380398,0.7142857142857144
20,4,659,4.6964172143311425,1.0546544410242498,0.7142857142857144
20,4,660,4.6964172143311425,1.3240612378012322,0
20,4,661,4.6964172143311425,1.2984876524438966,0
20,4,662,4.6964172143311425,1.14931387017053,0
20,4,663,4.6964172143311425,1.258771008289577,0
20,4,664,4.6964172143311425,1.2098136601332725,0.4058635759072772
20,4,665,4.6964172143311425,1.466797652036665,0
20,4,666,4.6964172143311425,1.4326516679169583,0
20,4,667,4.6964172143311425,1.0829752872174954,0
20,4,668,4.6964172143311425,1.0666959743439215,0.7205882352941178
20,4,669,4.6964172143311425,0.9886427582051734,0
20,4,670,4.6964172143311425,1.210115612941231,0.02552631578947362
20,4,671,4.6964172143311425,1.0784508655113556,0.02229916897506934
20,4,672,4.6964172143311425,1.005627716933404,0
20,4,673,4.6964172143311425,1.1810430089575896,0.287153534724385
20,4,674,4.6964172143311425,0.979406743304632,0
20,4,675,4.6964172143311425,1.0573404168839255,0
20,4,676,4.6964172143311425,1.0981995640934712,0.7142857142857144
20,4,677,4.6964172143311425,1.1946976711441462,0.6658373205741627
20,4,678,4.6964172143311425,1.1183787482391756,0.7444444444444445
20,4,679,4.6964172143311425,1.1608856968155152,0
20,4,680,4.6964172143311425,1.1183442251433036,0.5072368421052633
20,4,681,4.6964172143311425,1.1034004926309737,0.13773301970008822
20,4,682,4.6964172143311425,1.3173863003523627,0
20,4,683,4.6964172143311425,1.1700473105970421,0
20,4,684,4.6964172143311425,1.2658834751254253,0
20,4,685,4.6964172143311425,1.1430544771368123,0.7432432432432432
20,4,686,4.6964172143311425,1.1175985085297269,0
20,4,687,4.6964172143311425,1.3309203700739252,0.7205882352941178
20,4,688,4.724571676425938,1.3073907177067943,0
20,4,689,4.724571676425938,1.1971037172749746,0
20,4,690,4.724571676425938,1.2424702306329716,0
20,4,691,4.724571676425938,1.0619072765582773,0
20,4,692,4.724571676425938,1.17964058875425,0
20,4,693,4.724571676425938,1.060830782073261,0.7
20,4,694,4.724571676425938,1.0196757524198128,0
20,4,695,4.724571676425938,1.0227128358122968,0
20,4,696,4.724571676425938,1.0502043596293387,0.17771732702542864
20,4,697,4.724571676425938,1.2005615482462282,0.6516399694889399
20,4,698,4.724571676425938,1.0822387446650463,0
20,4,699,4.724571676425938,1.1278294098865276,0.26229916897506933
20,4,700,4.724571676425938,1.0466953534147905,0
20,4,701,4.724571676425938,1.0281881986160695,0
20,4,702,4.724571676425938,0.9389390572769264,0
20,4,703,4.724571676425938,1.0863551345576825,0.1979945276034123
20,4,704,4.724571676425938,1.230991658735099,0.3161292026051752
20,4,705,4.724571676425938,0.9644865212504814,0
20,4,706,4.724571676425938,1.0982445920945056,0.41505404926457573
20,4,707,4.724571676425938,1.0678656093445817,0.32603725809368783
20,4,708,4.724571676425938,1.1119632044393202,0.295418049628576
20,4,709,4.724571676425938,1.0783394074669526,0
20,4,710,4.724571676425938,1.0728574802393585,0.33603725809368784
20,4,711,4.724571676425938,1.468525579140515,0.3424891436512072
20,4,712,4.724571676425938,1.228394210050534,0.3260134765980695
20,4,713,4.724571676425938,1.2232017065221437,0.33594011530593265
20,4,714,4.724571676425938,1.0810304721909976,0.0963777089783282
20,4,715,4.724571676425938,1.0073536679193735,0.22610668084352303
20,4,716,4.724571676425938,1.2586697786099912,0.3761733541775231
20,4,717,4.724571676425938,1.1896051107581915,0.33625825012692506
20,4,718,4.724571676425938,1.164070291329073,0
20,4,719,4.724571676425938,0.9973346933412682,0
20,4,720,4.724571676425938,1.0990298805192626,0
20,4,721,4.724571676425938,1.1293978928048478,0
20,4,722,4.724571676425938,1.0931291589041308,0
20,4,723,4.724571676425938,1.2357478784253062,0
20,4,724,4.724571676425938,1.2834058283837637,0
20,4,725,4.724571676425938,1.3254681686639858,0.2261292026051751
20,4,726,4.724571676425938,1.1007614186832404,0
20,4,727,4.724571676425938,1.213520331130619,0.1461949956859362
20,4,728,4.724571676425938,1.115253664080277,0
20,4,729,4.724571676425938,1.1691627056736247,0.3460134765980695
20,4,730,4.724571676425938,1.2557950466464123,0.3557006151742994
20,4,731,4.724571676425938,1.106966896878787,0
20,4,732,4.724571676425938,1.0505053212222264,0
20,4,733,4.724571676425938,1.0536808114827256,0.04072022160664823
20,4,734,4.724571676425938,1.039551050190915,0.08604039167686661
20,4,735,4.724571676425938,1.1211775214754334,0.18524644945697577
20,4,736,4.724571676425938,1.2191613137589083,0.3458635759072772
20,4,737,4.724571676425938,1.0845278598694772,0.3260134765980695
20,4,738,4.724571676425938,1.1792363138499988,0.14610668084352307
20,4,739,4.724571676425938,0.9869115918739148,0
20,4,740,4.724571676425938,1.0896143964575713,0.21219567323216026
20,4,741,4.724571676425938,1.2058971840593795,0
20,4,742,4.724571676425938,1.324627039884426,0.045666231694939774
20,4,743,4.724571676425938,1.1793367073074021,0.3460134765980695
20,4,744,4.724571676425938,1.200324276101567,0.7115384615384617
20,4,745,4.724571676425938,1.1436921497169563,0.004674678823041845
20,4,746,4.724571676425938,1.0822268508406996,0.45488748372698534
20,4,747,4.724571676425938,1.0308371211220906,0
20,4,748,4.724571676425938,1.0630590769833859,0.18242247031720715
20,4,749,4.724571676425938,1.0791645821148266,0.34596491228070175
20,4,750,4.724571676425938,1.0576218805726905,0
20,4,751,4.724571676425938,1.007851566551683,0
20,4,752,4.724571676425938,1.2650723780470898,0
20,4,753,4.724571676425938,1.1193135486915182,0
20,4,754,4.724571676425938,1.1140882465382487,0
20,4,755,4.724571676425938,1.0856793081456129,0
20,4,756,4.724571676425938,1.0612580785555707,0
20,4,757,4.724571676425938,1.1139581733536705,0
20,4,758,4.724571676425938,1.1202696766407827,0
20,4,759,4.724571676425938,1.0839261844604573,0
20,4,760,4.724571676425938,1.0361957103058985,0
20,4,761,4.724571676425938,1.2333017598053244,0.40598936365303506
20,4,762,4.724571676425938,1.1834990873241962,0
20,4,763,4.724571676425938,1.0035001150491074,0
20,4,764,4.724571676425938,1.0509942495128848,0
20,4,765,4.724571676425938,1.066771736728028,0
20,4,766,4.724571676425938,1.055252245307646,0
20,4,767,4.724571676425938,0.9604888677934531,0
20,4,768,4.724571676425938,1.18753726997787,0
20,4,769,4.724571676425938,1.156160080822292,0
20,4,770,4.724571676425938,1.284392637540725,0.3458894548198454
20,4,771,4.724571676425938,1.1348108763402394,0
20,4,772,4.724571676425938,1.1033407458702462,0
20,4,773,4.724571676425938,1.1824135971823786,0
20,4,774,4.724571676425938,0.9709146986760352,0
20,4,775,4.724571676425938,1.0889092143482946,0
20,4,776,4.724571676425938,1.0140093524828004,0
20,4,777,4.724571676425938,1.4725031271437499,0
20,4,778,4.724571676425938,1.184006046948368,0.35493615696044833
20,4,779,4.724571676425938,1.161583239505117,0
20,4,780,4.724571676425938,1.1452230806576411,0
20,4,781,4.724571676425938,1.4417127602000974,0
20,4,782,4.724571676425938,1.2552540586294427,0
20,4,783,4.724571676425938,1.082440760601558,0
20,4,784,4.724571676425938,1.035262312473864,0
20,4,785,4.724571676425938,1.1359692273479098,0
20,4,786,4.724571676425938,1.094646711521901,0
20,4,787,4.724571676425938,1.1979281105462884,0
20,4,788,4.724571676425938,1.0115790517947323,0.10625825012692502
20,4,789,4.724571676425938,1.100448859612139,0
20,4,790,4.724571676425938,1.3742866040603863,0
20,4,791,4.724571676425938,0.9968578727594223,0
20,4,792,4.724571676425938,1.058117732760746,0
20,4,793,4.724571676425938,1.0160136668745365,0
20,4,794,4.724571676425938,1.0153751043162862,0
20,4,795,4.724571676425938,1.1731580477669286,0
20,4,796,4.724571676425938,1.1033375290940288,0.3262374382558337
20,4,797,4.724571676425938,1.2549820997003913,0
20,4,798,4.724571676425938,1.164881404619762,0
20,4,799,4.724571676425938,1.135736405753154,0
20,4,800,4.724571676425938,1.134749140914171,0.3460134765980695
20,4,801,4.724571676425938,1.0531799493753724,0
20,4,802,4.724571676425938,1.2784794180322772,0.18040282269920627
20,4,803,4.724571676425938,1.1127068231470187,0.3057127512659199
20,4,804,4.724571676425938,1.0299659314626173,0.05582236842105259
20,4,805,4.724571676425938,1.0636455776441265,0
20,4,806,4.724571676425938,1.1762413429978316,0
20,4,807,4.724571676425938,1.17091440030578,0.15586206896551735
20,4,808,4.724571676425938,0.9931450365815491,0
20,4,809,4.724571676425938,1.1715713704800121,0.09619499568593626
20,4,810,4.724571676425938,1.1602972955071598,0.2019518996165911
20,4,811,4.724571676425938,1.2351577337220094,0
20,4,812,4.724571676425938,1.350046207736065,0
20,4,813,4.724571676425938,1.0801324859266992,0
20,4,814,4.724571676425938,1.0800331014014004,0
20,4,815,4.724571676425938,1.2573172946658813,0
20,4,816,4.724571676425938,1.2935352501940236,0
20,4,817,4.724571676425938,1.6029709155247398,0.1559353202282815
20,4,818,4.724571676425938,1.664497501775233,0
20,4,819,4.724571676425938,1.094727787350483,0
20,4,820,4.724571676425938,1.2296593438615644,0
20,4,821,4.724571676425938,1.3319651907505834,0.3261949956859362
20,4,822,4.724571676425938,1.4204599372649975,0.20645253617427273
20,4,823,4.724571676425938,1.071153096779543,0.2757626550452563
20,4,824,4.724571676425938,1.2246394064521664,0.22528625639333433
20,4,825,4.724571676425938,1.4235016247053587,0
20,4,826,4.724571676425938,1.1689638185557891,0.06639676113360315
20,4,827,4.724571676425938,1.3867258299683218,0.4859893636530351
20,4,828,4.724571676425938,1.0479799006764738,0
20,4,829,4.724571676425938,1.2336398610987744,0
20,4,830,4.724571676425938,1.1335300886860462,0
20,4,831,4.724571676425938,1.2783290062466255,0.36606071492724984
20,4,832,4.724571676425938,1.1506665801108316,0.11621635522029827
20,4,833,4.724571676425938,0.9622836376684453,0
20,4,834,4.724571676425938,1.0420013726712483,0
20,4,835,4.724571676425938,1.0042414303555305,0
20,4,836,4.724571676425938,1.0675926133626574,0
20,4,837,4.724571676425938,0.9956485680694525,0
20,4,838,4.724571676425938,1.0915153655243317,0.32624060150375944
20,4,839,4.724571676425938,1.065296631023451,0
20,4,840,4.724571676425938,1.0577290369141636,0
20,4,841,4.724571676425938,1.0820454341109933,0
20,5,1,0.9553179824561404,0.8386095928489735,0.17756773590781694
20,5,2,1.026047261009667,0.8774660919082897,0.5179293123319247
20,5,3,1.026047261009667,0.8770876368901078,0.47830409356725134
20,5,4,1.026047261009667,0.8993694605133625,0.7513931888544891
20,5,5,1.026047261009667,0.8899986609713791,0.723157894736842
20,5,6,1.026047261009667,0.9062206008515002,0.7536340852130325
20,5,7,1.026047261009667,0.881638331426296,0
20,5,8,1.0676691729323309,0.9103391807453715,0.7409356725146199
20,5,9,1.0676691729323309,0.9184441890435479,0.7286751361161525
20,5,10,1.0676691729323309,0.9161564370036883,0.7009847198641768
20,5,11,1.0676691729323309,0.9116041842633901,0
20,5,12,1.0676691729323309,0.9145392162250296,0
20,5,13,1.0676691729323309,0.9269750955578329,0.7328548644338118
20,5,14,1.0676691729323309,0.9036103678707241,0.15862036748676434
20,5,15,1.0676691729323309,0.925572977634362,0.5230690362269308
20,5,16,1.0676691729323309,0.9335025529978822,0.8538011695906433
20,5,17,1.0676691729323309,0.9367289848029735,0.861578947368421
20,5,18,1.0676691729323309,0.9177569700948172,0.769172932330827
20,5,19,1.0676691729323309,0.9239545637499088,0.7328548644338118
20,5,20,1.0676691729323309,0.9284851223096081,0.7601867572156196
20,5,21,1.0676691729323309,0.918274232564838,0
20,5,22,1.0676691729323309,0.914952009626568,0.744976076555024
20,5,23,1.0676691729323309,0.9203408118548149,0.7516636418632789
20,5,24,1.0702824133504494,0.8963756288920838,0
20,5,25,1.0702824133504494,0.9045837209672309,0
20,5,26,1.0702824133504494,0.9137103105054903,0.7155388471177946
20,5,27,1.0789473684210527,0.9278925254771571,0.730899830220713
20,5,28,1.0789473684210527,0.9246043730461845,0.7328548644338118
20,5,29,1.0789473684210527,0.9137923995441132,0.6873617588274483
20,5,30,1.0789473684210527,0.915722597395946,0.19768540669856471
20,5,31,1.0789473684210527,0.9435539705274243,0.772439820481436
20,5,32,1.0789473684210527,0.9336530046768341,0.7328548644338118
20,5,33,1.0789473684210527,0.9366551490178374,0.7286751361161525
20,5,34,1.0855263157894737,0.9382849039960284,0.7526315789473683
20,5,35,1.0855263157894737,0.9249455995731216,0.7675438596491229
20,5,36,1.0855263157894737,0.9453834424486851,0.8191729323308272
20,5,37,1.0855263157894737,0.9234681370867306,0.7286751361161525
20,5,38,1.0855263157894737,0.938930627035645,0.8643375680580763
20,5,39,1.0855263157894737,0.9365516762260513,0.7105263157894737
20,5,40,1.0855263157894737,0.9365159762118715,0.7261208576998051
20,5,41,1.0855263157894737,0.92360563103006,0.723157894736842
20,5,42,1.0855263157894737,0.9460651564340271,0.730899830220713
20,5,43,1.0855263157894737,0.9459166553672652,0.723157894736842
20,5,44,1.0855263157894737,0.9434669312496524,0.7462087421944692
20,5,45,1.0855263157894737,0.9072701803703839,0
20,5,46,1.0928792569659442,0.942358722163635,0.7196796338672771
20,5,47,1.0928792569659442,0.9320042622251744,0.7427497314715361
20,5,48,1.0928792569659442,0.9270108445198687,0.7105263157894737
20,5,49,1.0928792569659442,0.92857571449042,0.6964912280701756
20,5,50,1.0928792569659442,0.9284339821891722,0.723157894736842
20,5,51,1.0928792569659442,0.9214383669741454,0.5697908913698388
20,5,52,1.0928792569659442,0.9351147697644255,0.6964912280701756
20,5,53,1.0928792569659442,0.9108685051549508,0.7105263157894737
20,5,54,1.0928792569659442,0.9022663318236684,0
20,5,55,3.057505821290816,0.9690945382612607,0.7105263157894737
20,5,56,3.057505821290816,0.9685010002913108,0.723157894736842
20,5,57,3.057505821290816,0.9261652380579107,0
20,5,58,3.057505821290816,0.9629927776441625,0.5210855263157896
20,5,59,3.057505821290816,0.9882701641046733,0.7345864661654136
20,5,60,3.057505821290816,0.9613211536308225,0.723157894736842
20,5,61,3.057505821290816,0.973337137569027,0.730899830220713
20,5,62,3.057505821290816,0.9150080342041048,0
20,5,63,3.057505821290816,0.9523240216659111,0
20,5,64,3.057505821290816,0.9499851025647581,0.723157894736842
20,5,65,3.057505821290816,0.9064611235359574,0
20,5,66,3.057505821290816,0.8970636716867009,0
20,5,67,3.057505821290816,0.9270431883893707,0
20,5,68,3.057505821290816,0.9212305708999635,0.31856689917564984
20,5,69,3.7540892400133523,0.9823663787928207,0
20,5,70,3.7540892400133523,1.010418574383661,0.7196796338672771
20,5,71,3.7540892400133523,1.0083837876389234,0
20,5,72,3.7540892400133523,1.0168274798638337,0.7534491568727644
20,5,73,3.7540892400133523,0.9655185992779464,0
20,5,74,3.7540892400133523,1.0410097146713213,0
20,5,75,3.7540892400133523,1.0322428602392484,0.7286751361161525
20,5,76,3.7540892400133523,1.010057789297759,0.7286751361161525
20,5,77,3.7540892400133523,1.018805594657759,0.7286751361161525
20,5,78,3.7540892400133523,0.9916966804552293,0
20,5,79,3.7540892400133523,1.0867040968790014,0.7328548644338118
20,5,80,3.7540892400133523,1.0204661964870858,0.6272795625427203
20,5,81,3.7540892400133523,1.0086828583813823,0.318548644338118
20,5,82,3.7540892400133523,1.007253620334876,0
20,5,83,3.7540892400133523,1.0151768640019159,0.7261208576998051
20,5,84,3.7540892400133523,1.008626816918204,0.7469040247678018
20,5,85,3.7540892400133523,1.0255685438553623,0.7482325216025139
20,5,86,3.763536872953728,1.067349861686381,0.730899830220713
20,5,87,3.763536872953728,1.0376060160584433,0.7345864661654136
20,5,88,3.763536872953728,0.9914913916279251,0
20,5,89,3.763536872953728,0.9889672571424694,0.08779407535231532
20,5,90,3.763536872953728,1.015508794488542,0.7477732793522267
20,5,91,3.763536872953728,1.0136507594601574,0.7261208576998051
20,5,92,3.763536872953728,0.9737413144619166,0
20,5,93,3.763536872953728,1.0523006153013181,0
20,5,94,3.763536872953728,1.0634561596406409,0.33990056574661404
20,5,95,3.763536872953728,1.1270642132696238,0.7328548644338118
20,5,96,3.763536872953728,1.1323627037121549,0.7345864661654136
20,5,97,3.763536872953728,1.1027916040141599,0.35867197062423495
20,5,98,3.763536872953728,1.0323622345388472,0.7472848788638262
20,5,99,3.763536872953728,1.0873651886942712,0.7576934138625253
20,5,100,3.763536872953728,1.036529803576086,0.7472848788638262
20,5,101,3.7686741417177205,1.1200288490689274,0
20,5,102,3.7686741417177205,1.0143240914744498,0.6529144289294665
20,5,103,3.7686741417177205,1.0671206309846017,0.7361308677098153
20,5,104,3.785007003815872,1.068668011641671,0.744976076555024
20,5,105,3.785007003815872,1.0119862716612806,0.7328548644338118
20,5,106,3.785007003815872,1.0164079239148092,0.7328548644338118
20,5,107,3.785007003815872,1.0137746250109425,0.7286751361161525
20,5,108,3.8905444837648226,1.138143393790037,0.7328548644338118
20,5,109,3.8905444837648226,1.050903118282629,0.26992164878214964
20,5,110,3.8905444837648226,1.0596078624437018,0.7375168690958165
20,5,111,3.8905444837648226,0.9810267767406197,0.23863777089783278
20,5,112,3.8905444837648226,0.9935159053963215,0.238654970760234
20,5,113,3.8905444837648226,1.0043301986235564,0.20332177749763625
20,5,114,3.8905444837648226,1.1430526757241848,0.2896976871243855
20,5,115,3.8905444837648226,0.9936404850325816,0.031478285878630996
20,5,116,3.91215217531007,1.051541634287681,0.22789473684210526
20,5,117,3.91215217531007,1.0782244028141366,0.7490733876945885
20,5,118,3.91215217531007,0.9730513357293624,0
20,5,119,3.91215217531007,1.0288145479547968,0.7494592645998557
20,5,120,3.91215217531007,1.068100679188742,0.12138566755872726
20,5,121,3.91215217531007,1.083377122149038,0.7442899702085404
20,5,122,3.9212135081238353,1.1006073368503535,0.7591738309918221
20,5,123,3.9212135081238353,1.031587392517502,0.29996300655792835
20,5,124,3.9212135081238353,1.0711010205322344,0
20,5,125,3.9212135081238353,1.0948458129803662,0.48972146862000354
20,5,126,3.9212135081238353,0.9933871747935228,0
20,5,127,3.9212135081238353,1.0515294410320823,0.7462087421944692
20,5,128,3.9212135081238353,1.1106870450495503,0.4973416024136776
20,5,129,3.9212135081238353,1.0515508268001548,0.8361244019138756
20,5,130,3.9212135081238353,1.0462876277899427,0.7592363261093911
20,5,131,3.9212135081238353,1.0510672932356335,0.7575081772227179
20,5,132,3.9212135081238353,1.122270226019428,0.8482456140350878
20,5,133,3.927419885503718,1.1212832031600675,0.871578947368421
20,5,134,3.927419885503718,1.1173974725083942,0.7628022759601707
20,5,135,3.927419885503718,1.0414852470639893,0
20,5,136,3.9368491545287125,1.0600577125475814,0
20,5,137,3.9368491545287125,1.134844567526886,0.8680654338549076
20,5,138,3.9368491545287125,1.124567210286975,0.8630604288499026
20,5,139,3.9368491545287125,1.1705797365359967,0.8431174089068827
20,5,140,3.9368491545287125,1.1674440230528311,0.5229374110953058
20,5,141,3.9368491545287125,1.111822280633339,0.7726926010678872
20,5,142,3.9368491545287125,1.1047195309891629,0.7572407349735286
20,5,143,3.9368491545287125,1.1838231295685184,0.831578947368421
20,5,144,3.9368491545287125,1.1113427957914035,0.4543472730163778
20,5,145,3.9368491545287125,1.0615030004532324,0.8101503759398496
20,5,146,3.9368491545287125,1.0930592665208152,0
20,5,147,3.9368491545287125,1.1193141025022644,0.7442899702085404
20,5,148,3.9368491545287125,1.0325115895694552,0.12865497076023402
20,5,149,3.9368491545287125,1.1015921978435994,0.7601867572156196
20,5,150,3.9368491545287125,1.1598240222275182,0.744976076555024
20,5,151,3.9368491545287125,1.0515083216715906,0.7507622504537206
20,5,152,3.9368491545287125,1.0592201353599369,0.850328947368421
20,5,153,3.9434369311669926,1.1189974007776105,0.8588516746411483
20,5,154,3.9434369311669926,1.1036698926953532,0.7620300751879698
20,5,155,3.9434369311669926,1.100306818285471,0.5309847198641767
20,5,156,3.9434369311669926,1.0471387212746766,0.7596491228070175
20,5,157,3.9434369311669926,1.101237491719256,0.6534938409854423
20,5,158,4.0288739968561265,1.229492071105173,0.7495215311004786
20,5,159,4.0288739968561265,1.1270068733033436,0.7570229254116887
20,5,160,4.0288739968561265,1.0644628017053384,0.758973794318432
20,5,161,4.0288739968561265,1.0439963201376827,0.08347488038277517
20,5,162,4.0288739968561265,1.0613797952029647,0.758828890407838
20,5,163,4.0288739968561265,1.052365006806848,0
20,5,164,4.0288739968561265,1.0665368634120351,0.7558586246638495
20,5,165,4.0288739968561265,1.0475712613420063,0.7490733876945885
20,5,166,4.0288739968561265,1.1285053386026076,0.759008517143481
20,5,167,4.0288739968561265,1.016877103610767,0
20,5,168,4.0288739968561265,1.105018282550556,0
20,5,169,4.044043624161073,1.101556585295397,0
20,5,170,4.044043624161073,1.1753128858645348,0.7725279106858054
20,5,171,4.044043624161073,1.0863628668784107,0
20,5,172,4.044043624161073,0.99722711400624,0
20,5,173,4.044043624161073,1.184265055596196,0.757976547586583
20,5,174,4.044043624161073,1.0879403652495645,0
20,5,175,4.0579522948419875,1.1748509772253306,0.7591738309918221
20,5,176,4.0579522948419875,1.0425989818978472,0.758633007859014
20,5,177,4.0579522948419875,0.9967331482320322,0
20,5,178,4.0579522948419875,1.1326454551099718,0
20,5,179,4.0579522948419875,1.152138691801742,0.7375168690958165
20,5,180,4.066189546736066,1.2190189713113044,0.7361308677098153
20,5,181,4.066189546736066,1.288953130388599,0.7592053255668816
20,5,182,4.066189546736066,1.2244474501607485,0
20,5,183,4.066189546736066,1.1731124288398593,0.7588660492432799
20,5,184,4.068179834133566,1.0947060703644147,0.20068083051665864
20,5,185,4.087515054195102,1.0722732626861564,0
20,5,186,4.087515054195102,1.2089020740755374,0
20,5,187,4.142977877206065,1.2676091089194967,0
20,5,188,4.142977877206065,1.1319428719171385,0
20,5,189,4.142977877206065,1.2303733397448158,0.7435500515995872
20,5,190,4.142977877206065,1.2219254558350676,0
20,5,191,4.200733469960091,1.3255603898644264,0
20,5,192,4.200733469960091,1.0674265300122983,0
20,5,193,4.200733469960091,1.2317250080193842,0.32104596935376406
20,5,194,4.2144657534246575,1.4204421840025008,0.46987920621225193
20,5,195,4.2144657534246575,1.330903083813365,0
20,5,196,4.2144657534246575,1.4232709206379972,0
20,5,197,4.23431884057971,1.394640433051047,0
20,5,198,4.280929890204257,1.2939334048541806,0
20,5,199,4.280929890204257,1.0863361468518162,0
20,5,200,4.280929890204257,1.0191916793165556,0
20,5,201,4.280929890204257,1.3381637246120157,0
20,5,202,4.280929890204257,1.0904346243289844,0
20,5,203,4.304758259982141,1.2215928664063396,0
20,5,204,4.304758259982141,1.1961972352047276,0.7581827703587327
20,5,205,4.320960415314731,1.5094139624194325,0.7462087421944692
20,5,206,4.320960415314731,1.3518203019332298,0
20,5,207,4.320960415314731,1.1670307886208144,0
20,5,208,4.320960415314731,1.5291217123588607,0.8482456140350878
20,5,209,4.320960415314731,1.1481549487681484,0.003339598997493809
20,5,210,4.320960415314731,1.4244742750917416,0
20,5,211,4.320960415314731,1.2545690891956245,0
20,5,212,4.320960415314731,1.195901000072646,0.757377547916033
20,5,213,4.320960415314731,1.1663065089514653,0
20,5,214,4.320960415314731,1.385433307565662,0
20,5,215,4.320960415314731,1.2584178336872107,0
20,5,216,4.320960415314731,1.2487873105320033,0
20,5,217,4.320960415314731,1.5560478144677563,0
20,5,218,4.340541619535564,1.3555890773576365,0
20,5,219,4.340541619535564,1.363465780019597,0
20,5,220,4.360769860769861,1.2600562148646501,0
20,5,221,4.384615384615385,1.2893415656533194,0.04810277907157279
20,5,222,4.412392376186621,1.2250062504798025,0
20,5,223,4.412392376186621,1.2661838042765827,0
20,5,224,4.412392376186621,1.1210433593244,0
20,5,225,4.412392376186621,1.2231209525043008,0
20,5,226,4.412392376186621,1.339659002803412,0
20,5,227,4.428720238095238,1.336122443714979,0
20,5,228,4.428720238095238,1.3901122447688652,0.7586735898041068
20,5,229,4.428720238095238,1.3921131743660493,0
20,5,230,4.448877427184466,1.039895177267628,0
20,5,231,4.448877427184466,1.24689605316187,0
20,5,232,4.448877427184466,1.2266142448098045,0
20,5,233,4.448877427184466,1.2449598117595477,0
20,5,234,4.448877427184466,1.152068089322498,0.8565789473684211
20,5,235,4.448877427184466,1.404824090896179,0.7587526083932299
20,5,236,4.448877427184466,1.2703539391570655,0.8565789473684211
20,5,237,4.451953214586041,1.2732254231933997,0.7606907894736841
20,5,238,4.451953214586041,1.2346072250801376,0
20,5,239,4.451953214586041,1.1835450468051425,0.048584935392373185
20,5,240,4.451953214586041,1.09653157231514,0
20,5,241,4.451953214586041,1.092536607102484,0
20,5,242,4.451953214586041,1.1373324243361358,0.7375168690958165
20,5,243,4.461478233636079,1.2619565789756075,0.7577972709551657
20,5,244,4.461478233636079,1.4783672070247484,0.7572407349735286
20,5,245,4.461478233636079,1.3914481313071867,0.01853016688061626
20,5,246,4.461478233636079,1.3442894353747128,0.7583269768624459
20,5,247,4.461478233636079,1.2387987420964928,0.7442899702085404
20,5,248,4.461478233636079,1.1130109399797548,0
20,5,249,4.461478233636079,1.381431243022432,0.5082005689900427
20,5,250,4.461478233636079,1.452014169474304,0
20,5,251,4.461478233636079,1.22891060614736,0
20,5,252,4.461478233636079,1.4454399882757816,0.7375168690958165
20,5,253,4.461478233636079,1.3290437698487587,0
20,5,254,4.461478233636079,1.2277112554462226,0
20,5,255,4.461478233636079,1.2487887371361932,0.6282232426704344
20,5,256,4.461478233636079,1.2904621804923446,0
20,5,257,4.472908708193654,1.3916147585989795,0.21116174582798464
20,5,258,4.472908708193654,1.28332172730525,0.7576934138625253
20,5,259,4.504235907461714,1.2835448486098415,0.7541488857278331
20,5,260,4.504235907461714,1.3132506886624054,0
20,5,261,4.510846166583872,1.257393510537854,0.6970540935672516
20,5,262,4.510846166583872,1.3517421207171574,0
20,5,263,4.510846166583872,1.3470687443757239,0.7576330328583891
20,5,264,4.510846166583872,1.3874291577458877,0
20,5,265,4.510846166583872,1.3434421738803792,0.7581327691087014
20,5,266,4.581879076326459,1.4457406584856987,0
20,5,267,4.581879076326459,1.342696596691467,0.7578668894458369
20,5,268,4.581879076326459,1.2364530508926588,0
20,5,269,4.581879076326459,1.403584925822034,0
20,5,270,4.614468864468865,1.8357945988980569,0.7585495998059666
20,5,271,4.614468864468865,1.785200866295431,0.756315789473684
20,5,272,4.614468864468865,1.6466900279111574,0.7578668894458369
20,5,273,4.614468864468865,1.4239493661347191,0.7568685865607416
20,5,274,4.614468864468865,1.2184734095368162,0.7067949725058917
20,5,275,4.614468864468865,1.2236697045946707,0.7581827703587327
20,5,276,4.614468864468865,1.2955517943420012,0.7521688837478311
20,5,277,4.614468864468865,1.205725072130677,0.7576330328583891
20,5,278,4.614468864468865,1.1913574866329264,0.6382232426704344
20,5,279,4.614468864468865,1.2139764880512711,0.7418812989921613
20,5,280,4.614468864468865,1.3486962651785235,0.7583269768624459
20,5,281,4.614468864468865,1.381746067027855,0.8260233918128654
20,5,282,4.614468864468865,1.4260483536126358,0.6081542898341745
20,5,283,4.614468864468865,1.3316236113364983,0
20,5,284,4.614468864468865,1.3276331516339455,0
20,5,285,4.614468864468865,1.1022479746523273,0
20,5,286,4.614468864468865,1.1426353003495116,0.6279818250662628
20,5,287,4.614468864468865,1.3416786732976507,0.278394233992625
20,5,288,4.614468864468865,1.2613939292300254,0
20,5,289,4.614468864468865,1.0572720984595956,0
20,5,290,4.614468864468865,1.0767192661723461,0.7719679633867278
20,5,291,4.614468864468865,1.1269013365384521,0
20,5,292,4.614468864468865,1.093168916730275,0.8643375680580763
20,5,293,4.614468864468865,1.2818731549812086,0.5579024767801857
20,5,294,4.614468864468865,1.1484748022858564,0.5878752436647174
20,5,295,4.614468864468865,1.232380352028514,0.7576934138625253
20,5,296,4.614468864468865,1.241965656856895,0.8690789473684211
20,5,297,4.614468864468865,1.3024245656182833,0.7570850202429149
20,5,298,4.614468864468865,1.1435658579725334,0.5926926010678872
20,5,299,4.614468864468865,1.2052767310364498,0
20,5,300,4.614468864468865,1.3502431866294315,0.7570850202429149
20,5,301,4.614468864468865,1.0681283805234116,0.7427497314715361
20,5,302,4.614468864468865,1.3634769650614762,0.7582317863624579
20,5,303,4.614468864468865,1.1947333759278895,0.37839423399262495
20,5,304,4.614468864468865,1.1756034826900454,0.27779904306220105
20,5,305,4.614468864468865,1.1836763312320697,0.6574939127177373
20,5,306,4.614468864468865,1.2817115966794013,0.7574436090225565
20,5,307,4.614468864468865,1.254694861832537,0
20,5,308,4.614468864468865,1.419237491703916,0.5779818250662627
20,5,309,4.648447914682917,1.4884933431464629,0.48805782060785774
20,5,310,4.648447914682917,1.5156734197356285,0.7584185582439511
20,5,311,4.648447914682917,1.2645206671612153,0
20,5,312,4.648447914682917,1.1849112770718222,0
20,5,313,4.648447914682917,1.2744083425964219,0.6972212139544263
20,5,314,4.648447914682917,1.1474579255907802,0
20,5,315,4.648447914682917,1.1404241781156679,0.8399122807017545
20,5,316,4.648447914682917,1.1716686526140543,0
20,5,317,4.648447914682917,1.1902615129865548,0.7456140350877192
20,5,318,4.648447914682917,1.0663347326713855,0.6477327935222672
20,5,319,4.648447914682917,1.064886642170686,0.4080578206078578
20,5,320,4.648447914682917,1.1180580800820399,0.2798575647038388
20,5,321,4.648447914682917,1.0311764893648947,0
20,5,322,4.648447914682917,1.1886919847465691,0.5606644270250093
20,5,323,4.648447914682917,1.2190931167592653,0.6778476040848391
20,5,324,4.648447914682917,1.1227804167048097,0
20,5,325,4.648447914682917,1.132748465075527,0.41808244387191745
20,5,326,4.648447914682917,1.1986922781504747,0.06332177749763623
20,5,327,4.648447914682917,1.1511282044569011,0.758463059056091
20,5,328,4.648447914682917,1.0661540721127982,0.42805782060785774
20,5,329,4.648447914682917,1.1851249181508412,0
20,5,330,4.656099369670003,1.2298630737696399,0.7548934319269249
20,5,331,4.656099369670003,1.1500488055664648,0.7482894736842106
20,5,332,4.656099369670003,1.2695398496485373,0
20,5,333,4.688857006217121,1.207233501204502,0
20,5,334,4.688857006217121,1.2001999707742066,0.03326700898587931
20,5,335,4.688857006217121,1.3300995394275077,0
20,5,336,4.688857006217121,1.362331058107538,0.6576419394944053
20,5,337,4.688857006217121,1.373094074984276,0.8637218045112782
20,5,338,4.688857006217121,1.2188571209152959,0.737100062408987
20,5,339,4.688857006217121,1.3608333535466752,0.7575139067180147
20,5,340,4.688857006217121,1.2431584850643693,0
20,5,341,4.688857006217121,1.0279559485692038,0
20,5,342,4.688857006217121,1.1925328887747704,0.596766917293233
20,5,343,4.688857006217121,1.2853894862417574,0.6876419394944053
20,5,344,4.688857006217121,1.4891654669004422,0.12306903622693077
20,5,345,4.688857006217121,1.4938987606281824,0
20,5,346,4.688857006217121,1.7216681576208208,0.37800751879699246
20,5,347,4.688857006217121,1.6418053646701571,0.3382005689900427
20,5,348,4.688857006217121,1.287599787830095,0.7582317863624579
20,5,349,4.688857006217121,1.2524257065396625,0
20,5,350,4.688857006217121,1.3544564749486283,0.44095296380486104
20,5,351,4.688857006217121,1.260327730488387,0.5052450090744101
20,5,352,4.688857006217121,1.1962515571076267,0.647702978376173
20,5,353,4.688857006217121,1.3408591757024908,0.5681775868242034
20,5,354,4.7132530120481935,1.4984794416284262,0.5697680642283678
20,5,355,4.7132530120481935,1.3678004048915835,0.6778195488721805
20,5,356,4.7132530120481935,1.1548950923768972,0.831578947368421
20,5,357,4.7132530120481935,1.1421796878792783,0.6673073132268874
20,5,358,4.7132530120481935,1.0858645333990524,0.8431174089068827
20,5,359,4.7132530120481935,1.1550845809594876,0.7122174288179464
20,5,360,4.716478818499806,1.4490702902081478,0.7577524893314367
20,5,361,4.716478818499806,1.493266278639293,0.7574122807017544
20,5,362,4.716478818499806,1.2214766482096893,0.6381067251461989
20,5,363,4.716478818499806,1.2649789505108784,0
20,5,364,4.716478818499806,1.497825785668305,0.7171249552452561
20,5,365,4.716478818499806,1.6369045447095703,0
20,5,366,4.716478818499806,1.4175317669591778,0
20,5,367,4.716478818499806,1.2850115394635975,0.6769802164986936
20,5,368,4.716478818499806,1.5760262808791132,0.560921052631579
20,5,369,4.716478818499806,1.1810570568468755,0
20,5,370,4.716478818499806,1.209854624266078,0.7570229254116887
20,5,371,4.716478818499806,1.229108183621771,0.761609907120743
20,5,372,4.716478818499806,1.3531805286147727,0
20,5,373,4.716478818499806,1.4907842746126243,0.5676628010704728
20,5,374,4.719757077088843,1.363419664432867,0.6069548872180451
20,5,375,4.719757077088843,1.5040664721329262,0
20,5,376,4.719757077088843,1.4561061704948983,0.7325844461901021
20,5,377,4.719757077088843,1.3792316900164614,0.6877910685805424
20,5,378,4.719757077088843,1.1931371073163664,0.20472404415293566
20,5,379,4.719757077088843,1.2112476667603234,0.7568685865607416
20,5,380,4.719757077088843,1.1542763507420342,0.7574436090225565
20,5,381,4.719757077088843,1.129899845389549,0
20,5,382,4.752183077386329,1.2048429559859313,0.17128654970760238
20,5,383,4.752183077386329,1.127386026627291,0.30133696309739866
20,5,384,4.752183077386329,1.3619460428651957,0.5183738191632928
20,5,385,4.752183077386329,1.463433339685704,0.7579222926426015
20,5,386,4.752183077386329,1.1488988205744501,0.5407622504537205
20,5,387,4.752183077386329,1.0947149777000176,0.7583732057416268
20,5,388,4.752183077386329,1.2284042499392998,0.5879293123319247
20,5,389,4.7555150779194495,1.3379488399412347,0.850328947368421
20,5,390,4.7555150779194495,1.3827297552289166,0.6576396622956708
20,5,391,4.7555150779194495,1.104892224673348,0.7715538847117793
20,5,392,4.7555150779194495,1.2410891983316075,0.8482456140350878
20,5,393,4.7555150779194495,1.3092504387154815,0.7573099415204678
20,5,394,4.7555150779194495,1.2317194283221353,0.4730045311955385
20,5,395,4.7555150779194495,1.228566853428249,0.7576330328583891
20,5,396,4.7555150779194495,1.3157810887300838,0.7399020807833536
20,5,397,4.7555150779194495,1.147192393892968,0.7043343653250775
20,5,398,4.7555150779194495,1.1680366281712138,0.7575081772227179
20,5,399,4.7555150779194495,1.467289523935259,0.7573099415204678
20,5,400,4.7555150779194495,1.2174841976435637,0.018548644338118092
20,5,401,4.7555150779194495,1.2263581284176948,0.6824095394736841
20,5,402,4.7555150779194495,1.3458407549057751,0
20,5,403,4.7589021528415465,1.412559755523549,0.06878565127903546
20,5,404,4.7589021528415465,1.4626575841357197,0.8521671826625388
20,5,405,4.7589021528415465,1.4974699002122132,0.4778577434000337
20,5,406,4.7589021528415465,1.2925153471008752,0
20,5,407,4.7589021528415465,1.2209916406392702,0.7418812989921613
20,5,408,4.7589021528415465,1.0524630754737465,0
20,5,409,4.7589021528415465,1.2370458611711381,0.640714022819286
20,5,410,4.7589021528415465,1.505223105536503,0.7581827703587327
20,5,411,4.792969975938906,1.590990093534858,0.7718112849691798
20,5,412,4.792969975938906,1.445448456964231,0.7580296896086369
20,5,413,4.792969975938906,1.448375209056822,0.763157894736842
20,5,414,4.792969975938906,1.4573403133812843,0.7582317863624579
20,5,415,4.792969975938906,1.4500486580303764,0.5182005689900427
20,5,416,4.792969975938906,1.4004230278033913,0
20,5,417,4.792969975938906,1.2100669718759631,0.46063909774436085
20,5,418,4.792969975938906,1.2882443241912154,0.5772583419332645
20,5,419,4.792969975938906,1.142461121250106,0.7552838789888106
20,5,420,4.792969975938906,1.2429925998944353,0.855263157894737
20,5,421,4.792969975938906,1.4544207642299745,0.49071402281928606
20,5,422,4.792969975938906,1.4528927055402716,0.7578668894458369
20,5,423,4.792969975938906,1.1986113786623733,0.34736175882744835
20,5,424,4.792969975938906,1.0764789516269475,0.5806134040136312
20,5,425,4.792969975938906,1.3097433483241228,0.8521671826625388
20,5,426,4.792969975938906,1.3091186320574355,0.7715538847117793
20,5,427,4.792969975938906,1.4537525090707593,0.7711611502984264
20,5,428,4.792969975938906,1.5306268364927087,0.855263157894737
20,5,429,4.792969975938906,1.5135613476852492,0
20,5,430,4.792969975938906,1.2957168364500786,0.5180075187969925
20,5,431,4.792969975938906,1.0829801101210113,0.45826768909027543
20,5,432,4.792969975938906,1.165611882186224,0.8623481781376519
20,5,433,4.792969975938906,1.2139675280746314,0
20,5,434,4.792969975938906,1.1545516573397452,0.754462242562929
20,5,435,4.792969975938906,1.2376146241806192,0.7550278134360291
20,5,436,4.792969975938906,1.092066628686057,0.8607456140350878
20,5,437,4.792969975938906,1.2087926305181877,0
20,5,438,4.884367816091954,1.2396936104390885,0.8588516746411483
20,5,439,4.884367816091954,1.296008545731572,0.7482325216025139
20,5,440,4.884367816091954,1.2928508468200406,0
20,5,441,4.884367816091954,1.2797874647687635,0.38719298245614053
20,5,442,4.884367816091954,1.308390530193426,0.7575081772227179
20,5,443,4.884367816091954,1.38748006533527,0.8623481781376519
20,5,444,4.884367816091954,1.2935811250729299,0.2586377708978328
20,5,445,4.884367816091954,1.149381451769554,0.7204226475279107
20,5,446,4.884367816091954,1.2111267408206685,0
20,5,447,4.884367816091954,1.159580110609944,0.6502422723475354
20,5,448,4.884367816091954,1.2392324009340598,0.8588516746411483
20,5,449,4.884367816091954,1.2358806302250869,0.8598398169336385
20,5,450,4.884367816091954,1.1940655413209071,0
20,5,451,4.884367816091954,1.2270431337957026,0
20,5,452,4.884367816091954,1.235372587340656,0.8538011695906433
20,5,453,4.884367816091954,1.2409451311704263,0.7723157894736841
20,5,454,4.884367816091954,1.0885969751002025,0.8577694235588973
20,5,455,4.884367816091954,1.2153239207802435,0.7577524893314367
20,5,456,4.884367816091954,1.2137115343564597,0.7550278134360291
20,5,457,4.884367816091954,1.154944658908978,0.7583732057416268
20,5,458,4.884367816091954,1.1505639348092527,0.3279566563467492
20,5,459,4.884367816091954,1.1697553264982627,0.8607456140350878
20,5,460,4.8881159420289855,1.2237086074622416,0
20,5,461,4.8881159420289855,1.3221013507831147,0.5406134040136311
20,5,462,4.8881159420289855,1.2414384523145032,0.6379024767801857
20,5,463,4.8881159420289855,1.3254968978264239,0.7580817526048624
20,5,464,4.8881159420289855,1.2402525580991763,0.7579222926426015
20,5,465,4.8881159420289855,1.2443227319836807,0.7580296896086369
20,5,466,4.8881159420289855,1.1537823284982347,0.5380824438719174
20,5,467,4.8881159420289855,1.3884519260193655,0.7583732057416268
20,5,468,4.8881159420289855,1.230382523510814,0.8336509489336724
20,5,469,4.8881159420289855,1.3181280862135847,0.8458646616541354
20,5,470,4.8881159420289855,1.2768541651906626,0
20,5,471,4.8881159420289855,1.1712801713746326,0.7579222926426015
20,5,472,4.8881159420289855,1.307785066206789,0.7569467146126185
20,5,473,4.8881159420289855,1.3947603389430718,0.6479024767801858
20,5,474,4.8881159420289855,1.1605526809024984,0.757377547916033
20,5,475,4.8881159420289855,1.212474137089221,0.7713652944241791
20,5,476,4.8881159420289855,1.2194162757096831,0.308394233992625
20,5,477,4.8881159420289855,1.3717368540911974,0
20,5,478,4.8881159420289855,1.3287240745582503,0.8565789473684211
20,5,479,4.8881159420289855,1.541332883857635,0.6066843819646838
20,5,480,4.8881159420289855,1.5413153265276205,0.7579222926426015
20,5,481,4.8881159420289855,1.6250659598970612,0.8654499151103565
20,5,482,4.8881159420289855,1.6949573105651166,0.6126926010678871
20,5,483,4.8881159420289855,1.542527152318061,0.7462087421944692
20,5,484,4.8881159420289855,1.3182347342758804,0
20,5,485,4.8881159420289855,1.3132287218661114,0.7548934319269249
20,5,486,4.899761904761904,1.4083027197779663,0.7708810068649885
20,5,487,4.899761904761904,1.3599782238137168,0
20,5,488,4.899761904761904,1.6621449883490569,0.4582232426704344
20,5,489,4.899761904761904,1.3229880360559734,0.7559636501325255
20,5,490,4.899761904761904,1.2995766445723012,0.7579222926426015
20,5,491,4.899761904761904,1.3175059194176644,0.8565789473684211
20,5,492,4.899761904761904,1.2445241758762642,0.7576330328583891
20,5,493,4.903783783783783,1.5925127309710794,0.21302631578947362
20,5,494,4.903783783783783,1.3861484618944626,0.747546689303905
20,5,495,4.903783783783783,1.476450074405775,0.6396264855687606
20,5,496,4.903783783783783,1.6261994935678963,0.7712137486573578
20,5,497,4.907878787878787,1.3878145030958415,0.7576934138625253
20,5,498,4.907878787878787,1.06600059733136,0
20,5,499,4.907878787878787,1.2307027639085286,0.757976547586583
20,5,500,4.907878787878787,1.3727865536998929,0
20,5,501,4.907878787878787,1.4216657931163235,0
20,5,502,4.907878787878787,1.455756226122749,0
20,5,503,4.907878787878787,1.2011535805524267,0
20,5,504,4.907878787878787,1.1621245879307438,0.7205608912792931
20,5,505,4.907878787878787,1.1662541862114124,0.7709966405375139
20,5,506,4.907878787878787,1.2120443255668087,0
20,5,507,4.907878787878787,1.12225701998166,0
20,5,508,4.907878787878787,1.3571330320317323,0
20,5,509,4.907878787878787,1.2351410676170143,0.7538121003443188
20,5,510,4.907878787878787,1.14402890365737,0
20,5,511,4.907878787878787,1.3007329870359252,0.7590426683993936
20,5,512,4.907878787878787,1.4742459795539653,0.7548934319269249
20,5,513,4.907878787878787,1.307361350507203,0.755157894736842
20,5,514,4.907878787878787,1.086336532125613,0.8538011695906433
20,5,515,4.907878787878787,1.2422382448522864,0.754462242562929
20,5,516,4.907878787878787,1.144375623673651,0
20,5,517,4.907878787878787,1.312150374078438,0.7576934138625253
20,5,518,4.907878787878787,1.232966205200468,0.7532569046378321
20,5,519,4.907878787878787,1.4430154144273715,0.7543083372147183
20,5,520,4.907878787878787,1.3133476473478825,0.7554059567523459
20,5,521,4.907878787878787,1.2314395921135821,0.7552838789888106
20,5,522,4.907878787878787,1.3836033759153374,0.7707602339181285
20,5,523,4.907878787878787,1.4469804009884493,0.7526315789473683
20,5,524,4.907878787878787,1.246290760945328,0.8733822260569457
20,5,525,4.907878787878787,1.3655584832228334,0
20,5,526,4.907878787878787,1.3136843094623665,0.7586735898041068
20,5,527,4.907878787878787,1.291631489890139,0
20,5,528,4.907878787878787,1.3057525274551063,0.1232483048111076
20,5,529,4.907878787878787,1.3857349827780618,0.75
20,5,530,4.907878787878787,1.4770186575505049,0.8649122807017544
20,5,531,4.907878787878787,1.4555526104641945,0
20,5,532,4.907878787878787,1.4580197102304462,0
20,5,533,4.907878787878787,1.5022945062509472,0
20,5,534,4.907878787878787,1.1408442019060687,0
20,5,535,4.907878787878787,1.2424486708889888,0.7716861598440545
20,5,536,4.907878787878787,1.4668508377027454,0.7516636418632789
20,5,537,4.907878787878787,1.2998007270345335,0
20,5,538,4.907878787878787,1.44337331689303,0
20,5,539,4.907878787878787,1.536078021517853,0.7578668894458369
20,5,540,4.907878787878787,1.2258129229108814,0.6579293123319248
20,5,541,4.947696139476961,1.19826347775688,0
20,5,542,4.947696139476961,1.1519046309477485,0.755639097744361
20,5,543,4.947696139476961,1.1452843528608019,0.2884925276153346
20,5,544,4.947696139476961,1.3036395736784383,0
20,5,545,4.947696139476961,1.5498180911616182,0.7543083372147183
20,5,546,4.947696139476961,1.3915719413801226,0.755157894736842
20,5,547,4.947696139476961,1.2787623633802452,0
20,5,548,4.947696139476961,1.321074998921038,0.7720422852001798
20,5,549,4.947696139476961,1.3258028350651392,0.8676900584795322
20,5,550,4.947696139476961,1.6360072899130975,0.8690789473684211
20,5,551,4.947696139476961,1.3739739590525624,0.10863777089783277
20,5,552,4.947696139476961,1.4698698396711694,0.7574436090225565
20,5,553,4.947696139476961,1.3221323087745034,0.7716861598440545
20,5,554,4.947696139476961,1.160063210933362,0.7589384854541419
20,5,555,4.947696139476961,1.3980984731792119,0.7575081772227179
20,5,556,4.947696139476961,1.371528080316479,0
20,5,557,4.947696139476961,1.2200534636365679,0
20,5,558,4.947696139476961,1.2987790029557091,0
20,5,559,4.947696139476961,1.3227063173474618,0.7548934319269249
20,5,560,4.947696139476961,1.225832987262188,0
20,5,561,4.947696139476961,1.3945639271020038,0.7538121003443188
20,5,562,4.947696139476961,1.3176045226855908,0.758463059056091
20,5,563,4.947696139476961,1.2241309322445693,0.7577524893314367
20,5,564,4.947696139476961,1.235848185023647,0.7079557589626239
20,5,565,4.947696139476961,1.0684527905894359,0
20,5,566,4.947696139476961,1.0368363368061364,0
20,5,567,4.947696139476961,1.1689493380258917,0.7721835580687255
20,5,568,4.947696139476961,1.2249396236469487,0
20,5,569,4.947696139476961,1.3311809278835043,0.861578947368421
20,5,570,4.947696139476961,1.4031620801024014,0.7710526315789474
20,5,571,4.947696139476961,1.607042843453234,0.3409907120743033
20,5,572,4.947696139476961,1.3248166443435507,0.7720422852001798
20,5,573,4.947696139476961,1.4022079823123657,0.855263157894737
20,5,574,4.947696139476961,1.3075934533170512,0
20,5,575,4.947696139476961,1.0449064936705854,0
20,5,576,4.947696139476961,1.1379167226893832,0.7005608912792931
20,5,577,4.947696139476961,1.1234648105471752,0
20,5,578,4.947696139476961,1.1476449702767235,0.5609637730690361
20,5,579,4.947696139476961,1.084074599728475,0.7577972709551657
20,5,580,4.947696139476961,1.465257511943202,0.754462242562929
20,5,581,4.947696139476961,1.4723315685250136,0.7528486163863266
20,5,582,4.947696139476961,1.3889233110618002,0.768251273344652
20,5,583,4.947696139476961,1.16238436617407,0.7557504873294347
20,5,584,4.947696139476961,1.3449424384005304,0
20,5,585,4.947696139476961,1.1950590295104349,0
20,5,586,4.947696139476961,1.4407733884217666,0
20,5,587,4.947696139476961,1.2150104977010523,0.2842340926944227
20,5,588,4.947696139476961,1.3833640556605726,0.7692735359525575
20,5,589,4.947696139476961,1.6060562667335947,0.45820056899004274
20,5,590,4.947696139476961,1.6267140656000711,0.8687584345479082
20,5,591,4.947696139476961,1.3953861377988155,0.8260233918128654
20,5,592,4.947696139476961,1.3085450592368821,0.6171929824561404
20,5,593,4.947696139476961,1.071567301303591,0.4672368421052633
20,5,594,4.989756722151088,1.2392172842140077,0.7560656961552819
20,5,595,4.989756722151088,1.2317085665141037,0.7565353781805508
20,5,596,4.989756722151088,1.3951800793768856,0.819078947368421
20,5,597,4.989756722151088,1.3197839387390742,0.6808256701232636
20,5,598,4.989756722151088,1.3187052523254044,0.7577910685805423
20,5,599,4.989756722151088,1.4739762839168322,0.8361244019138756
20,5,600,4.989756722151088,1.3969363470614196,0.754462242562929
20,5,601,4.989756722151088,1.1521802155581384,0.7547545333923042
20,5,602,5.081411126187246,1.4786399604220346,0.754462242562929
20,5,603,5.081411126187246,1.474709140750818,0.744976076555024
20,5,604,5.081411126187246,1.626005162122205,0.687279046673287
20,5,605,5.081411126187246,1.4101007707505613,0.7584586466165413
20,5,606,5.081411126187246,1.304079158007498,0
20,5,607,5.081411126187246,1.8382062538422412,0.7427497314715361
20,5,608,5.081411126187246,1.3837268816777564,0.5294125763847823
20,5,609,5.081411126187246,1.304265509789535,0.7576934138625253
20,5,610,5.081411126187246,1.2338050854094804,0
20,5,611,5.081411126187246,1.0877002025931226,0.6579293123319248
20,5,612,5.081411126187246,1.2413711274206456,0.7409356725146199
20,5,613,5.081411126187246,1.3887430158596812,0.865953947368421
20,5,614,5.081411126187246,1.193799322212323,0.7578668894458369
20,5,615,5.081411126187246,1.2681410386748277,0.7719298245614035
20,5,616,5.081411126187246,1.225981105983806,0
20,5,617,5.081411126187246,1.2586795708338554,0.7712652844231791
20,5,618,5.081411126187246,1.3105930209391659,0.4374398960363872
20,5,619,5.081411126187246,1.1513273725218964,0
20,5,620,5.081411126187246,1.311372996608911,0.278453947368421
20,5,621,5.081411126187246,1.1596211353521968,0.37833219412166774
20,5,622,5.081411126187246,1.3208553878542173,0.7261208576998051
20,5,623,5.081411126187246,1.3410603890110457,0.7345864661654136
20,5,624,5.081411126187246,1.185020224108873,0.8521671826625388
20,5,625,5.081411126187246,1.1804215559216795,0.7721491228070176
20,5,626,5.081411126187246,1.2648936156756887,0.8538011695906433
20,5,627,5.081411126187246,1.601078766935083,0
20,5,628,5.081411126187246,1.6914039635522957,0
20,5,629,5.081411126187246,1.9356963105119076,0.49276969018290395
20,5,630,5.081411126187246,1.6290226474031084,0.47324278438030576
20,5,631,5.081411126187246,1.335222311217387,0.861578947368421
20,5,632,5.081411126187246,1.0933823179574194,0.757377547916033
20,5,633,5.081411126187246,1.0929682953444488,0.7596491228070175
20,5,634,5.081411126187246,1.1942415892691594,0
20,5,635,5.081411126187246,1.3238581481401164,0.8598398169336385
20,5,636,5.081411126187246,1.2254445554932965,0
20,5,637,5.081411126187246,1.3142555766018509,0.7580817526048624
20,5,638,5.081411126187246,1.384654090440788,0
20,5,639,5.081411126187246,1.2805275259000644,0
20,5,640,5.081411126187246,1.3545931422612563,0
20,5,641,5.081411126187246,1.2010902641395484,0
20,5,642,5.081411126187246,1.4812997945705144,0.7581327691087014
20,5,643,5.081411126187246,1.4052406850675867,0.7585067319461445
20,5,644,5.081411126187246,1.4802670138168497,0.7721835580687255
20,5,645,5.081411126187246,1.2532229774403845,0.7547545333923042
20,5,646,5.081411126187246,1.4166724300950653,0.8680654338549076
20,5,647,5.081411126187246,1.3175416710455956,0.3031907894736843
20,5,648,5.081411126187246,1.1577928293063016,0
20,5,649,5.081411126187246,1.3418028268045015,0.8565789473684211
20,5,650,5.081411126187246,1.2652517763165119,0.8598398169336385
20,5,651,5.081411126187246,1.165124200201433,0.07293741109530583
20,5,652,5.081411126187246,1.1858272304083495,0.8588516746411483
20,5,653,5.081411126187246,1.2585066605483133,0.8623481781376519
20,5,654,5.081411126187246,1.095907267330473,0.8268226120857699
20,5,655,5.081411126187246,1.1924065917939826,0.8717750257997936
20,5,656,5.081411126187246,1.2746936266437086,0.8538011695906433
20,5,657,5.081411126187246,1.2711632988398147,0.8637218045112782
20,5,658,5.081411126187246,1.1688090141029215,0.04304781561747495
20,5,659,5.081411126187246,1.2500107966788065,0.16302631578947369
20,5,660,5.081411126187246,1.1669709098352712,0.8577694235588973
20,5,661,5.081411126187246,1.267678011376841,0.7573099415204678
20,5,662,5.081411126187246,1.2644308115709746,0.8699510403916768
20,5,663,5.081411126187246,1.3399224978141495,0.7701429499675112
20,5,664,5.081411126187246,1.5016637403756175,0.8721449851042702
20,5,665,5.081411126187246,1.2528166395218996,0.8637218045112782
20,5,666,5.081411126187246,1.1764921918923796,0.7286751361161525
20,5,667,5.081411126187246,1.0914185673164347,0.7261208576998051
20,5,668,5.081411126187246,1.2516411260822187,0.730899830220713
20,5,669,5.081411126187246,1.1611015696804006,0
20,5,670,5.081411126187246,1.1678525906587167,0.756315789473684
20,5,671,5.081411126187246,1.1685313441714047,0.7675438596491229
20,5,672,5.081411126187246,1.2609111365771246,0.850328947368421
20,5,673,5.081411126187246,1.2579444986934856,0.7418812989921613
20,5,674,5.085581267972067,1.4690198173232798,0
20,5,675,5.085581267972067,1.3187561402043753,0.16281928597718076
20,5,676,5.085581267972067,1.5448171497993308,0
20,5,677,5.085581267972067,1.4178986209702422,0.7418812989921613
20,5,678,5.085581267972067,1.3327312433716962,0.7582317863624579
20,5,679,5.085581267972067,1.1636541139779084,0
20,5,680,5.085581267972067,1.1740055340655666,0.7698222829801777
20,5,681,5.085581267972067,1.1515533184690596,0
20,5,682,5.085581267972067,1.080274940041667,0.744976076555024
20,5,683,5.085581267972067,1.3262405939945987,0.7435500515995872
20,5,684,5.085581267972067,1.3614120622136558,0
20,5,685,5.085581267972067,1.1183072935444422,0
20,5,686,5.085581267972067,1.1861745167243793,0.8643375680580763
20,5,687,5.085581267972067,1.1752892531209524,0.29996300655792835
20,5,688,5.085581267972067,1.1602548648841822,0.7456140350877192
20,5,689,5.085581267972067,1.4212569824767072,0.8588516746411483
20,5,690,5.085581267972067,1.4277588522332483,0.7567062818336163
20,5,691,5.085581267972067,1.4867419202524257,0
20,5,692,5.085581267972067,1.402875137378996,0.5582232426704343
20,5,693,5.085581267972067,1.4118602877200415,0.855263157894737
20,5,694,5.085581267972067,1.2432274334902427,0.8521671826625388
20,5,695,5.085581267972067,1.0305423006993146,0
20,5,696,5.085581267972067,1.1409191948945634,0
20,5,697,5.085581267972067,1.307111008828675,0.6980075187969925
20,5,698,5.085581267972067,1.2747491732099403,0
20,5,699,5.085581267972067,1.243395066711718,0.1428675136116152
20,5,700,5.085581267972067,1.2518729465347358,0.7328548644338118
20,5,701,5.085581267972067,1.1833452881411262,0.850328947368421
20,5,702,5.085581267972067,1.1781871868855192,0.8577694235588973
20,5,703,5.085581267972067,1.1548729361350427,0
20,5,704,5.085581267972067,1.141191120450248,0
20,5,705,5.085581267972067,1.0951052593079793,0.738767650834403
20,5,706,5.085581267972067,1.399639005341711,0.7580817526048624
20,5,707,5.085581267972067,1.2474292410457215,0.7375168690958165
20,5,708,5.085581267972067,1.3180322454694966,0.7546108861898335
20,5,709,5.085581267972067,1.2862999620567033,0
20,5,710,5.085581267972067,1.411029053998071,0.7435500515995872
20,5,711,5.085581267972067,1.2404418353241953,0
20,5,712,5.085581267972067,1.1421967965419129,0
20,5,713,5.085581267972067,1.1667546149708379,0.3408992680376438
20,5,714,5.085581267972067,1.18608368323755,0.7547545333923042
20,5,715,5.085581267972067,1.3340375164151244,0.30789805744645526
20,5,716,5.085581267972067,1.4818504152684902,0
20,5,717,5.085581267972067,1.7134845251933972,0.6579024767801858
20,5,718,5.085581267972067,1.478900255329905,0
20,5,719,5.085581267972067,1.4954766907913506,0.806833222296247
20,5,720,5.085581267972067,1.6409102098096648,0.8154462242562928
20,5,721,5.085581267972067,1.4509312877305394,0
20,5,722,5.085581267972067,1.3164339124702833,0
20,5,723,5.085581267972067,1.173092733027374,0.5679818250662627
20,5,724,5.085581267972067,1.5404085127363165,0.08121651433974153
20,5,725,5.085581267972067,1.5670058557421553,0.3279818250662627
20,5,726,5.085581267972067,1.0708237577303836,0.12112410656270312
20,5,727,5.085581267972067,1.2557156521949573,0.7473416592328278
20,5,728,5.085581267972067,1.1705282552073601,0.7498245614035088
20,5,729,5.085581267972067,1.2605664904149472,0.7513931888544891
20,5,730,5.085581267972067,1.2023212178069012,0
20,5,731,5.085581267972067,1.3270369537655677,0.6875789473684211
20,5,732,5.085581267972067,1.255249001310054,0.7494592645998557
20,5,733,5.085581267972067,1.334147019491719,0.7587526083932299
20,5,734,5.085581267972067,1.2453853848963012,0.7579222926426015
20,5,735,5.085581267972067,1.1785395069663525,0.8588516746411483
20,5,736,5.085581267972067,1.1641006393995297,0
20,5,737,5.085581267972067,1.0855402218149968,0
20,5,738,5.085581267972067,1.0999354153324297,0.4131106612685559
20,5,739,5.085581267972067,1.359826829982404,0.7554824561403508
20,5,740,5.085581267972067,1.4183379903426039,0.7726926010678872
20,5,741,5.085581267972067,1.2878870797427597,0
20,5,742,5.085581267972067,1.3226980959003614,0.7261208576998051
20,5,743,5.085581267972067,1.2510747872798107,0.7687400318979267
20,5,744,5.085581267972067,1.1517563530015904,0
20,5,745,5.085581267972067,1.2222255774743114,0
20,5,746,5.085581267972067,1.228524967829668,0.6128192859771807
20,5,747,5.085581267972067,1.3529801321406625,0
20,5,748,5.085581267972067,1.3960012763104452,0.678032848077641
20,5,749,5.085581267972067,1.331838485608288,0.1275851393188855
20,5,750,5.085581267972067,1.270512638734997,0.8607456140350878
20,5,751,5.085581267972067,1.2540290802789271,0.616954887218045
20,5,752,5.085581267972067,1.233929097964487,0
20,5,753,5.085581267972067,1.3055088171675584,0
20,5,754,5.085581267972067,1.4844379648842325,0.8649122807017544
20,5,755,5.085581267972067,1.4181200803289267,0.8654499151103565
20,5,756,5.085581267972067,1.4753420783575188,0.8598398169336385
20,5,757,5.085581267972067,1.3557676776809005,0
20,5,758,5.085581267972067,1.3814757396399389,0
20,5,759,5.085581267972067,1.5387849054040734,0
20,5,760,5.085581267972067,1.4081178127458358,0.7722174288179464
20,5,761,5.085581267972067,1.3253436171546977,0.727279046673287
20,5,762,5.085581267972067,1.4895118281176396,0.855263157894737
20,5,763,5.085581267972067,1.4172144540564116,0.8654499151103565
20,5,764,5.085581267972067,1.4083102593250336,0.8598398169336385
20,5,765,5.085581267972067,1.5308421056736279,0.20302631578947372
20,5,766,5.085581267972067,1.3905127919840305,0
20,5,767,5.135638673253352,1.4032222662459493,0
20,5,768,5.135638673253352,1.2513540168199166,0.7328548644338118
20,5,769,5.135638673253352,1.2720904155979058,0.8630604288499026
20,5,770,5.135638673253352,1.4989443814162715,0.8643375680580763
20,5,771,5.135638673253352,1.246507379252415,0.8623481781376519
20,5,772,5.135638673253352,1.4059423145437637,0.8654499151103565
20,5,773,5.135638673253352,1.0463656524485652,0
20,5,774,5.135638673253352,1.1713148062655214,0.8101503759398496
20,5,775,5.135638673253352,1.21373574995348,0
20,5,776,5.135638673253352,1.245334465141044,0.5228911319394376
20,5,777,5.135638673253352,1.2337102215550235,0
20,5,778,5.135638673253352,1.4073930126795597,0
20,5,779,5.135638673253352,1.3188822088685945,0
20,5,780,5.135638673253352,1.3502779257865591,0.8521671826625388
20,5,781,5.135638673253352,1.3502279195960198,0.8693838254172015
20,5,782,5.135638673253352,1.1011810553638315,0.8607456140350878
20,5,783,5.188874326489006,1.3222725556221127,0.14011838105903063
20,5,784,5.188874326489006,1.4742600583914613,0
20,5,785,5.188874326489006,1.6397857147844734,0.7361308677098153
20,5,786,5.188874326489006,1.4850545377240092,0.8649122807017544
20,5,787,5.188874326489006,1.3000018060816527,0
20,5,788,5.188874326489006,1.4255384660228752,0.8668730650154799
20,5,789,5.188874326489006,1.1919345507356354,0.7582317863624579
20,5,790,5.188874326489006,1.1328779622790024,0
20,5,791,5.188874326489006,1.0925457811244272,0
20,5,792,5.188874326489006,1.132884235933302,0
20,5,793,5.188874326489006,1.1914294110181272,0.8623481781376519
20,5,794,5.188874326489006,1.3092635233033822,0.7571698707847463
20,5,795,5.188874326489006,1.2414453256412252,0
20,5,796,5.188874326489006,1.2894398066467088,0
20,5,797,5.188874326489006,1.4971296439386972,0.5127186671715258
20,5,798,5.188874326489006,1.4239320399853699,0.8598398169336385
20,5,799,5.188874326489006,1.4731857443924679,0
20,5,800,5.188874326489006,1.6084676443755428,0
20,5,801,5.188874326489006,1.4673832850149386,0
20,5,802,5.188874326489006,1.4073528602735264,0.051198478123018254
20,5,803,5.188874326489006,1.5001941267532106,0.7077029783761729
20,5,804,5.188874326489006,1.3716068346087633,0
20,5,805,5.188874326489006,1.3004969290826938,0
20,5,806,5.188874326489006,1.2168292914289638,0
20,5,807,5.188874326489006,1.4928591721298037,0
20,5,808,5.188874326489006,1.087083296090259,0.0501905356863972
20,5,809,5.188874326489006,1.4152081223043103,0
20,5,810,5.188874326489006,1.1258719239360062,0
20,5,811,5.188874326489006,1.3922564688194723,0
20,5,812,5.188874326489006,1.3145447188113897,0
20,5,813,5.188874326489006,1.3766639386904587,0.3496243258322484
20,5,814,5.188874326489006,1.294030375605387,0
20,5,815,5.188874326489006,1.3282704239984486,0.26302631578947366
20,5,816,5.188874326489006,1.0888723860787406,0
20,5,817,5.188874326489006,1.467048850902994,0.8577694235588973
20,5,818,5.188874326489006,1.3592828038617386,0.8742260061919505
20,5,819,5.188874326489006,1.3771027457739473,0
20,5,820,5.188874326489006,1.3022269004783404,0
20,5,821,5.188874326489006,1.313441152172134,0
20,5,822,5.188874326489006,1.2514870316238562,0.06745883112689699
20,5,823,5.188874326489006,1.2203171675142603,0.18981341313149114
20,5,824,5.188874326489006,1.3736158693877976,0
20,5,825,5.188874326489006,1.2327480976784713,0
20,5,826,5.188874326489006,1.2939036848714036,0.09306903622693075
20,5,827,5.193121693121693,1.5633123645229066,0.19758513931888544
20,5,828,5.193121693121693,1.1714618520637838,0.8577694235588973
20,5,829,5.193121693121693,1.3506835631907645,0.6379293123319247
20,5,830,5.193121693121693,1.3411668161072416,0
20,5,831,5.193121693121693,1.220690780001272,0
20,5,832,5.193121693121693,1.0939009699786229,0.573047815617475
20,5,833,5.193121693121693,1.1668842414126548,0.7409356725146199
20,5,834,5.193121693121693,1.1696608932085306,0
20,5,835,5.193121693121693,1.213914533891237,0
20,5,836,5.193121693121693,1.2556782984962807,0.7716428922774226
20,5,837,5.193121693121693,1.16783265295343,0.05310150375939848
20,5,838,5.193121693121693,1.106827127140889,0
20,5,839,5.193121693121693,1.495711758657315,0
20,5,840,5.193121693121693,1.3527530784489188,0
20,5,841,5.193121693121693,1.5952332657654875,0.7559636501325255
20,5,842,5.193121693121693,1.6739895527769326,0
20,5,843,5.193121693121693,1.7800216010477066,0.8058119231728611
20,5,844,5.193121693121693,1.3517207710990207,0.7554059567523459
20,5,845,5.193121693121693,1.2702100451947982,0.7345864661654136
20,5,846,5.193121693121693,1.0944307310042252,0.023506800709639286
20,5,847,5.193121693121693,1.0603003238600697,0
20,5,848,5.193121693121693,1.164931053334994,0
20,5,849,5.193121693121693,1.1631853966088512,0
20,5,850,5.193121693121693,1.2857619804288,0.8598398169336385
20,5,851,5.193121693121693,1.2797725008512264,0.7418812989921613
20,5,852,5.193121693121693,1.3355675131598435,0
20,5,853,5.193121693121693,1.1859188630262323,0.36813067150635215
20,5,854,5.193121693121693,1.368081562921354,0.7591093117408907
20,5,855,5.193121693121693,1.1783117615113339,0
20,5,856,5.193121693121693,1.1933553658824598,0.33776215347529126
20,5,857,5.193121693121693,1.344337457337192,0
20,5,858,5.193121693121693,1.385727591385604,0
20,5,859,5.193121693121693,1.5465088479009648,0
20,5,860,5.193121693121693,1.4611229506425596,0
20,5,861,5.193121693121693,1.7162689042037826,0
20,5,862,5.193121693121693,1.302601796627504,0
20,5,863,5.193121693121693,1.4132929234376888,0
20,5,864,5.193121693121693,1.4305787401550214,0.757571302558071
20,5,865,5.193121693121693,1.3762583272492726,0
20,5,866,5.193121693121693,1.479207558330465,0
20,5,867,5.193121693121693,1.7342661676318714,0.5178476040848391
20,5,868,5.193121693121693,1.617976837742195,0.747578947368421
20,5,869,5.193121693121693,1.8066795335719572,0.8709406494960807
20,5,870,5.193121693121693,1.638515945804946,0.8623481781376519
20,5,871,5.193121693121693,1.7765285405174422,0
20,5,872,5.193121693121693,1.5796841777814463,0
20,5,873,5.193121693121693,1.511816596208461,0.8649122807017544
20,5,874,5.193121693121693,1.1566766625596654,0
20,5,875,5.193121693121693,1.4026490820977526,0.4277523015459439
20,5,876,5.193121693121693,1.1524876078999757,0
20,5,877,5.193121693121693,1.1473506007820184,0
20,5,878,5.193121693121693,1.0862341265785171,0
20,5,879,5.193121693121693,1.002375316075045,0
20,5,880,5.193121693121693,1.1692829017555635,0.7328548644338118
20,5,881,5.193121693121693,1.3468829054717162,0.8654499151103565
20,5,882,5.193121693121693,1.2342955746362407,0
20,5,883,5.193121693121693,1.471481781546336,0
20,5,884,5.193121693121693,1.1729996277030232,0
20,5,885,5.193121693121693,1.0727799265879596,0
20,5,886,5.193121693121693,1.2696503731800748,0.756315789473684
20,5,887,5.193121693121693,1.2503339584194728,0
20,5,888,5.193121693121693,1.1717539148391227,0
20,5,889,5.193121693121693,1.1263828476934115,0
20,5,890,5.193121693121693,1.3568076275468908,0.7711074561403508
20,5,891,5.193121693121693,1.1796794062647145,0.7593556133680208
20,5,892,5.193121693121693,1.1990058695935237,0
20,5,893,5.193121693121693,1.2615547875634754,0
20,5,894,5.193121693121693,1.2244920929403926,0
20,5,895,5.193121693121693,1.413469171191373,0.7578668894458369
20,5,896,5.193121693121693,1.656702542182866,0
20,5,897,5.193121693121693,1.3898884778881422,0
20,5,898,5.193121693121693,1.7100870652122748,0
20,5,899,5.193121693121693,1.5899102134018606,0
20,5,900,5.193121693121693,1.3047525492697372,0
20,5,901,5.193121693121693,1.195601858494482,0
20,5,902,5.193121693121693,1.3057539238510274,0
20,5,903,5.193121693121693,1.3167610344536467,0
20,5,904,5.193121693121693,1.1057027952349539,0.707672697368421
20,5,905,5.193121693121693,1.123394943063315,0
20,5,906,5.193121693121693,1.1350635567070009,0
20,5,907,5.193121693121693,1.126921160562961,0
20,5,908,5.193121693121693,1.3071680936120347,0.11847335730630926
20,5,909,5.193121693121693,1.1489521963993017,0
20,5,910,5.193121693121693,1.1073728744275646,0
20,5,911,5.193121693121693,1.0888626464636522,0.7593556133680208
20,5,912,5.193121693121693,1.233392158928343,0
20,5,913,5.193121693121693,1.1242395912644618,0
20,5,914,5.193121693121693,1.2052803650443031,0
20,5,915,5.193121693121693,1.147284492248564,0
20,5,916,5.193121693121693,1.140957801466137,0
20,5,917,5.193121693121693,1.2274693959232383,0.7582317863624579
20,5,918,5.193121693121693,1.0486319351732158,0
20,5,919,5.193121693121693,1.0260426862857637,0
20,5,920,5.193121693121693,1.4141405061908996,0
20,5,921,5.193121693121693,1.1488577973282599,0.1082676890902754
20,5,922,5.249848208864602,1.317470435398934,0
20,5,923,5.249848208864602,1.3740570267216088,0
20,5,924,5.249848208864602,1.4866950971312596,0
20,5,925,5.249848208864602,1.4310682966879644,0.8260233918128654
20,5,926,5.249848208864602,1.2468741332861402,0.4937218045112783
20,5,927,5.249848208864602,1.3114818637732983,0
20,5,928,5.249848208864602,1.2630138596477827,0.8571615809952897
20,5,929,5.249848208864602,1.403932095861214,0
20,5,930,5.249848208864602,1.3460979499492394,0.8676900584795322
20,5,931,5.249848208864602,1.1375275640307554,0
20,5,932,5.249848208864602,1.027812530422729,0
20,5,933,5.249848208864602,1.229036082974267,0.7661117078410311
20,5,934,5.249848208864602,1.0707016402106142,0
20,5,935,5.249848208864602,1.3304175268812974,0
20,5,936,5.249848208864602,1.195285855276726,0.8588516746411483
20,5,937,5.249848208864602,1.1654880743111236,0
20,5,938,5.249848208864602,1.306422296244388,0
20,5,939,5.249848208864602,1.1575465611245281,0
20,5,940,5.249848208864602,1.1862186303111297,0.8521671826625388
20,5,941,5.249848208864602,1.1061221679550335,0.7587910825097679
20,5,942,5.249848208864602,1.0998545838882965,0.8588516746411483
20,5,943,5.249848208864602,1.075315480813272,0
20,5,944,5.249848208864602,1.276707706253928,0.8458646616541354
20,5,945,5.249848208864602,1.1637676153347716,0
20,5,946,5.249848208864602,1.3684977879374538,0.8693838254172015
20,5,947,5.249848208864602,1.328043094190781,0.8607456140350878
20,5,948,5.249848208864602,1.316564546786501,0.17815428983417458
20,5,949,5.249848208864602,1.1347421164729188,0
20,5,950,5.249848208864602,1.1655210141742458,0
20,5,951,5.249848208864602,1.09021363911633,0
20,5,952,5.249848208864602,1.4016063075710905,0
20,5,953,5.249848208864602,1.402152054622182,0
20,5,954,5.249848208864602,1.312406399871158,0
20,5,955,5.249848208864602,1.3342614910350659,0.7075139067180146
20,5,956,5.249848208864602,1.32750999486811,0
20,5,957,5.249848208864602,1.3417162957832267,0.8623481781376519
20,5,958,5.249848208864602,1.3483453078177765,0.8711622807017545
20,5,959,5.249848208864602,1.3515633001071645,0.8538011695906433
20,5,960,5.249848208864602,1.1761511611494553,0.46792931233192475
20,5,961,5.249848208864602,1.0960414054495877,0.6579024767801858
20,5,962,5.249848208864602,1.1740989374311601,0
20,5,963,5.249848208864602,1.1780296500487228,0
20,5,964,5.249848208864602,1.3331587092703134,0
20,5,965,5.249848208864602,1.389986194594197,0.011025812939993274
20,5,966,5.249848208864602,1.339902727716489,0.8521671826625388
20,5,967,5.249848208864602,1.4392341191683935,0.850328947368421
20,5,968,5.249848208864602,1.5839368186037126,0.12837381916329282
20,5,969,5.249848208864602,1.108013459489513,0.8598398169336385
20,5,970,5.249848208864602,1.414614724369191,0
20,5,971,5.249848208864602,1.2352963553453296,0
20,5,972,5.249848208864602,1.235935675805893,0
20,5,973,5.249848208864602,1.4283449477568584,0.4776856282119439
20,5,974,5.249848208864602,1.0636866060266863,0.4577953025887193
20,5,975,5.249848208864602,1.1725175683780673,0.7699055330634277
20,5,976,5.249848208864602,1.1841521162648925,0.8260233918128654
20,5,977,5.249848208864602,1.24291510648922,0.8521671826625388
20,5,978,5.249848208864602,1.112491010757591,0
20,5,979,5.249848208864602,1.1315543494376705,0
20,5,980,5.249848208864602,1.1370593425102762,0
20,5,981,5.249848208864602,1.1227463073315649,0
20,5,982,5.249848208864602,1.414499630617595,0.4478752436647175
20,5,983,5.249848208864602,1.1813459679108602,0.8260233918128654
20,5,984,5.249848208864602,1.069735012396369,0
20,5,985,5.249848208864602,1.0715686191692406,0
20,5,986,5.249848208864602,1.0759301994403625,0
20,5,987,5.249848208864602,1.112877171855032,0.8399122807017545
20,5,988,5.249848208864602,1.176090559544143,0
20,5,989,5.249848208864602,1.188092714864155,0.7587134502923978
20,5,990,5.249848208864602,1.1874795665749682,0.7456140350877192
20,5,991,5.249848208864602,1.1800091415357434,0.18342422320862373
20,5,992,5.249848208864602,1.1760339451883468,0
20,5,993,5.249848208864602,1.3594549704144308,0.756446485340869
20,5,994,5.249848208864602,1.2416248203543774,0
20,5,995,5.249848208864602,1.1806726725789642,0.5574939127177373
20,5,996,5.249848208864602,1.0199114280472594,0
20,5,997,5.249848208864602,1.2657092360226374,0
20,5,998,5.249848208864602,1.1800987014653892,0.5077910685805423
20,5,999,5.249848208864602,1.5005303101950067,0.7611642743221689
20,5,1000,5.249848208864602,1.1690834599577415,0.5081067251461989
20,5,1001,5.249848208864602,1.4990667682205092,0